id_cliente,nombre,tipo,segmento,ciudad,pais,email,fecha_alta,edad
C30000,Monica Rivas,Persona,Regular,Bilbao,España,epartida@example.com,2021-06-06,26.0
C30001,Sandra Villamil,Anónimo,Anónimo,Chicago,Estados Unidos,,2023-06-07,
C30002,Caridad Cadenas Gras,Persona,Friends Plus,Bogotá,Colombia,carolynnewman@example.com,2025-03-30,28.0
C30003,Nancy Ochoa,Persona,Regular,Querétaro,México,esther32@example.net,2020-04-26,25.0
C30004,Cesar Teobaldo Ros Casares,Anónimo,Anónimo,Boston,Estados Unidos,,2023-03-11,
C30005,Lisa Rojas,Persona,Regular,Sevilla,España,daniela38@example.net,2025-03-23,55.0
C30006,Julia Sotelo Garay,Persona,Friends Plus,Austin,Estados Unidos,ysilva@example.net,2022-01-28,56.0
C30007,Patrick Savage,Persona,Regular,Cali,Colombia,fernandarincon@example.com,2021-05-03,37.0
C30008,"Lopez, Johnson and Miller",Empresa,Corporativo,BOGOTÁ,Colombia,rojaspaola@romero.com,2021-12-31,34.0
C30009,Sr. Bernardo Barraza,Persona,Regular,Valencia,España,florenciapedraza@example.org,2021-08-15,50.0
C30010,Christopher Miller,Persona,Regular,Querétaro,México,vicentesolano@example.org,2021-02-10,63.0
C30011,Nubia Salazar,Persona,Friends Plus,Mendoza,Argentina,czapata@example.com,2020-11-02,40.0
C30012,Juan Bedoya Muñoz,Anónimo,Anónimo,Barcelona,España,,2023-08-12,
C30013,Angarita-Rodríguez,Empresa,Corporativo,Valencia,España,juan61@promociones.com,2022-09-18,34.0
C30014,Sharon Collins,Persona,Regular,Guadalajara,México,cisern@example.net,2024-06-26,31.0
C30015,Oscar Booth,Anónimo,Anónimo,Sevilla,España,,2025-01-08,
C30016,Robert Parker,Persona,Regular,Cancún,México,francisco93@example.org,2025-02-09,32.0
C30017,Sandra Casillas Miramontes,Persona,Regular,Boston,Estados Unidos,msalazar@example.com,2023-03-03,44.0
C30018,Jodi Nguyen,Persona,Regular,San Francisco,Estados Unidos,alexis56@example.net,2022-02-19,49.0
C30019,Jason Williams,Persona,Regular,Querétaro,México,andres80@example.org,2023-09-03,44.0
C30020,Frida Wendolin Hinojosa,Persona,Regular,Mérida,México,marinagarcia@example.org,2023-02-14,42.0
C30021,Lonnie Black,Persona,Regular,Barranquilla,Colombia,carmen63@example.org,2020-11-21,49.0
C30022,José Mendoza Palacio,Persona,Regular,Bogotá,Colombia,maribel58@example.net,2021-08-13,43.0
C30023,Jesús Ortiz Granados,Anónimo,Anónimo,San Francisco,Estados Unidos,,2025-02-27,
C30024,Andrea Sheppard,Persona,Friends Plus,Sevilla,España,oalexander@example.org,2022-06-12,45.0
C30025,Fernanda Ortiz Mena,Anónimo,Anónimo,Los Ángeles,Estados Unidos,,2021-09-30,
C30026,Ignacio Aldo Candelaria Espinoza,Persona,Regular,Guadalajara,México,zjones@example.org,2023-02-14,25.0
C30027,Jaime Ramírez,Persona,Regular, Cali,Colombia,madrigalmarcela@example.net,2024-08-15,45.0
C30028,Cristina Carolina Páez Hernández,Anónimo,Anónimo,Los Ángeles,Estados Unidos,,2021-08-26,
C30029,Julio Gilberto Villalobos,Persona,Friends Plus,Córdoba,Argentina,james25@example.com,2025-01-23,22.0
C30030,Eloísa Rosalva Avilés Ochoa,Persona,Regular,Querétaro,México,ainoa04@example.org,2023-11-12,64.0
C30031,Tiffany Reeves,Anónimo,Anónimo,Medellín ,Colombia,,2022-08-11,
C30032,Gerson Pinto,Anónimo,Anónimo,Miami,Estados Unidos,,2024-01-27,
C30033,Ing. Cristobal Arreola,Persona,Regular,Cali,Colombia,alfonso13@example.net,2024-08-05,31.0
C30034,Emma Ramírez,Anónimo,Anónimo,Cancún,México,,2020-10-18,
C30035,Soliz y Patiño e Hijos,Empresa,Corporativo,Austin,Estados Unidos,benitomuniz@saenz.com,2021-09-19,45.0
C30036,Salma Sosa,Persona,Regular,Austin,Estados Unidos,wterrazas@example.org,2023-09-08,56.0
C30037,Amy George,Persona,Regular,Sevilla,España,mikaylakennedy@example.org,2021-01-13,56.0
C30038,Germán Manuel Garza,Persona,Regular,Madrid,España,ignacio70@example.org,2024-06-26,54.0
C30039,James Lang,Persona,Regular,Barranquilla,Colombia,judithmata@example.org,2023-08-31,24.0
C30040,Luisa Noelia Preciado,Anónimo,Anónimo,Ciudad de México,México,,2020-10-04,
C30041,Jacob Lewis,Persona,Regular,Cartagena,Colombia,kelsey35@example.net,2021-08-27,30.0
C30042,Aurelio Maximiliano del Valle Garay,Anónimo,Anónimo,Chicago,Estados Unidos,,2022-08-17,
C30043,Jesse Dougherty,Anónimo,Anónimo,Mendoza,Argentina,,2020-10-12,
C30044,Wilmer Castaño,Persona,Regular,Buenos Aires,Argentina,ontiveroslinda@example.net,2022-09-03,28.0
C30045,Wilson Ltd,Empresa,Corporativo, Barranquilla,Colombia,bacaliliana@grupo.com,2022-04-04,21.0
C30046,Horacio de la Rosa Valles,Persona,Regular,Austin ,Estados Unidos,dleiva@example.net,2024-09-03,23.0
C30047,Samu Larrea-Puga,Persona,Regular,Barranquilla,Colombia,saralopez@example.com,2024-10-01,25.0
C30048,María Loaiza,Persona,Friends Plus,Chicago,Estados Unidos,fernando00@example.com,2020-02-24,21.0
C30049,Brayan Alberto Arenas Sánchez,Persona,Regular,BILBAO,España,antonioperea@example.com,2021-09-11,47.0
C30050,Cristian Mora,Persona,Friends Plus,Guadalajara ,México,mosleytammy@example.com,2020-11-22,29.0
C30051,Elvia Isabel Botello,Persona,Regular,Nueva York,Estados Unidos,diazesther@example.org,2020-06-03,41.0
C30052,Felix Acosta Aguilar,Persona,Regular,Querétaro,México,catalinaestrada@example.com,2023-08-31,64.0
C30053,Terry Thompson,Anónimo,Anónimo,Miami,Estados Unidos,,2020-05-19,
C30054,Laura Gómez Rueda,Persona,Regular,Seattle,Estados Unidos,bsanchez@example.com,2025-02-18,53.0
C30055,Olimpia Doménech-Frías,Persona,Friends Plus,Bogotá,Colombia,elenamartinez@example.org,2020-11-09,33.0
C30056,Richardson Inc,Empresa,Corporativo,Mérida,México,manzanoamaya@hnos.es,2024-08-19,54.0
C30057,Manuel Ortega Godínez,Persona,Regular,Ciudad de México,México,ortegaivonne@example.com,2022-09-10,27.0
C30058,Joshua Davis,Persona,Regular,Sevilla,España,resendezjavier@example.com,2021-11-27,22.0
C30059,Christian Cain,Anónimo,Anónimo,Barcelona,España,,2025-03-15,
C30060,Juan Luis Cañete Menéndez,Anónimo,Anónimo,Chicago,Estados Unidos,,2025-05-15,
C30061,Raúl Mariscal Cerdán,Persona,Regular,Cartagena,Colombia,adrienneduffy@example.net,2025-01-19,34.0
C30062,Juan Balderas Casares,Persona,Regular,Mendoza,Argentina,evanslawrence@example.com,2020-11-22,20.0
C30063,Reinaldo de Novoa,Persona,Friends Plus,Guadalajara,México,vpastor@example.com,2024-01-02,51.0
C30064,Gertrudis Aparicio Vidal,Persona,Regular, Chicago,Estados Unidos,quevedoeusebia@example.org,2020-10-18,39.0
C30065,Fabiola Querol,Persona,Regular, Seattle,Estados Unidos,kgomez@example.org,2024-08-16,36.0
C30066,Melissa Long DVM,Persona,Regular,Rosario,Argentina,ismael27@example.com,2022-09-16,19.0
C30067,Antonio Ferrer Nájera,Anónimo,Anónimo,Austin,Estados Unidos,,2020-06-11,
C30068,Juan Rangel Ramos,Persona,Regular, Guadalajara,México,pgarcia@example.org,2022-04-19,54.0
C30069,Maxi del Belmonte,Persona,Regular,Mendoza,Argentina,angela09@example.net,2024-08-21,19.0
C30070,Cecilia Sandra Giraldo,Anónimo,Anónimo,Boston,Estados Unidos,,2021-08-27,
C30071,Díaz Inc,Empresa,Corporativo,Austin,Estados Unidos,pablopurificacion@alimentacion.com,2022-04-26,21.0
C30072,Consultoría Viana & Asociados S.C.P,Empresa,Corporativo,Barranquilla,Colombia,edwinarroyo@daza-martinez.com,2021-02-14,21.0
C30073,Andrea Ibarra Narváez,Persona,Friends Plus,Ciudad de México,México,tracylam@example.net,2024-02-17,62.0
C30074,Micheal Ward,Persona,Regular,Buenos Aires,Argentina,pia68@example.net,2022-06-10,27.0
C30075,Buenaventura Salvador-Ros,Persona,Regular,Cartagena,Colombia,cortezpilar@example.net,2022-08-22,23.0
C30076,Leonor Laura Arenas Leal,Persona,Regular,BOSTON,Estados Unidos,walkerjeremy@example.net,2023-01-28,19.0
C30077,Linares S. R.L. de C.V.,Empresa,Corporativo,SAN FRANCISCO,Estados Unidos,stacy09@williams-simmons.com,2021-09-23,33.0
C30078,Sarah Guzman,Anónimo,Anónimo,Los Ángeles,Estados Unidos,,2024-08-16,
C30079,Adam Sherman,Persona,Regular,Guadalajara,México,jonathan69@example.com,2022-01-28,60.0
C30080,Erik Ryan,Persona,Regular,Cancún,México,rporcel@example.org,2022-11-19,38.0
C30081,Terri Gomez,Persona,Regular,Cali,Colombia,amy78@example.net,2020-05-18,58.0
C30082,Irene Donoso-Escrivá,Persona,Friends Plus,Cartagena,Colombia,vpena@example.org,2020-10-01,44.0
C30083,María Jaramillo,Persona,Friends Plus,Cancún,México,bcaldwell@example.org,2021-06-03,43.0
C30084,José Andrés Cáceres Salazar,Persona,Regular,Mendoza,Argentina,mateo27@example.net,2020-06-08,21.0
C30085,Roberta Hill,Persona,Regular,Valencia,España,cristianrobles@example.com,2023-08-13,25.0
C30086,Christopher Clark,Persona,Regular,Seattle,Estados Unidos,cleach@example.net,2020-09-20,41.0
C30087,José Manuél Flavio Longoria,Persona,Regular,Querétaro,México,qzayas@example.com,2021-02-18,50.0
C30088,Antonio Renato Villareal Velásquez,Persona,Regular,Medellín,Colombia,marinagarcia@example.net,2023-05-15,18.0
C30089,"Moore, Humphrey and Owens",Empresa,Corporativo,Ciudad de México,México,andresburgos@perez.com,2020-10-09,52.0
C30090,Cristian Niño Cornejo,Persona,Friends Plus,Ciudad de México,México,tudelamacario@example.org,2023-04-12,63.0
C30091,Ofelia Martha Esparza Rodarte,Anónimo,Anónimo,Barcelona,España,,2024-02-23,
C30092,Gabriel Jordan,Persona,Friends Plus,Chicago,Estados Unidos,qlara@example.com,2020-08-07,18.0
C30093,Eduardo Quiroga,Persona,Regular,Barranquilla,Colombia,kapodaca@example.com,2025-05-23,58.0
C30094,Amanda Amaya Reynoso,Persona,Regular,Austin,Estados Unidos,gabriel48@example.org,2020-12-12,41.0
C30095,Amílcar del Romero,Anónimo,Anónimo,Córdoba,Argentina,,2022-03-12,
C30096,Yésica Rocío Rentería León,Persona,Friends Plus,Los Ángeles,Estados Unidos,ellisonalexis@example.org,2024-11-23,24.0
C30097,Ing. Jacinto Ochoa,Persona,Friends Plus,San Francisco,Estados Unidos,sandra57@example.com,2025-04-04,45.0
C30098,Amador Duarte Ortega,Persona,Regular,Buenos Aires,Argentina,de-andatania@example.org,2022-05-30,26.0
C30099,Augusto Luna,Persona,Friends Plus,Miami,Estados Unidos,amaliagrau@example.org,2024-10-25,42.0
C30100,Sarah Davis,Persona,Friends Plus,Querétaro,México,horacio47@example.com,2024-04-28,37.0
C30101,Dario Federico Sierra,Persona,Friends Plus,Seattle,Estados Unidos,michael56@example.net,2022-10-16,23.0
C30102,Elena del Royo,Persona,Friends Plus,Medellín,Colombia,qrueda@example.org,2023-05-24,18.0
C30103,Rosa Rosalba Rodríguez Orozco,Anónimo,Anónimo,Boston,Estados Unidos,,2021-05-04,
C30104,Maria Fernandez,Persona,Friends Plus,Cartagena ,Colombia,alexander31@example.com,2022-04-29,22.0
C30105,Hnos Llanos S.Coop.,Empresa,Corporativo,Bilbao,España,ylee@stone.net,2022-08-15,39.0
C30106,Ramiro Marcos Barreto,Persona,Friends Plus,Sevilla,España,artemio69@example.net,2023-08-07,61.0
C30107,Elpidio Fabra Paniagua,Persona,Friends Plus,Barcelona,España,gcarranza@example.org,2022-12-23,19.0
C30108,Brian Crawford,Persona,Regular,Seattle,Estados Unidos,spabon@example.org,2021-03-31,22.0
C30109,Tatiana Ortiz Quintero,Persona,Regular,Cali,Colombia,cortezyuridia@example.com,2025-03-25,59.0
C30110,Sandra Gray,Persona,Regular,Bilbao ,España,ashley96@example.net,2024-03-02,20.0
C30111,Stephanie Cooper,Persona,Regular,Guadalajara,México,robert05@example.com,2024-07-02,39.0
C30112,Torres y Barral S.Coop.,Empresa,Corporativo,Barranquilla,Colombia,jacob62@waters-suarez.info,2024-02-28,44.0
C30113,Meyer-Velazquez,Empresa,Corporativo,Nueva York,Estados Unidos,bobby32@jones.info,2021-03-04,50.0
C30114,Castañeda Group,Empresa,Corporativo,Barranquilla,Colombia,marroquinlucia@roldan.info,2024-04-23,61.0
C30115,Ing. Nicolás Villa,Persona,Friends Plus, Austin,Estados Unidos,gonzalezgilberto@example.com,2025-03-14,55.0
C30116,Celestina Checa,Persona,Regular,Medellín,Colombia,bestmonica@example.com,2021-01-20,55.0
C30117,Jaime Casares,Persona,Regular,Monterrey,México,carlos78@example.com,2023-06-09,43.0
C30118,Dr. Michael Torres,Persona,Friends Plus,Cartagena,Colombia,santos32@example.org,2021-05-28,54.0
C30119,Carla Urbina Saavedra,Anónimo,Anónimo,Sevilla,España,,2020-12-23,
C30120,Prudencio Salvà Lillo,Persona,Regular,Mendoza,Argentina,luceromateo@example.org,2022-05-16,23.0
C30121,Candela Mendoza,Persona,Regular,Valencia,España,marinpaula@example.org,2022-11-12,50.0
C30122,Matilde Luz Gutiérrez Garzón,Persona,Friends Plus,Monterrey,México,wleyva@example.com,2022-10-10,54.0
C30123,Samuel Ruiz,Persona,Regular,Medellín,Colombia,jimena20@example.net,2025-05-27,28.0
C30124,Flor Baños Bermudez,Persona,Regular,Cartagena,Colombia,phillipweiss@example.com,2023-01-18,57.0
C30125,Leidy García Orjuela,Persona,Friends Plus,Ciudad de México,México,margaritaotero@example.com,2023-08-27,39.0
C30126,Javier Yamid Méndez,Persona,Regular,Querétaro,México,alemanrafaela@example.net,2023-11-08,35.0
C30127,Yeison Valencia,Persona,Regular,Querétaro,México,estela22@example.org,2024-06-08,51.0
C30128,René Domínguez Company,Persona,Regular,Austin,Estados Unidos,jonathan08@example.net,2021-11-14,60.0
C30129,Rosaura Lastra,Anónimo,Anónimo,Miami,Estados Unidos,,2020-01-02,
C30130,Sra. Verónica Pineda,Persona,Regular,Medellín,Colombia,isabelmendoza@example.com,2022-10-20,29.0
C30131,Proyectos Irizarry y Limón,Empresa,Corporativo,Ciudad de México,México,kyle51@choi.com,2025-03-06,34.0
C30132,Viviana Luz Bolaños Simó,Persona,Regular,Bilbao,España,alejandrolopez@example.org,2021-10-19,61.0
C30133,Inés Patricia Barreto Palacios,Persona,Regular,Mérida,México,wsolorio@example.com,2022-10-15,47.0
C30134,Ximena Gabriela Ortega González,Persona,Regular,Bilbao,España,nadiavaldes@example.net,2022-12-01,24.0
C30135,David Johnson,Persona,Regular,Rosario,Argentina,anthonysmith@example.org,2021-05-01,30.0
C30136,Carlos Hill,Persona,Regular,Guadalajara,México,jaime74@example.org,2025-05-27,58.0
C30137,Rojas-Gómez,Empresa,Corporativo,Rosario,Argentina,fsanchez@duque-hernandez.com,2022-09-25,47.0
C30138,Servicios RUMS S.L.N.E,Empresa,Corporativo,Cartagena,Colombia,xalmazan@mineria.com,2024-01-17,22.0
C30139,Martha María Herrera,Persona,Friends Plus,Madrid,España,zgomez@example.net,2024-02-09,47.0
C30140,Derrick Cole,Persona,Friends Plus,Cartagena,Colombia,victorgordon@example.net,2023-12-19,32.0
C30141,Michele Lopez,Anónimo,Anónimo,CALI,Colombia,,2021-01-24,
C30142,Estefanía Ripoll Pinedo,Persona,Regular,Seattle ,Estados Unidos,nohoravasquez@example.com,2022-04-08,58.0
C30143,Gary Campbell,Persona,Regular,Buenos Aires,Argentina,jefferylopez@example.com,2023-08-04,32.0
C30144,"Clayton, Smith and Velasquez",Empresa,Corporativo,Buenos Aires,Argentina,celia18@casarez-santillan.com,2020-11-02,50.0
C30145,Stephanie Flores,Persona,Friends Plus,Cartagena,Colombia,carlos53@example.org,2023-07-13,64.0
C30146,Jonathan Avila,Persona,Regular,Miami,Estados Unidos,soledadbravo@example.com,2023-07-28,46.0
C30147,Robert Mercado,Persona,Friends Plus,Querétaro,México,nathanielfuller@example.net,2022-10-08,30.0
C30148,Jesús César Padilla Perea,Anónimo,Anónimo,Austin,Estados Unidos,,2020-09-21,
C30149,Nando Echevarría Porcel,Persona,Friends Plus,Seattle,Estados Unidos,scottford@example.com,2023-08-19,54.0
C30150,Lisa Jones,Anónimo,Anónimo,Austin,Estados Unidos,,2025-01-17,
C30151,Andrea Nelson,Persona,Regular,Ciudad de México,México,simon09@example.net,2024-01-02,21.0
C30152,James Martin,Persona,Regular,Nueva York,Estados Unidos,socorro90@example.org,2023-10-18,18.0
C30153,Armando Villamizar,Persona,Regular,Miami,Estados Unidos,kmontes@example.com,2023-01-18,33.0
C30154,Rojas-Castaño,Empresa,Corporativo,Chicago,Estados Unidos,kenneth25@garcia.com,2023-09-17,19.0
C30155,Yésica del Miralles,Persona,Regular,Seattle,Estados Unidos,dan90@example.com,2020-05-27,48.0
C30156,Samantha Hardy,Persona,Regular,Ciudad de México,México,bradley99@example.com,2023-05-18,38.0
C30157,Guiomar Escribano Madrigal,Persona,Regular,Barranquilla,Colombia,salommicaela@example.net,2023-11-05,45.0
C30158,Morgan-Baker,Empresa,Corporativo,Barranquilla,Colombia,jordana52@distribuciones.org,2022-10-14,57.0
C30159,Alejandro José Ramírez Rojas,Persona,Regular,Medellín,Colombia,fsanchez@example.com,2025-02-05,50.0
C30160,Micaela Asunción Puga,Persona,Regular,Cali,Colombia,alcazarjuan-carlos@example.net,2020-06-22,58.0
C30161,Sabina Estevez Luís,Anónimo,Anónimo,Valencia,España,,2024-05-13,
C30162,Harris-Johnson,Empresa,Corporativo,Sevilla,España,arturoleon@bejarano.com,2022-08-12,21.0
C30163,Amanda Jones,Anónimo,Anónimo,Monterrey,México,,2020-05-17,
C30164,Bonifacio Angulo,Persona,Regular,Miami,Estados Unidos,rosreinaldo@example.com,2024-03-31,49.0
C30165,Cindy Zapata Osorio,Persona,Regular,Mérida ,México,benjaminadams@example.org,2020-07-28,18.0
C30166,Juan Baker,Persona,Regular,Cancún,México,jose-mariaquiroz@example.com,2020-04-09,58.0
C30167,María Quiroga Martínez,Persona,Regular,Mendoza,Argentina,hkline@example.org,2022-10-09,59.0
C30168,Laboratorios Coronado y Trujillo,Empresa,Corporativo,Cancún,México,pascuala07@familia.es,2020-07-17,53.0
C30169,Padilla y Cañizares S.C.P,Empresa,Corporativo,Monterrey,México,enriquecortes@ortiz.biz,2020-05-16,32.0
C30170,Ruperto Nebot Velázquez,Persona,Regular,Seattle,Estados Unidos,aitanacabanas@example.com,2021-09-24,54.0
C30171,Eulalia de Arcos,Persona,Regular,Valencia,España,carloscano@example.org,2022-07-24,32.0
C30172,Urbano Lobo Huerta,Persona,Regular,Boston,Estados Unidos,yolandaortega@example.com,2020-11-18,30.0
C30173,Lady Helena Cardona Gallego,Persona,Friends Plus, Rosario,Argentina,bonillamelanie@example.com,2020-06-12,41.0
C30174,Carmen Carvajal Canales,Anónimo,Anónimo,Nueva York,Estados Unidos,,2020-12-16,
C30175,Melissa Arnold,Persona,Regular,MENDOZA,Argentina,armando15@example.com,2021-07-23,59.0
C30176,Edinson González Melo,Persona,Regular,Seattle,Estados Unidos,galindohenry@example.net,2022-05-31,34.0
C30177,Nelly Herrera Barreto,Persona,Friends Plus,Los Ángeles,Estados Unidos,hayala@example.org,2020-03-31,50.0
C30178,Tomasa Matas-Giménez,Anónimo,Anónimo,Cartagena,Colombia,,2025-04-20,
C30179,Elizabeth Olga Martínez,Anónimo,Anónimo,Bogotá,Colombia,,2024-01-27,
C30180,Lic. Socorro Cavazos,Anónimo,Anónimo,Monterrey,México,,2022-06-27,
C30181,Humberto Vega,Persona,Friends Plus,Ciudad de México,México,javier35@example.net,2020-07-20,55.0
C30182,Alexander Martínez Vargas,Persona,Regular,Barranquilla,Colombia,rsoto@example.org,2021-09-18,41.0
C30183,Maximiliano Olivas Lira,Persona,Regular,Austin,Estados Unidos,carmen97@example.com,2022-11-07,48.0
C30184,Restauración Internacionales S.Com.,Empresa,Corporativo,Mérida,México,gonzalezdiana@ordonez.info,2020-02-07,54.0
C30185,Santiago César Leal,Persona,Regular,Ciudad de México,México,lopezmarcela@example.com,2023-12-25,63.0
C30186,Eutropio Montalbán Luque,Persona,Friends Plus,Austin,Estados Unidos,katherine93@example.net,2021-08-09,32.0
C30187,Alexandra María Barrios Pinzón,Anónimo,Anónimo,Mérida,México,,2022-04-12,
C30188,Rolando Carrillo Solorzano,Anónimo,Anónimo,Seattle,Estados Unidos,,2025-02-13,
C30189,Julio César Arce,Persona,Regular,Madrid,España,hmack@example.org,2022-04-06,26.0
C30190,Stephanie Velasquez,Persona,Regular,Miami,Estados Unidos,connie79@example.com,2022-07-04,50.0
C30191,Bartolomé Arjona Valenzuela,Persona,Regular,QUERÉTARO,México,jacquelineflores@example.com,2023-02-09,23.0
C30192,María Uribe,Anónimo,Anónimo,Monterrey,México,,2020-04-25,
C30193,Gerónimo Elías Gilabert Murcia,Persona,Regular,Miami,Estados Unidos,cnunez@example.com,2023-10-15,50.0
C30194,Elba Llopis-Alemany,Persona,Regular,Querétaro,México,luevanomarcos@example.net,2022-11-21,55.0
C30195,Michael Jones,Persona,Regular,Chicago,Estados Unidos,luisa07@example.com,2021-05-29,42.0
C30196,Miriam de Álvarez,Persona,Regular,Córdoba,Argentina,pballesteros@example.com,2022-06-11,37.0
C30197,Lic. Eduardo Patiño,Persona,Regular,Buenos Aires,Argentina,hcavazos@example.org,2023-03-06,50.0
C30198,Johan Jaimes González,Anónimo,Anónimo,Rosario,Argentina,,2023-03-21,
C30199,Jonás Colunga Pantoja,Persona,Regular,Córdoba,Argentina,quinonezcarlos@example.org,2025-05-21,23.0
C30200,Lindsay Myers,Persona,Friends Plus,Madrid,España,jmerino@example.org,2024-01-14,22.0
C30201,Sabrina Singh,Persona,Regular,Mendoza ,Argentina,rebeca27@example.com,2023-04-29,59.0
C30202,Constanza Carmen Guerrero Polo,Persona,Regular,Nueva York,Estados Unidos,lauracuellar@example.net,2020-08-21,40.0
C30203,Jose Antonio Millán Torre,Anónimo,Anónimo,Guadalajara,México,,2020-05-22,
C30204,Gonzalo Zacarías Casanova Treviño,Persona,Regular,Boston,Estados Unidos,xtafoya@example.com,2021-03-01,32.0
C30205,Tomás Mercado,Persona,Regular,Monterrey,México,enriquepi@example.net,2020-11-17,59.0
C30206,Luis Andrés Murillo,Persona,Regular,Monterrey,México,yasminzuluaga@example.org,2023-07-01,24.0
C30207,Elpidio Jáuregui Rivera,Persona,Regular,Austin,Estados Unidos,blancaespitia@example.net,2024-11-07,61.0
C30208,David Davidson,Anónimo,Anónimo,Mérida,México,,2020-04-08,
C30209,Eugenia Urbina Villareal,Persona,Regular,San Francisco,Estados Unidos,ojaramillo@example.org,2021-11-13,28.0
C30210,Michael White,Persona,Friends Plus,Bilbao,España,urangel@example.net,2020-02-04,35.0
C30211,Pamela Harris,Anónimo,Anónimo,Bogotá,Colombia,,2022-08-17,
C30212,Rosalva Quiroga Guillén,Anónimo,Anónimo,Nueva York,Estados Unidos,,2023-11-16,
C30213,Laura González,Persona,Regular,Ciudad de México,México,clarisa64@example.net,2021-04-04,39.0
C30214,Kelsey Byrd,Persona,Regular,Ciudad de México,México,mariaosorio@example.com,2025-03-30,61.0
C30215,William Johnson,Persona,Regular,Miami,Estados Unidos,reynaldovarela@example.org,2023-12-26,55.0
C30216,Gregorio Elias Zaragoza,Persona,Regular,Buenos Aires,Argentina,escobarteodora@example.com,2020-02-05,20.0
C30217,Andrés Reyes,Persona,Regular, Mérida,México,rufino86@example.org,2020-09-02,34.0
C30218,Jesse Mack,Persona,Regular,Monterrey,México,yusteserafina@example.com,2022-02-06,52.0
C30219,Alexander Betancur,Persona,Friends Plus,Bilbao,España,marcio41@example.net,2020-09-20,38.0
C30220,Leonardo Jorge Arias Castro,Persona,Regular,Monterrey,México,lujanflavio@example.net,2022-04-20,52.0
C30221,Tracey Soto,Anónimo,Anónimo,Bilbao,España,,2021-01-13,
C30222,Asunción Nicolás Tejedor,Persona,Regular,Boston,Estados Unidos,wayne40@example.org,2024-01-13,20.0
C30223,Ancizar Muñoz López,Anónimo,Anónimo,Valencia,España,,2024-05-29,
C30224,Ing. Paola Amador,Persona,Regular, Barcelona,España,solanolisandro@example.net,2025-02-07,43.0
C30225,Anna Smith,Persona,Regular,Valencia,España,dalia59@example.net,2022-11-04,60.0
C30226,Antonia Norma Montaño,Persona,Regular,Monterrey,México,lauramills@example.org,2023-12-05,45.0
C30227,Roberto Carrero,Persona,Regular,Madrid,España,rhernando@example.com,2025-04-17,47.0
C30228,Nelson Ltd,Empresa,Corporativo,Mendoza,Argentina,ruben86@garcia.com,2023-12-15,25.0
C30229,Proyectos Solorio y Villarreal,Empresa,Corporativo,Bilbao,España,gloriamonsalve@pena.com,2020-12-19,41.0
C30230,Eliana Piedad Sierra García,Persona,Regular,Ciudad de México,México,qcespedes@example.org,2025-03-21,41.0
C30231,Margaret Moreno,Persona,Regular,Barranquilla,Colombia,younglaura@example.com,2024-01-27,58.0
C30232,Mauricio Alexander Castro,Anónimo,Anónimo,Querétaro,México,,2025-03-14,
C30233,Oswaldo Girón Delgado,Anónimo,Anónimo,San Francisco ,Estados Unidos,,2021-12-17,
C30234,Diana María Benítez,Persona,Regular,Cali,Colombia,marly47@example.org,2023-07-20,41.0
C30235,Eliseo Ojeda Acevedo,Persona,Friends Plus,Buenos Aires,Argentina,imelda23@example.org,2020-02-28,34.0
C30236,Sr. Raúl Razo,Anónimo,Anónimo,Sevilla,España,,2023-01-20,
C30237,Pacífica del Robles,Persona,Regular,Cartagena,Colombia,dominguezcalixto@example.org,2024-02-06,50.0
C30238,Carmelita Tolosa Arévalo,Anónimo,Anónimo,MADRID,España,,2020-09-21,
C30239,Michael Daugherty,Persona,Friends Plus,Boston,Estados Unidos,dulce-maria51@example.org,2025-03-11,44.0
C30240,Pacífica Tovar Barragán,Persona,Friends Plus,Ciudad de México,México,ytorres@example.org,2024-04-04,57.0
C30241,Jorge Javier Huerta,Persona,Regular,Barcelona,España,navarroanthony@example.net,2021-06-26,24.0
C30242,Ciro León,Persona,Friends Plus,Guadalajara,México,amelendez@example.com,2021-11-15,24.0
C30243,Dr. Javier Haro,Persona,Regular,Austin,Estados Unidos,mariadominguez@example.net,2020-12-04,23.0
C30244,Elena Garcia-Cueto,Persona,Regular,Sevilla,España,yaneth65@example.org,2024-07-07,32.0
C30245,Maximiano Cuéllar,Persona,Regular,Los Ángeles,Estados Unidos,ttamarit@example.net,2020-06-02,29.0
C30246,Andrea Sánchez Pérez,Persona,Regular,Nueva York,Estados Unidos,reynaursula@example.org,2022-03-02,37.0
C30247,Erica Perez,Persona,Friends Plus,Nueva York ,Estados Unidos,nubiarodriguez@example.net,2022-10-14,24.0
C30248,Patricia Amanda Trejo Malave,Persona,Regular,Nueva York,Estados Unidos,oscar38@example.net,2025-02-10,54.0
C30249,Luis Mejía,Persona,Regular,Madrid,España,gallardojose-carlos@example.org,2023-08-24,34.0
C30250,Julio Hinojosa,Persona,Regular,Monterrey,México,phillipsapril@example.net,2020-10-07,53.0
C30251,Deborah Mcguire,Persona,Friends Plus,Buenos Aires,Argentina,limoncaridad@example.org,2023-02-21,46.0
C30252,Club Sánchez-Bravo,Empresa,Corporativo,Querétaro,México,michaelrodriguez@christensen-potter.com,2021-01-08,48.0
C30253,Marcos Angulo de la Garza,Anónimo,Anónimo,Sevilla,España,,2021-11-12,
C30254,Amílcar Campoy Jurado,Persona,Regular,Bilbao,España,rocio45@example.net,2020-11-04,30.0
C30255,Jorge Bastidas Torres,Persona,Regular,Medellín,Colombia,james98@example.com,2022-02-27,32.0
C30256,Zachary Washington,Persona,Friends Plus,Barcelona,España,aguileracarla@example.org,2020-10-20,23.0
C30257,Petrona Campos-Menéndez,Persona,Friends Plus,Austin,Estados Unidos,alvarosanchez@example.com,2020-08-08,53.0
C30258,Cynthia Hernandez,Persona,Friends Plus,Monterrey,México,susanduarte@example.net,2024-09-27,39.0
C30259,Jenna Collins,Anónimo,Anónimo,Bilbao,España,,2024-01-03,
C30260,Michelle Wright,Persona,Regular,Buenos Aires,Argentina,alonsosamaniego@example.com,2021-01-19,19.0
C30261,Jon Romero,Persona,Regular,Monterrey,México,rorozco@example.com,2023-09-25,38.0
C30262,Diana Rocha,Persona,Friends Plus,Guadalajara,México,perezadriana@example.org,2020-08-22,39.0
C30263,James Torres,Persona,Regular,Querétaro ,México,juan33@example.org,2021-11-20,50.0
C30264,María Elizabeth Murcia Ordóñez,Persona,Regular,LOS ÁNGELES,Estados Unidos,victoriagomez@example.com,2020-02-15,23.0
C30265,Arthur Arellano,Persona,Regular,Córdoba,Argentina,tracyheath@example.org,2023-03-26,49.0
C30266,Camilo Álvarez Álvarez,Persona,Friends Plus,Mendoza,Argentina,vfolch@example.com,2023-09-17,18.0
C30267,Ramiro Tapia Palacios,Persona,Friends Plus, Bilbao,España,mirnadia@example.com,2024-01-15,56.0
C30268,Angélica Gil Suárez,Persona,Regular,Barcelona,España,darioaramburu@example.org,2025-03-06,51.0
C30269,Natalia Soto,Persona,Friends Plus,Bogotá,Colombia,alvaleticia@example.net,2024-08-29,49.0
C30270,Feliciano Infante Heras,Persona,Regular,Miami,Estados Unidos,miriam14@example.com,2021-04-05,18.0
C30271,Débora Delgado,Anónimo,Anónimo,BOSTON,Estados Unidos,,2021-12-29,
C30272,Justin Harrington,Persona,Regular,Barranquilla,Colombia,ovaldez@example.net,2021-05-27,33.0
C30273,Sra. Hilda Solano,Persona,Regular,Bogotá,Colombia,salamancajeferson@example.net,2021-11-26,38.0
C30274,Katherine Davis,Persona,Regular,QUERÉTARO,México,espiridion56@example.com,2021-08-17,59.0
C30275,Ing. José Luis Pelayo,Persona,Friends Plus,Barcelona,España,sevillanohernando@example.org,2022-03-05,49.0
C30276,Srita. Lorena Baca,Persona,Regular,Cartagena,Colombia,paulacrespo@example.com,2024-08-21,52.0
C30277,Mayorga-Gálvez,Empresa,Corporativo,Barranquilla,Colombia,karlapizarro@laboratorios.net,2021-07-24,38.0
C30278,David Lopez,Persona,Regular,Mendoza,Argentina,marywoodward@example.org,2021-03-19,49.0
C30279,Alejandro Correa Toledo,Persona,Friends Plus,Seattle,Estados Unidos,karen85@example.org,2021-05-31,32.0
C30280,Marleny Ramírez,Persona,Regular,Boston,Estados Unidos,brenda73@example.net,2023-12-12,37.0
C30281,Ingrid Barragán,Persona,Regular,Chicago,Estados Unidos,navarropaola@example.com,2023-06-22,60.0
C30282,Nadia Arroyo Merino,Anónimo,Anónimo,Bilbao,España,,2023-06-27,
C30283,"Cruz, Romero and Muñoz",Empresa,Corporativo,Miami ,Estados Unidos,ayoung@snyder.net,2022-11-02,47.0
C30284,Anselma de Pastor,Anónimo,Anónimo, Valencia,España,,2021-08-24,
C30285,Óscar Alonso Gurule,Persona,Regular,MADRID,España,yulianauribe@example.com,2021-03-06,60.0
C30286,Patricia Lopez,Persona,Regular,Sevilla,España,yorozco@example.org,2023-12-26,19.0
C30287,Marisol Tirado Véliz,Persona,Friends Plus,MENDOZA,Argentina,hernandezleroy@example.net,2022-04-29,51.0
C30288,Ana Antonia Palacios Pinto,Persona,Regular,Rosario,Argentina,rivaslilia@example.org,2021-02-12,24.0
C30289,Jorge Luis Héctor Posada,Persona,Friends Plus,Boston,Estados Unidos,rvargas@example.org,2023-01-18,59.0
C30290,José Manuél Gómez Quintero,Persona,Friends Plus,Sevilla,España,bjauregui@example.net,2021-03-09,62.0
C30291,Timoteo Loya Loera,Persona,Regular,San Francisco,Estados Unidos,fcastro@example.org,2022-06-07,56.0
C30292,Adolfo Marino Ruiz,Persona,Friends Plus,Nueva York ,Estados Unidos,sierrapatricia@example.org,2023-06-23,27.0
C30293,Sra. Arcelia Ibarra,Persona,Friends Plus,CHICAGO,Estados Unidos,jesus55@example.org,2025-03-25,39.0
C30294,Luis Manuel Reynaldo Galván,Persona,Regular,Medellín,Colombia,mirandaamanda@example.net,2022-07-22,28.0
C30295,Estrella del Esparza,Persona,Regular,Miami,Estados Unidos,isabela02@example.com,2022-08-02,60.0
C30296,Eladio Méndez Cabrero,Anónimo,Anónimo,Barcelona,España,,2023-02-09,
C30297,Amy Mora,Persona,Regular, Mérida,México,michelle27@example.com,2021-01-10,24.0
C30298,Salvador Zeferino Rojo,Persona,Friends Plus,Los Ángeles,Estados Unidos,ediaz@example.com,2024-11-01,28.0
C30299,Despacho Rivas S.Coop.,Empresa,Corporativo,Miami,Estados Unidos,toledomiguel@alvarez-sosa.info,2021-11-10,41.0
C30300,Alvarado and Sons,Empresa,Corporativo,Sevilla,España,mauro43@cavazos-munguia.com,2021-07-02,51.0
C30301,Lucho Valdés Valentín,Persona,Friends Plus,Mendoza,Argentina,zreyes@example.com,2022-07-02,60.0
C30302,Carla Deleon,Persona,Friends Plus,Cali,Colombia,handerson@example.com,2020-03-10,22.0
C30303,Marisol Serna Garcés,Persona,Regular,Bilbao,España,saturninamontenegro@example.org,2024-02-04,24.0
C30304,Dominique Terry,Persona,Regular,Chicago,Estados Unidos,margaret00@example.org,2021-08-26,53.0
C30305,Omar Grant,Persona,Friends Plus,Madrid,España,barrerapatricia@example.org,2025-01-20,22.0
C30306,Manufacturas FG S.A.,Empresa,Corporativo,Sevilla,España,ruizrobert@chandler.biz,2021-07-27,55.0
C30307,Silvio del Miralles,Persona,Friends Plus,Cancún,México,escamillaesther@example.org,2021-08-19,31.0
C30308,Carmen Quintero Acosta,Persona,Regular,Cartagena,Colombia,alexis40@example.com,2021-07-15,29.0
C30309,Roxana del Santamaria,Persona,Regular,Monterrey,México,deliatrujillo@example.org,2020-09-13,62.0
C30310,Manuel Priego Alfonso,Persona,Regular,Querétaro,México,luisagutierrez@example.com,2023-06-15,36.0
C30311,Minerva Mercedes Nava,Persona,Regular,Miami,Estados Unidos,obahena@example.com,2023-09-26,44.0
C30312,Miguel Wilson Vargas,Anónimo,Anónimo,Córdoba,Argentina,,2020-05-26,
C30313,Marcelino Saturnino Seco Ros,Anónimo,Anónimo,Ciudad de México,México,,2023-01-27,
C30314,"Harper, Wilson and Reed",Empresa,Corporativo,Monterrey,México,anthony75@thompson-price.com,2021-09-22,51.0
C30315,Jennifer King,Persona,Regular,Ciudad de México,México,qantunez@example.net,2024-02-05,56.0
C30316,Banco Merino S.Coop.,Empresa,Corporativo,Seattle,Estados Unidos,szapata@rojas.info,2022-02-24,39.0
C30317,Ronald Finley,Persona,Regular,Mendoza,Argentina,ovazquez@example.com,2020-03-04,36.0
C30318,Octavio Nicolás Collado Armas,Persona,Regular,Boston,Estados Unidos,nydiarodriguez@example.net,2020-10-31,35.0
C30319,Gladys María Camacho Suárez,Persona,Regular,Ciudad de México,México,carolina83@example.net,2020-02-18,37.0
C30320,Valentina María Rubio,Persona,Regular, Chicago,Estados Unidos,selena00@example.com,2022-02-09,64.0
C30321,Mónica Molina Giraldo,Persona,Regular,Chicago,Estados Unidos,cabanillaspio@example.org,2022-01-09,18.0
C30322,Gerardo Carlos Uribe Balderas,Persona,Regular,Mérida,México,shelley73@example.com,2021-03-06,19.0
C30323,Luis Salazar Correa,Persona,Regular,Ciudad de Mexico,México,barbaravalladares@example.org,2020-10-24,53.0
C30324,"Ross, Fitzgerald and Miller",Empresa,Corporativo,Chicago,Estados Unidos,ysaavedra@laboratorios.com,2020-11-01,46.0
C30325,Calixta Jurado Ramón,Persona,Friends Plus,Nueva York,Estados Unidos,mauriciotoro@example.net,2025-02-23,31.0
C30326,Cristian Salvador Alcala Rodríquez,Persona,Friends Plus,Seattle,Estados Unidos,imoss@example.net,2021-04-18,54.0
C30327,Juan Quintero Vargas,Anónimo,Anónimo,Cali,Colombia,,2023-11-10,
C30328,"García, Henao and Pérez",Empresa,Corporativo,Bogotá,Colombia,margaretsmith@harris.com,2021-03-30,27.0
C30329,Dayana Caicedo,Persona,Regular,Valencia,España,eleuterioguerrero@example.org,2024-01-22,51.0
C30330,Augusto Paulo Ortiz Gómez,Anónimo,Anónimo,Sevilla,España,,2024-08-06,
C30331,Emily Simpson,Persona,Regular,Guadalajara,México,augusto09@example.com,2021-12-04,43.0
C30332,Jessica Jordan,Persona,Regular,Cancún,México,preciadoandres@example.org,2022-05-10,43.0
C30333,Melissa Black,Anónimo,Anónimo,San Francisco ,Estados Unidos,,2025-04-13,
C30334,Gloria Sánchez,Persona,Regular,San Francisco,Estados Unidos,cmojica@example.org,2021-04-29,48.0
C30335,Sr. Joaquín Gaitán,Persona,Regular,Cartagena,Colombia,carl83@example.com,2020-04-18,50.0
C30336,Ramón de Español,Persona,Regular,Madrid,España,ggonzalez@example.com,2022-02-22,37.0
C30337,Concepción Lourdes Prieto Anaya,Persona,Friends Plus,Miami,Estados Unidos,manuela06@example.org,2022-02-20,42.0
C30338,Patricia Astrid Guzmán Zapata,Anónimo,Anónimo,Sevilla,España,,2024-05-27,
C30339,Felipe Salas,Persona,Friends Plus,Chicago,Estados Unidos,erasmo56@example.com,2023-04-02,45.0
C30340,Srita. Tania Monroy,Persona,Regular,Bogotá,Colombia,johannamartinez@example.com,2020-03-18,45.0
C30341,Marisol Tamez,Anónimo,Anónimo,SEVILLA,España,,2020-11-16,
C30342,Itzel Paredes,Persona,Regular,Barranquilla,Colombia,gloria25@example.org,2025-05-21,64.0
C30343,Ignacio Castrillón,Persona,Regular,San Francisco,Estados Unidos,qjulia@example.net,2022-07-31,62.0
C30344,Gustavo Romero,Persona,Regular,Querétaro,México,nelly30@example.org,2020-03-24,27.0
C30345,Vito Vigil Galan,Persona,Regular,Cancún,México,spuerta@example.net,2023-02-27,39.0
C30346,Lori Gibson,Anónimo,Anónimo,Ciudad de México,México,,2020-12-29,
C30347,Quique Palma,Persona,Friends Plus,Nueva York,Estados Unidos,torrecillaantonio@example.com,2023-04-09,60.0
C30348,Ing. Rufino Cantú,Persona,Regular,Querétaro,México,ubermudez@example.net,2024-02-18,48.0
C30349,María Nayeli Delgado,Anónimo,Anónimo,Seattle,Estados Unidos,,2022-04-11,
C30350,John Romero,Anónimo,Anónimo,Cali,Colombia,,2020-12-21,
C30351,Leocadio Guzman Casal,Persona,Regular,San Francisco,Estados Unidos,javier04@example.net,2022-02-01,56.0
C30352,Thomas Myers,Persona,Friends Plus,Buenos Aires,Argentina,eugenia15@example.org,2021-12-30,53.0
C30353,Maricela Luna Tapia,Persona,Regular,Madrid,España,adela78@example.com,2024-12-22,64.0
C30354,Citlali Pilar Rivero,Anónimo,Anónimo,Nueva York,Estados Unidos,,2020-10-20,
C30355,Laboratorios Sauceda y Pantoja,Empresa,Corporativo,Buenos Aires,Argentina,maria86@marin.com,2023-02-02,35.0
C30356,Miguel Vigil Escobar,Anónimo,Anónimo,Bilbao,España,,2020-12-20,
C30357,Marisela Becerra Guillen,Persona,Regular,Nueva York ,Estados Unidos,lopezcecilia@example.net,2022-07-21,23.0
C30358,Abraham Pedro Mojica,Persona,Friends Plus,Rosario,Argentina,carolyngomez@example.com,2021-07-29,57.0
C30359,Alexandra Paula Ariza,Persona,Regular,Boston,Estados Unidos,jenniferstewart@example.com,2022-11-20,45.0
C30360,Gloria Socorro Arroyo,Persona,Friends Plus,Barranquilla,Colombia,melchor48@example.com,2023-02-13,51.0
C30361,Gastón Jose Manuel Guerra Córdoba,Persona,Regular,Chicago,Estados Unidos,esteban55@example.org,2021-12-03,50.0
C30362,Andrés López Monsalve,Persona,Friends Plus,Bilbao,España,kgonzalez@example.com,2021-09-01,26.0
C30363,Tracey Campos,Persona,Regular,Bogotá,Colombia,antonio16@example.net,2020-02-14,37.0
C30364,Benito Barragán Pérez,Persona,Regular,Madrid,España,almaleal@example.org,2020-01-12,46.0
C30365,Maribel Cazorla Monreal,Persona,Friends Plus,Los Ángeles,Estados Unidos,joseph05@example.com,2023-12-18,56.0
C30366,Patricia Allen,Persona,Regular,Guadalajara,México,aidacarvajal@example.net,2022-12-15,55.0
C30367,María Eugenia Hidalgo de la Torre,Anónimo,Anónimo,Cartagena,Colombia,,2021-10-18,
C30368,Genoveva Tamayo Bustamante,Persona,Regular,Boston,Estados Unidos,manuel19@example.org,2021-07-13,47.0
C30369,Matthew Baker,Persona,Regular,San Francisco,Estados Unidos,belen71@example.net,2022-12-06,29.0
C30370,James Moon,Persona,Regular,San Francisco,Estados Unidos,elizabethwilcox@example.net,2025-05-03,29.0
C30371,Javier Guerrero Giraldo,Anónimo,Anónimo,Valencia,España,,2021-03-11,
C30372,Patricia Gil,Persona,Regular,Córdoba,Argentina,gaymelinda@example.com,2025-05-24,51.0
C30373,Primitivo Murcia-Llanos,Persona,Regular,Seattle,Estados Unidos,qpadilla@example.org,2024-10-20,25.0
C30374,José Ángel Cisneros-Uría,Persona,Regular,Boston,Estados Unidos,de-la-oguillermo@example.org,2020-06-22,25.0
C30375,Ing. Victoria Verduzco,Persona,Friends Plus,Monterrey ,México,gina65@example.com,2020-01-02,49.0
C30376,Pascual Toledo-Campoy,Persona,Friends Plus,Barranquilla,Colombia,ahernandez@example.org,2020-08-30,46.0
C30377,David Beltrán Torres,Persona,Regular,Guadalajara,México,cesarsuarez@example.org,2024-01-02,39.0
C30378,Sr. Julio César Castañeda,Persona,Regular,Buenos Aires,Argentina,petersdeborah@example.org,2020-03-09,43.0
C30379,Orlando Arrieta,Persona,Regular,San Francisco,Estados Unidos,susan95@example.org,2020-07-19,52.0
C30380,Mónica Julia López,Persona,Friends Plus,Seattle,Estados Unidos,kristythomas@example.com,2021-09-02,49.0
C30381,Gracia-Valverde,Empresa,Corporativo,San Francisco,Estados Unidos,xpalau@marin.com,2021-11-12,42.0
C30382,Barbara Teresa Fernández,Persona,Regular,Córdoba,Argentina,aolaya@example.org,2024-02-05,36.0
C30383,Maritza González,Persona,Regular,Seattle,Estados Unidos,fbravo@example.net,2023-10-10,40.0
C30384,Dra. Yuridia Suárez,Persona,Regular,Buenos Aires,Argentina,coffeyalexander@example.com,2022-08-14,64.0
C30385,"Vargas, Díaz and Velandia",Empresa,Corporativo,Cali,Colombia,zoeolivo@galvez-pizarro.com,2020-06-06,34.0
C30386,Andrés Julio Romero Pérez,Persona,Regular,Buenos Aires,Argentina,jaimesteresa@example.org,2020-08-04,25.0
C30387,Julián William Posada,Persona,Regular,Rosario,Argentina,manuelrivero@example.com,2022-01-04,37.0
C30388,Loida Valentina Gálvez Mateu,Persona,Regular,Córdoba,Argentina,loribird@example.net,2023-05-28,38.0
C30389,Débora Ayala Ríos,Anónimo,Anónimo, Monterrey,México,,2024-04-21,
C30390,Misty Mosley,Anónimo,Anónimo,Buenos Aires,Argentina,,2023-08-13,
C30391,Alberto Baldomero Vives Vives,Persona,Regular,Medellín,Colombia,khartman@example.org,2020-12-03,30.0
C30392,Marvin Underwood,Anónimo,Anónimo,Medellín,Colombia,,2020-09-28,
C30393,Esteban Clemente Gaytán Olmos,Persona,Regular,Querétaro,México,hward@example.net,2024-04-28,57.0
C30394,Fernando José Vásquez,Persona,Regular,Austin,Estados Unidos,barrazarufino@example.com,2022-06-18,31.0
C30395,María Rodríguez Silva,Anónimo,Anónimo,Barranquilla,Colombia,,2020-05-28,
C30396,Epifanio de Larrañaga,Persona,Regular,Madrid,España,dgimenez@example.net,2020-03-01,54.0
C30397,Jacinta Nogueira Vaquero,Persona,Regular,Valencia,España,karinarojas@example.com,2024-03-21,40.0
C30398,Samantha Brown,Anónimo,Anónimo,Mérida,México,,2021-10-14,
C30399,Deisy María Arango Torres,Anónimo,Anónimo,Querétaro,México,,2022-08-05,
C30400,Víctor Alberto Serrano Gómez,Persona,Regular,Mendoza,Argentina,eduardobarrios@example.com,2025-03-12,47.0
C30401,Ing. María Gamboa,Persona,Friends Plus,Bilbao,España,hpinto@example.com,2023-07-30,38.0
C30402,Sherry Powers,Anónimo,Anónimo,Rosario,Argentina,,2024-08-24,
C30403,Brandon Heath,Persona,Regular,Cancún,México,adamediana@example.org,2022-08-24,36.0
C30404,Febe Beltran Llobet,Persona,Friends Plus,Mendoza,Argentina,geronimode-la-rosa@example.net,2025-04-17,64.0
C30405,Xiomara Ponce,Persona,Regular,NUEVA YORK,Estados Unidos,casemiro89@example.net,2020-02-29,45.0
C30406,Ramiro de Guerra,Persona,Regular,Bilbao ,España,piedadmuniz@example.org,2021-02-27,59.0
C30407,Robert Marshall,Persona,Regular,Nueva York,Estados Unidos,lutzmargaret@example.net,2024-05-14,53.0
C30408,Alberto Federico Pérez Pérez,Persona,Regular,Cali,Colombia,zoraidamartinez@example.net,2022-01-01,31.0
C30409,Mónica Sánchez,Persona,Regular,Bogota,Colombia,xmata@example.com,2023-02-04,47.0
C30410,Smith-Powell,Empresa,Corporativo,Barranquilla,Colombia,arteagalinda@zelaya.biz,2021-12-02,56.0
C30411,Janeth Arrieta,Anónimo,Anónimo,Medellín,Colombia,,2024-08-25,
C30412,Tom Figueroa,Persona,Friends Plus,Valencia,España,zabalayessica@example.com,2024-06-09,39.0
C30413,Diego Jerónimo Caraballo Fernández,Persona,Friends Plus,Barcelona,España,bcasanovas@example.org,2024-02-13,27.0
C30414,Patricia Gamboa Restrepo,Persona,Regular,Guadalajara,México,sortiz@example.org,2024-12-06,28.0
C30415,"Perez, Gardner and Solomon",Empresa,Corporativo,Seattle,Estados Unidos,jennifer53@maldonado-mercado.com,2021-01-09,27.0
C30416,Alexander Chapman,Persona,Regular,Cali,Colombia,hermelinda57@example.com,2023-08-24,61.0
C30417,Orlando Edgar Valencia Vargas,Persona,Friends Plus,Guadalajara,México,nelson91@example.net,2020-07-07,33.0
C30418,Marcela Mata Montenegro,Persona,Regular,Valencia,España,burnskayla@example.com,2024-04-14,54.0
C30419,Andrés Codina Salazar,Anónimo,Anónimo,Austin,Estados Unidos,,2021-12-21,
C30420,Ing. Cornelio Orta,Persona,Friends Plus,Valencia,España,jodichambers@example.net,2021-06-26,47.0
C30421,Arturo Óliver Cotto,Persona,Friends Plus,Valencia,España,celso67@example.com,2024-10-18,63.0
C30422,Isaías Nuñez,Anónimo,Anónimo,Córdoba,Argentina,,2023-06-07,
C30423,Andrea Inés Gutiérrez Cardona,Persona,Friends Plus,Barcelona,España,maria-del-carmenbaro@example.com,2023-06-28,44.0
C30424,Jeremías Marquez,Persona,Friends Plus,Barcelona,España,xpowell@example.org,2021-07-12,60.0
C30425,Guillermo Araujo Palma S.Coop.,Empresa,Corporativo,Querétaro,México,apons@gonzalez.org,2024-12-23,37.0
C30426,José Sebastián Gutiérrez Mesa,Anónimo,Anónimo,Monterrey ,México,,2024-06-19,
C30427,Aitana Villalonga Carlos,Persona,Regular,Guadalajara,México,morrowrobert@example.net,2021-06-08,24.0
C30428,Monica Meyers,Persona,Friends Plus,Rosario,Argentina,wilman85@example.com,2020-05-29,29.0
C30429,Heather Jensen,Persona,Regular,Valencia,España,cesarerazo@example.org,2024-06-18,64.0
C30430,Dra. Gabriela de la Rosa,Persona,Regular,Buenos Aires,Argentina,muleteustaquio@example.org,2024-06-28,32.0
C30431,Seve Andres Navarrete,Anónimo,Anónimo,Sevilla,España,,2025-01-19,
C30432,Clayton White,Persona,Regular,Cali,Colombia,martimontserrat@example.net,2021-10-20,32.0
C30433,Smith and Sons,Empresa,Corporativo,Buenos Aires,Argentina,edgar27@torres-bastidas.com,2023-10-18,42.0
C30434,Sue Molina,Persona,Regular,Boston,Estados Unidos,qjackson@example.net,2021-11-03,60.0
C30435,Ceferino Cerezo Abad,Persona,Friends Plus,Cartagena ,Colombia,michelle01@example.net,2024-11-11,54.0
C30436,Severiano Peña Anglada,Persona,Friends Plus,Bilbao,España,david56@example.org,2020-01-27,24.0
C30437,Yvonne Archer,Persona,Regular,Madrid,España,rojaswilliam@example.net,2023-04-18,54.0
C30438,Teresa Ortiz,Persona,Regular,Monterrey,México,michaelfisher@example.net,2024-07-22,42.0
C30439,Regina Galvez Cortes,Persona,Regular,Chicago,Estados Unidos,brisenoirma@example.com,2024-01-28,61.0
C30440,Basilio del Salvà,Persona,Friends Plus, Medellín,Colombia,pedro24@example.org,2025-02-08,34.0
C30441,Natalia Reyes Loya,Persona,Friends Plus,Cali,Colombia,maria-fernandabejarano@example.org,2022-04-11,60.0
C30442,Casemiro Morillo-Padilla,Persona,Regular,Medellín,Colombia,soniareyes@example.net,2020-04-20,28.0
C30443,Michael Beck,Persona,Regular,Nueva York,Estados Unidos,barrymorris@example.com,2022-01-23,50.0
C30444,Dulce Georgina Ybarra,Persona,Friends Plus,Madrid,España,ydalmau@example.com,2021-12-20,33.0
C30445,Andrés Reynaldo Osorio,Persona,Regular,Medellín,Colombia,cristal33@example.net,2022-05-22,54.0
C30446,Angélica Salazar,Anónimo,Anónimo,Boston,Estados Unidos,,2025-02-07,
C30447,Henry Enrique Pabón,Persona,Regular,Valencia,España,ealvarez@example.com,2024-10-29,24.0
C30448,Jacqueline Krause,Persona,Regular,Querétaro,México,maria-elena64@example.com,2022-11-03,25.0
C30449,Modesto Bas,Persona,Regular,Rosario,Argentina,chris81@example.net,2021-09-11,42.0
C30450,Brunilda Verdejo Marti,Anónimo,Anónimo,Medellín,Colombia,,2024-04-13,
C30451,Elías Luis González Mora,Persona,Regular, Cartagena,Colombia,dario82@example.com,2023-08-08,42.0
C30452,Esther Cadenas,Persona,Regular,Miami,Estados Unidos,rafaelpareja@example.org,2023-05-30,60.0
C30453,Eileen Kennedy,Persona,Friends Plus,Miami,Estados Unidos,teresadiez@example.org,2024-11-14,58.0
C30454,Tomás de Domínguez,Persona,Regular,Buenos Aires,Argentina,catalacelia@example.org,2020-08-06,18.0
C30455,Monica Frey,Persona,Friends Plus,Monterrey,México,teodosiogamez@example.net,2025-03-12,63.0
C30456,Hernandez LLC,Empresa,Corporativo,Barranquilla,Colombia,stivensanchez@cardozo-delgado.com,2023-01-20,61.0
C30457,Arley Abel Martínez Jiménez,Persona,Regular,Cartagena ,Colombia,isaacsarmiento@example.net,2023-07-01,64.0
C30458,Timothy Parker,Persona,Regular,Barcelona,España,fpineda@example.net,2021-09-17,27.0
C30459,Carlos Caicedo Quiroz,Persona,Regular,Cartagena,Colombia,nocampo@example.org,2020-10-26,53.0
C30460,Jorge Acosta Agudelo,Anónimo,Anónimo,Barranquilla,Colombia,,2020-10-16,
C30461,Rangel e Hijos,Empresa,Corporativo,Guadalajara ,México,ccorral@miranda.com,2022-04-02,33.0
C30462,Gregorio Gilberto Figueroa,Persona,Regular,Cancún,México,jpera@example.net,2022-10-01,48.0
C30463,Gabriela Mateo Rojo,Persona,Friends Plus,Bogotá,Colombia,whierro@example.com,2025-04-10,59.0
C30464,Bernardino Jose Antonio Mendez Montserrat,Persona,Regular, Mérida,México,burbanojose@example.net,2020-09-28,41.0
C30465,Agustín Gonzalo Pelayo Cervantes,Anónimo,Anónimo,Chicago,Estados Unidos,,2021-01-19,
C30466,Eric Hernando-Ochoa,Persona,Friends Plus,Boston,Estados Unidos,castanedaadelaida@example.net,2021-01-13,63.0
C30467,Sonia Pedro Arellano,Persona,Regular,Rosario,Argentina,mllabres@example.org,2021-04-14,34.0
C30468,Sergio Alejandro Reyes,Persona,Friends Plus,Barcelona,España,katherine38@example.net,2022-12-19,42.0
C30469,Andrea Castellanos,Persona,Regular,Bogotá,Colombia,porfirioquerol@example.com,2021-05-31,46.0
C30470,Jeffrey Douglas,Persona,Regular,Querétaro,México,patriciagonzalez@example.net,2025-01-15,23.0
C30471,Henry Rodríguez Fernández,Persona,Friends Plus,Bilbao,España,dorismendoza@example.net,2021-12-18,27.0
C30472,Lucas Gamez,Persona,Regular,MENDOZA,Argentina,sheena82@example.net,2022-04-27,41.0
C30473,Tony Wilson,Anónimo,Anónimo,Boston,Estados Unidos,,2021-05-16,
C30474,Benito Manjón Feliu,Anónimo,Anónimo,Buenos Aires,Argentina,,2022-06-15,
C30475,Gregory Wood,Anónimo,Anónimo,Rosario,Argentina,,2024-06-21,
C30476,Leonel Ramos,Persona,Regular,Barranquilla,Colombia,bsarmiento@example.com,2022-11-04,51.0
C30477,Barbara Bianca Laureano,Persona,Regular,Bogotá,Colombia,garciarobert@example.net,2020-09-26,25.0
C30478,Camila Viñas Vilaplana,Persona,Regular,Ciudad de México,México,adamscraig@example.net,2020-12-05,31.0
C30479,Ing. Concepción Esquibel,Persona,Regular,Seattle,Estados Unidos,qvigil@example.org,2022-12-12,55.0
C30480,Estela Ariza Ibarra,Persona,Regular,Mérida,México,ryanwalters@example.com,2020-07-05,33.0
C30481,Amparo Niño Vélez,Persona,Regular,Medellín,Colombia,garridorenato@example.com,2021-12-24,40.0
C30482,Lucía Elvia Ojeda Olvera,Persona,Regular,Valencia ,España,estradaadelardo@example.org,2025-03-08,51.0
C30483,Lic. Jacinto Carrero,Persona,Regular,Medellín,Colombia,padillayaneth@example.org,2021-01-30,31.0
C30484,Ing. Micaela Roque,Persona,Regular,Barcelona,España,smithcraig@example.com,2020-01-01,58.0
C30485,Lucy Serna,Persona,Regular,Medellín ,Colombia,alexcalderon@example.org,2022-12-23,35.0
C30486,James Gilmore,Persona,Regular, Los Ángeles,Estados Unidos,rojasliliana@example.net,2024-10-27,23.0
C30487,Porfirio Rocamora Marcos,Persona,Regular,Guadalajara,México,hbarreto@example.net,2022-09-25,38.0
C30488,Laura Avery,Persona,Regular,San Francisco,Estados Unidos,ericfleming@example.net,2021-05-09,42.0
C30489,Amalia Peñalver Guardia,Persona,Regular,Seattle,Estados Unidos,donaldramos@example.org,2020-01-13,21.0
C30490,Hilda Boada-Español,Persona,Regular,Mérida,México,elodiarozas@example.com,2021-08-11,34.0
C30491,Sonia Mora Escobedo,Persona,Regular,Córdoba,Argentina,fernanda57@example.net,2024-09-02,50.0
C30492,Ever Rodríguez Ramírez,Persona,Regular,Miami,Estados Unidos,cookanthony@example.org,2020-04-19,60.0
C30493,Dra. Bianca Rosado,Anónimo,Anónimo,Chicago,Estados Unidos,,2024-03-08,
C30494,Rebecca Henry,Persona,Regular,Cali,Colombia,joseph17@example.org,2024-07-16,25.0
C30495,Ernesto Sevilla Morales,Persona,Regular,Mendoza,Argentina,leopoldoiglesias@example.org,2025-04-03,41.0
C30496,Fabiola Leydi Padilla Giraldo,Anónimo,Anónimo,Barcelona,España,,2020-10-15,
C30497,Gerardo Mosquera,Persona,Regular, Los Ángeles,Estados Unidos,djones@example.com,2023-03-22,41.0
C30498,Oswaldo Peña Olivera,Persona,Regular,Mendoza,Argentina,xfernandez@example.net,2022-09-14,59.0
C30499,Olivia Montoya García,Persona,Regular,Cancún,México,jordanburns@example.net,2020-01-26,30.0
C30500,Bridget Mccormick,Persona,Regular,Cancún,México,augustonieto@example.net,2020-02-25,56.0
C30501,Luis Manuel Suárez Suárez,Persona,Regular,Seattle,Estados Unidos,claudia21@example.net,2023-04-16,56.0
C30502,Raimundo Tur Luján,Persona,Friends Plus,San Francisco,Estados Unidos,ana-luisavargas@example.net,2021-06-25,37.0
C30503,Gregory Taylor,Anónimo,Anónimo,Barcelona,España,,2020-07-19,
C30504,"Rojas, Giraldo and González",Empresa,Corporativo,Mérida,México,scobos@despacho.es,2022-11-25,21.0
C30505,Rebecca Anderson,Persona,Friends Plus,Cancún,México,michaelrusso@example.org,2022-04-01,35.0
C30506,Enrique Ángel Vanegas,Persona,Friends Plus,Mérida,México,calvarado@example.org,2021-01-02,25.0
C30507,Anna Foster,Anónimo,Anónimo,Querétaro,México,,2024-07-27,
C30508,Rubén Domínguez,Persona,Regular,Buenos Aires,Argentina,soniarivera@example.org,2021-03-07,63.0
C30509,Luis Pérez Caicedo,Persona,Regular,Querétaro,México,lbryant@example.net,2020-09-29,30.0
C30510,Leslie Harrell,Anónimo,Anónimo,Miami,Estados Unidos,,2025-02-25,
C30511,Roger Larson,Anónimo,Anónimo,Rosario,Argentina,,2020-08-19,
C30512,Jimmy Arellano,Persona,Friends Plus,Ciudad de México,México,barbaracanizares@example.org,2020-11-04,56.0
C30513,Sarah Johnson,Persona,Regular,Guadalajara,México,jairogalvis@example.org,2023-08-15,42.0
C30514,Dolores Valencia Olaya,Anónimo,Anónimo,Los Ángeles,Estados Unidos,,2024-10-27,
C30515,Baltasar del Quero,Anónimo,Anónimo,Ciudad de México,México,,2024-07-05,
C30516,Chuy Gallardo Castro,Persona,Regular,Buenos Aires,Argentina,vsantana@example.org,2023-02-27,54.0
C30517,Rebecca Taylor,Persona,Regular,Austin,Estados Unidos,ksevilla@example.org,2023-10-27,29.0
C30518,Juan Pablo Jaume Montenegro,Persona,Regular,Merida,México,erika32@example.net,2020-07-26,33.0
C30519,"Proyectos Ayala, Méndez y Montes",Empresa,Corporativo,Guadalajara,México,vazquezana@club.info,2025-02-22,23.0
C30520,Comercializadora Roig y asociados S.L.N.E,Empresa,Corporativo,Austin,Estados Unidos,asanabria@despacho.info,2023-08-15,32.0
C30521,Bailey PLC,Empresa,Corporativo,Medellín,Colombia,carolmoody@harrell.com,2020-11-18,64.0
C30522,Carla Marks,Persona,Friends Plus,Valencia,España,jacquelinehickman@example.org,2021-04-13,50.0
C30523,Katie Valentine,Persona,Regular,Boston,Estados Unidos,emota@example.com,2021-03-03,52.0
C30524,Víctor Maldonado,Persona,Regular,Rosario,Argentina,revillapurificacion@example.net,2025-05-22,42.0
C30525,Alma Gracia Tirado,Persona,Regular,Miami,Estados Unidos,camila59@example.net,2022-06-08,31.0
C30526,Magdalena Conchita Alcántar Colunga,Persona,Regular,Barcelona,España,udiez@example.com,2022-11-06,34.0
C30527,Harold Ríos,Persona,Regular,Barranquilla,Colombia,stellarodriguez@example.net,2025-03-08,61.0
C30528,Emilia Sanmartín Ariza,Anónimo,Anónimo,Bogotá,Colombia,,2021-09-02,
C30529,Diego Federico Palacios,Persona,Regular,Buenos Aires,Argentina,nstephens@example.org,2023-10-26,53.0
C30530,"Torres, Beltrán and Mosquera",Empresa,Corporativo,Miami,Estados Unidos,ayaladanielle@mendez-heath.info,2024-10-18,37.0
C30531,David Moreno,Persona,Regular,Querétaro,México,dimasmedina@example.org,2021-11-08,64.0
C30532,Rosa Elena Ruiz,Persona,Regular,Nueva York,Estados Unidos,angelica00@example.org,2024-11-21,20.0
C30533,"Wolf, Hale and Mcdaniel",Empresa,Corporativo,Mérida,México,matthewgarza@hernandez-grimes.info,2022-02-06,50.0
C30534,María Ortiz,Persona,Regular,Rosario,Argentina,luevanoruben@example.com,2020-10-09,30.0
C30535,Leslie Lee,Persona,Friends Plus,CIUDAD DE MÉXICO,México,andres60@example.com,2025-01-10,41.0
C30536,Dolores Bermúdez Cardona,Persona,Friends Plus,Chicago,Estados Unidos,sfernandez@example.net,2023-10-06,29.0
C30537,Proyectos Alvarez y Matías,Empresa,Corporativo,Medellín ,Colombia,gabinoaleman@laboratorios.com,2021-08-17,42.0
C30538,Faustino Pepe Olivares Salmerón,Persona,Regular,Mendoza,Argentina,uriarterolando@example.com,2022-04-06,54.0
C30539,Angel Brown,Persona,Regular,Miami,Estados Unidos,rojasleidy@example.org,2021-07-05,29.0
C30540,Fernando García,Anónimo,Anónimo,Bilbao,España,,2020-08-23,
C30541,Miss Brenda Simmons,Persona,Regular,Córdoba ,Argentina,rosselloalex@example.org,2022-06-22,22.0
C30542,Horacio Almaraz,Persona,Friends Plus,Barcelona,España,zsmith@example.net,2021-09-08,42.0
C30543,"Sánchez, Camargo and Martínez",Empresa,Corporativo,Los Ángeles,Estados Unidos,laura88@butler-mcdowell.biz,2022-07-30,38.0
C30544,Curtis Inc,Empresa,Corporativo,Barcelona,España,manuelcarvajal@hoyos.com,2023-12-06,57.0
C30545,Ana Andrea Rivas,Persona,Friends Plus,Los Ángeles,Estados Unidos,powellkathleen@example.com,2024-04-22,54.0
C30546,Fabiola Tania Limón Montero,Persona,Regular,Buenos Aires,Argentina,paulino67@example.net,2024-05-17,18.0
C30547,Claudia Lizeth Arboleda Flórez,Persona,Regular,Guadalajara,México,pulidoleonel@example.net,2021-03-03,37.0
C30548,José Mari Benito-Campo,Persona,Regular,Córdoba,Argentina,sotocynthia@example.org,2022-07-18,64.0
C30549,"Martinez, Berry and Jackson",Empresa,Corporativo,Ciudad de México,México,vrodriguez@dominguez.es,2022-09-11,32.0
C30550,Steven Eduardo Orozco Perea,Persona,Regular,San Francisco,Estados Unidos,jorge63@example.org,2023-07-06,49.0
C30551,Catalina Castro,Persona,Friends Plus,Seattle,Estados Unidos,jaquelinepelayo@example.net,2024-08-09,61.0
C30552,Ramón Orta,Persona,Regular,Medellín,Colombia,utejedor@example.net,2023-08-21,48.0
C30553,Joshua Nelson,Anónimo,Anónimo,Seattle,Estados Unidos,,2021-05-19,
C30554,Ing. Graciela Valdez,Anónimo,Anónimo,Miami,Estados Unidos,,2024-09-30,
C30555,Erika Alba Arango,Persona,Regular,Bilbao,España,hvelazquez@example.net,2020-10-02,40.0
C30556,Limón e Hijos,Empresa,Corporativo,Los Ángeles,Estados Unidos,ortegaoscar@gamboa.info,2025-04-14,45.0
C30557,Robert Dunn,Persona,Friends Plus,Barcelona,España,capdevilachita@example.org,2021-04-29,53.0
C30558,Karen García Díaz,Persona,Friends Plus,Ciudad de México,México,grubio@example.org,2022-02-20,54.0
C30559,Jaider Stiven Oviedo,Persona,Regular,Querétaro,México,esmeraldasaldivar@example.com,2023-01-28,36.0
C30560,Jason Marks,Persona,Regular,Los Ángeles,Estados Unidos,progers@example.org,2024-01-19,40.0
C30561,Diana Betty Ordóñez Díaz,Persona,Regular,Valencia,España,kwilliams@example.net,2022-05-08,51.0
C30562,Alfonso Gómez Gil,Persona,Regular,Nueva York,Estados Unidos,yduran@example.org,2020-08-13,52.0
C30563,Miranda and Sons,Empresa,Corporativo,Valencia,España,wpera@consultoria.com,2023-02-01,54.0
C30564,Annette Boyd,Persona,Regular,Bilbao,España,camilo16@example.net,2024-12-05,44.0
C30565,Abigail Judith Collazo Alcala,Persona,Regular,Rosario,Argentina,yochoa@example.org,2023-02-20,58.0
C30566,Leonardo Adrián Palacio,Anónimo,Anónimo,Guadalajara,México,,2023-03-30,
C30567,Esparta Delia Salinas,Persona,Regular,Los Ángeles,Estados Unidos,ariel79@example.org,2020-02-14,55.0
C30568,Sr. Modesto de León,Persona,Regular,Guadalajara,México,whitetodd@example.com,2023-08-26,33.0
C30569,Graciano Albero Galán,Persona,Regular,Boston,Estados Unidos,lewisjoyce@example.com,2020-01-18,41.0
C30570,Carolina Mary Murillo,Persona,Friends Plus,Seattle,Estados Unidos,mparra@example.com,2022-11-20,21.0
C30571,Eliecer Vega,Persona,Regular,Madrid,España,elisa42@example.com,2020-04-16,47.0
C30572,Micaela Flores Raya,Persona,Regular,Mendoza,Argentina,geronimogonzales@example.net,2021-11-06,36.0
C30573,Sr. Rubén Lozano,Anónimo,Anónimo,Mérida,México,,2020-10-05,
C30574,Lic. Noelia Segovia,Persona,Friends Plus,Barranquilla,Colombia,ysegui@example.net,2020-07-19,44.0
C30575,Sandra Roa Henao,Persona,Regular,Valencia,España,cynthia86@example.com,2023-04-15,36.0
C30576,Carolina Perdomo Vargas,Anónimo,Anónimo,San Francisco,Estados Unidos,,2021-10-16,
C30577,Louis Villegas,Persona,Regular,QUERÉTARO,México,fmarroquin@example.net,2022-06-26,54.0
C30578,Danielle Rhodes,Persona,Regular,Ciudad de México,México,salazarvioleta@example.org,2024-02-04,62.0
C30579,María Eugenia Apodaca Montañez,Anónimo,Anónimo,Chicago ,Estados Unidos,,2023-12-20,
C30580,Horacio Arrieta Calderón,Persona,Regular,Valencia,España,meloguillermo@example.org,2025-04-03,21.0
C30581,Juan Manuel Ariño,Anónimo,Anónimo,Buenos Aires,Argentina,,2024-04-07,
C30582,Alfredo Pacheco Vanegas,Anónimo,Anónimo,MÉRIDA,México,,2023-04-13,
C30583,Henry Bean,Persona,Regular,VALENCIA,España,cceja@example.net,2024-05-21,63.0
C30584,Srita. Margarita Molina,Persona,Friends Plus,Querétaro,México,psaavedra@example.org,2022-04-23,64.0
C30585,Beatriz Barbara Carmona,Persona,Regular,Nueva York,Estados Unidos,guillermodiaz@example.org,2021-05-18,40.0
C30586,Yolanda Luisa Guzmán,Persona,Regular,Chicago,Estados Unidos,adantamarit@example.com,2023-01-24,39.0
C30587,Jesús Cano Tafoya,Persona,Regular,Monterrey,México,taylorwilliam@example.net,2023-02-24,22.0
C30588,José Rodríguez Ruiz,Persona,Friends Plus,Mérida,México,timoteogastelum@example.org,2024-09-17,39.0
C30589,Benjamin Morris,Persona,Regular,Los Ángeles,Estados Unidos,jensenderrick@example.com,2025-03-04,29.0
C30590,Gómez-Torres,Empresa,Corporativo,Austin,Estados Unidos,flynnamber@parsons.org,2025-03-17,53.0
C30591,Julie Hamilton,Persona,Regular,Madrid,España,nilsoncastillo@example.net,2021-03-08,48.0
C30592,Visitación del Montesinos,Persona,Friends Plus,Bogota,Colombia,felipefranco@example.org,2024-02-28,23.0
C30593,Lorenzo Andrés Jasso Armendáriz,Persona,Regular,Cancún,México,nreed@example.com,2020-07-03,22.0
C30594,Aaron Cameron,Persona,Regular,Querétaro,México,hmanzanares@example.net,2021-09-29,18.0
C30595,Srita. Leticia Vergara,Persona,Friends Plus,Madrid,España,sean39@example.org,2023-01-29,27.0
C30596,Amparo Cabanillas-Marquez,Persona,Friends Plus,Bogotá,Colombia,melissaneal@example.com,2025-03-28,53.0
C30597,Taylor Gibbs,Persona,Regular, Bogotá,Colombia,rmckinney@example.com,2024-10-26,57.0
C30598,Leidy Castaño López,Persona,Friends Plus,Madrid,España,lunasolis@example.com,2020-06-07,62.0
C30599,Sra. Itzel Salazar,Persona,Regular,Monterrey,México,jairorivera@example.com,2022-03-19,61.0
C30600,Nathaniel Peters,Persona,Friends Plus,Mendoza,Argentina,ehoward@example.net,2020-01-25,49.0
C30601,Modesto Pelayo Arredondo,Anónimo,Anónimo,San Francisco,Estados Unidos,,2025-02-14,
C30602,Thomas-Foley,Empresa,Corporativo,Monterrey,México,ytorrents@santamaria.org,2023-10-29,60.0
C30603,Joyce Williams,Persona,Regular,Cartagena,Colombia,auratapia@example.com,2021-07-16,55.0
C30604,Luz Morales Contreras,Persona,Regular,San Francisco,Estados Unidos,mmuro@example.org,2022-03-04,34.0
C30605,Leticia Margarita Zapata Leal,Persona,Regular,Nueva York,Estados Unidos,hernandocasanovas@example.org,2022-08-22,29.0
C30606,Amelia Téllez de Jesús,Persona,Regular,Rosario,Argentina,kingrebecca@example.org,2021-01-18,39.0
C30607,Judith Irene López García,Persona,Friends Plus,MÉRIDA,México,charmon@example.org,2021-09-07,34.0
C30608,David Burgess,Persona,Regular, Barcelona,España,anabelllado@example.org,2020-06-09,21.0
C30609,Daniel Pierce,Persona,Regular,Miami,Estados Unidos,ujaimes@example.net,2020-05-17,42.0
C30610,Marvin Higgins,Persona,Regular,Rosario,Argentina,millerjohn@example.org,2025-04-13,61.0
C30611,Tito Bastida Sastre,Persona,Friends Plus,Rosario,Argentina,fvalcarcel@example.net,2024-10-14,58.0
C30612,Mitzy Eva Tijerina,Persona,Regular,Miami,Estados Unidos,jose-mariagrijalva@example.com,2025-05-09,50.0
C30613,Juan Triana,Persona,Friends Plus,Mérida,México,taylorkeith@example.net,2024-04-06,37.0
C30614,Cándida Giner Ferrándiz,Persona,Friends Plus,Madrid,España,colemancourtney@example.com,2020-09-27,48.0
C30615,Kevin Brown,Persona,Regular,Nueva York,Estados Unidos,imorales@example.com,2022-01-23,20.0
C30616,Dr. Elias Gracia,Persona,Regular,Bilbao,España,rgutierrez@example.net,2021-04-04,20.0
C30617,Laura Barela Ozuna,Persona,Regular,Guadalajara,México,julianavila@example.com,2022-03-11,30.0
C30618,Sergio Bustamante Rael,Persona,Regular,Guadalajara,México,richard54@example.com,2024-08-29,51.0
C30619,María Isabel Peña Ariza,Persona,Friends Plus, Mendoza,Argentina,johanna38@example.com,2024-04-03,25.0
C30620,Xavier Lewis,Persona,Regular,Los Ángeles,Estados Unidos,isabel36@example.org,2022-04-28,44.0
C30621,Silvano Dueñas,Persona,Regular,Monterrey,México,smena@example.com,2021-01-16,42.0
C30622,Jennifer Wu,Persona,Regular, Mendoza,Argentina,ftorres@example.net,2024-06-17,28.0
C30623,Wilfrido Valdivia,Persona,Regular,Mérida,México,tamaritrosario@example.com,2023-01-29,56.0
C30624,Noemí Llobet Pelayo,Persona,Friends Plus,Seattle,Estados Unidos,nubia10@example.org,2023-05-17,21.0
C30625,"Valencia, Murillo and Trujillo",Empresa,Corporativo,Cancún,México,marco02@lynch.com,2020-07-15,27.0
C30626,Dr. Gerardo Morales,Persona,Friends Plus,Barcelona,España,maryschneider@example.net,2020-06-01,54.0
C30627,Hansen-Black,Empresa,Corporativo,Monterrey,México,sstewart@campbell-carroll.com,2023-12-02,54.0
C30628,Martín Canales,Anónimo,Anónimo,San Francisco,Estados Unidos,,2022-08-16,
C30629,Raúl Gamboa,Anónimo,Anónimo,Medellín,Colombia,,2020-05-23,
C30630,Alexander Archer,Persona,Regular,Bilbao,España,leontorres@example.net,2024-01-06,42.0
C30631,Michael Graham,Persona,Regular,Austin,Estados Unidos,fballester@example.net,2020-08-08,26.0
C30632,Rubén Gabino Arroyo,Persona,Friends Plus,Nueva York,Estados Unidos,liliarojas@example.org,2022-12-04,47.0
C30633,Etelvina Cabrera Jerez,Persona,Regular,Barranquilla,Colombia,cchandler@example.org,2023-01-23,36.0
C30634,Hotel Tomé S.A.,Empresa,Corporativo,Mérida,México,rinconremigio@servicios.com,2023-02-09,24.0
C30635,María José Asunción Dueñas Crespo,Persona,Regular,Barcelona,España,jenkinsleah@example.com,2023-02-23,53.0
C30636,Nilo Vergara Olivares,Persona,Regular,Boston,Estados Unidos,angel36@example.net,2024-04-05,59.0
C30637,Consuelo María Jaramillo,Persona,Regular,Medellin,Colombia,dbas@example.net,2021-09-04,58.0
C30638,Berta Torres,Persona,Friends Plus,Nueva York,Estados Unidos,fernando71@example.net,2021-12-29,32.0
C30639,Marisela Marisela Heredia,Persona,Regular,Nueva York,Estados Unidos,jcamara@example.org,2022-07-14,45.0
C30640,Mauro Zelaya Ortega,Anónimo,Anónimo,Barcelona,España,,2022-07-09,
C30641,Marcela Stella Angulo Duarte,Persona,Friends Plus,San Francisco,Estados Unidos,alemanyleandro@example.com,2025-05-24,41.0
C30642,Abelardo Miguel Ángel Sáenz,Persona,Regular,Guadalajara,México,irma62@example.org,2023-06-09,25.0
C30643,Antonio Óliver Palomino Téllez,Persona,Regular,Barranquilla,Colombia,fernando85@example.com,2020-11-13,63.0
C30644,Tiffany Landry,Persona,Regular,Valencia,España,mdominguez@example.org,2023-05-31,50.0
C30645,Jason Vargas,Anónimo,Anónimo,Mendoza,Argentina,,2022-07-05,
C30646,Ing. Adán Llamas,Persona,Regular,Monterrey,México,hervasmaxima@example.com,2023-12-14,20.0
C30647,Garrett Savage,Persona,Friends Plus,Sevilla,España,selenapla@example.com,2024-05-17,27.0
C30648,Zoé Saucedo,Persona,Regular, Seattle,Estados Unidos,grijalvalourdes@example.org,2020-02-09,45.0
C30649,Candice Bell,Persona,Regular,Cartagena,Colombia,edelmirocalvo@example.net,2023-10-17,32.0
C30650,Chris Morrison,Anónimo,Anónimo,Bogotá,Colombia,,2020-07-28,
C30651,Elvira Celia Rivero Gaona,Persona,Regular,Barcelona,España,rubiopatricio@example.com,2022-01-08,52.0
C30652,Jacqueline Lopez,Persona,Regular,Guadalajara,México,jaime77@example.org,2021-05-31,34.0
C30653,Alejandro Francisco Nieto Galindo,Persona,Regular,Austin,Estados Unidos,melissa36@example.net,2020-05-13,57.0
C30654,Gloria Colunga,Persona,Regular,Seattle,Estados Unidos,eustaquioayllon@example.com,2020-09-18,47.0
C30655,Kimberly Murillo,Persona,Regular,Cali,Colombia,antoniocarranza@example.org,2023-11-28,51.0
C30656,Anthony Vaughn,Persona,Regular,Cancún,México,ysanches@example.net,2020-04-20,40.0
C30657,Amy Webb,Persona,Friends Plus,Barranquilla,Colombia,frojas@example.com,2025-02-15,29.0
C30658,Sr. Alberto Rojas,Persona,Friends Plus,Rosario,Argentina,charlesfriedman@example.org,2021-10-13,41.0
C30659,Salomé Lucena Echeverría,Anónimo,Anónimo, Buenos Aires,Argentina,,2022-02-06,
C30660,"Adams, Gamble and Oliver",Empresa,Corporativo,Nueva York ,Estados Unidos,salvador52@rivas.com,2020-07-06,57.0
C30661,Patricio Gallegos Zúñiga,Persona,Friends Plus,Chicago,Estados Unidos,solisbrunilda@example.org,2021-12-06,31.0
C30662,Jonás Narváez Carreón,Persona,Regular,CALI,Colombia,obduliaizquierdo@example.org,2022-09-08,23.0
C30663,Barbara Spencer,Anónimo,Anónimo,Monterrey,México,,2024-09-05,
C30664,Susan Turner,Anónimo,Anónimo,MENDOZA,Argentina,,2022-11-11,
C30665,Centeno y Alba S. R.L. de C.V.,Empresa,Corporativo,Cancún,México,zjenkins@flores-coleman.com,2020-05-05,30.0
C30666,Jaime Rojas Parada,Persona,Regular,Madrid,España,margaritamesa@example.com,2022-07-02,37.0
C30667,Sessa Mariana de Jesús,Persona,Regular,Los Ángeles,Estados Unidos,meadowsbrian@example.com,2020-09-26,19.0
C30668,Régulo de Carlos,Persona,Friends Plus,Boston,Estados Unidos,fvargas@example.org,2025-02-01,31.0
C30669,Américo Ibáñez Fabra S.Coop.,Empresa,Corporativo,Los Ángeles,Estados Unidos,rileymegan@carlson-simmons.com,2025-04-07,43.0
C30670,Pelayo Alemany Rojas,Persona,Regular,Boston,Estados Unidos,jose-carlos50@example.com,2023-09-30,55.0
C30671,Celia Botello,Persona,Regular,Nueva York,Estados Unidos,andresbartolome@example.com,2023-09-25,38.0
C30672,Keith Carter,Persona,Regular,Austin,Estados Unidos,smiththomas@example.org,2020-08-01,39.0
C30673,Cleto de Moraleda,Persona,Regular,LOS ÁNGELES,Estados Unidos,jamestapia@example.com,2020-05-01,62.0
C30674,Deisy Molina,Persona,Regular,Querétaro,México,javiercontreras@example.org,2022-11-19,41.0
C30675,Construcción Hurtado & Asociados S.C.P,Empresa,Corporativo,Valencia,España,kcastro@ramirez.com,2022-01-29,61.0
C30676,Jennifer Frank,Persona,Regular,Seattle,Estados Unidos,christopher79@example.net,2021-02-14,55.0
C30677,Kara Jones,Persona,Regular,Cartagena,Colombia,ramon58@example.net,2024-01-30,48.0
C30678,Diego Díaz,Anónimo,Anónimo,Seattle,Estados Unidos,,2022-03-21,
C30679,Dr. Hernán Barrios,Persona,Regular,Cancún,México,romeromarcelino@example.org,2020-01-03,21.0
C30680,Carolina Piedad Cortés,Persona,Regular,Austin,Estados Unidos,qpena@example.com,2020-12-06,23.0
C30681,Horacio Aurelio Valencia Salas,Persona,Friends Plus,Austin,Estados Unidos,nmadera@example.org,2023-01-15,49.0
C30682,Esteban Pablo Ramos,Persona,Regular,Boston,Estados Unidos,osaldivar@example.com,2021-09-26,19.0
C30683,Mrs. Angelica Castillo,Anónimo,Anónimo,Sevilla,España,,2023-12-04,
C30684,Wálter Barrena Puga,Persona,Friends Plus,Mérida,México,michellerhodes@example.net,2020-05-23,63.0
C30685,Víctor Chacón,Persona,Regular,Guadalajara,México,luistorres@example.net,2024-01-29,40.0
C30686,Alta  Gracia Ilse Rosado Cisneros,Persona,Regular,Austin,Estados Unidos,trillomarcio@example.net,2021-03-28,41.0
C30687,Édgar Jover Aragón,Anónimo,Anónimo,Medellín,Colombia,,2020-07-23,
C30688,Loreto Emilia Real Calvet,Persona,Regular,Seattle,Estados Unidos,michael69@example.com,2024-07-02,48.0
C30689,Miriam Bartolomé Galvez,Anónimo,Anónimo,Nueva York,Estados Unidos,,2020-08-04,
C30690,Espartaco Gerardo Córdova Franco,Anónimo,Anónimo,San Francisco,Estados Unidos,,2022-09-08,
C30691,Alejandra Paola Orozco,Persona,Regular,Ciudad de México,México,dawnmiller@example.net,2021-01-31,38.0
C30692,Rachel Espinoza,Anónimo,Anónimo,Madrid,España,,2021-01-20,
C30693,Robert Morris,Anónimo,Anónimo,Nueva York,Estados Unidos,,2022-03-17,
C30694,Gisela Plana,Persona,Regular,Cancún,México,rolandoherranz@example.org,2022-02-26,19.0
C30695,Krista Reese,Persona,Regular, Bilbao,España,jacobo07@example.com,2023-05-30,28.0
C30696,Maribel Frías,Anónimo,Anónimo,Chicago,Estados Unidos,,2021-09-06,
C30697,Victoria Alicia Mascareñas Salazar,Persona,Friends Plus,Miami,Estados Unidos,daniel33@example.net,2022-06-30,57.0
C30698,Eugenia Anaya Valencia,Persona,Regular,Mendoza,Argentina,ricardo76@example.org,2023-07-17,30.0
C30699,Adolfo Jesús Lozano Gómez,Persona,Regular,Cartagena,Colombia,nevarezwilfrido@example.com,2020-01-23,22.0
C30700,Apolinar Cobos Pujol,Anónimo,Anónimo,Madrid,España,,2020-08-24,
C30701,Jonás Toro,Anónimo,Anónimo,Ciudad de México,México,,2022-12-09,
C30702,Lázaro Tapia Muro,Persona,Regular,Cali,Colombia,pazalejandra@example.com,2020-09-13,30.0
C30703,Socorro Conde Herranz,Anónimo,Anónimo,Medellín,Colombia,,2024-10-02,
C30704,Teresa Robbins,Persona,Regular,LOS ÁNGELES,Estados Unidos,jamesfields@example.com,2021-04-22,20.0
C30705,Pascual Alejandro Cortez Canales,Persona,Regular,Nueva York,Estados Unidos,zbaquero@example.net,2022-07-30,42.0
C30706,Mary Escobar Soto,Persona,Regular,Valencia,España,monroyedgar@example.org,2023-06-15,56.0
C30707,Luis Enrique Daza,Persona,Regular,Seattle,Estados Unidos,kristinballard@example.net,2022-02-23,30.0
C30708,Sebastián Asensio,Persona,Regular, Boston,Estados Unidos,bsanchez@example.net,2023-01-14,61.0
C30709,Carmen Ana Peña,Anónimo,Anónimo,MIAMI,Estados Unidos,,2023-12-17,
C30710,Patricia Blair,Persona,Regular,Querétaro,México,oarroyo@example.net,2020-08-11,33.0
C30711,René Cornejo,Persona,Regular,Guadalajara,México,grasandrea@example.net,2022-11-11,44.0
C30712,Suministros Espejo & Asociados S.L.,Empresa,Corporativo,Ciudad de México,México,alberto15@proyectos.biz,2023-08-18,41.0
C30713,Anthony Hughes,Persona,Regular,Cancún,México,jpineda@example.net,2020-06-26,64.0
C30714,Hilda Avilés Galarza,Persona,Regular,Ciudad de Mexico,México,florjenny@example.com,2022-08-14,41.0
C30715,Soluciones ZOY S.A.U,Empresa,Corporativo,Valencia,España,nelsonlinda@morrison-ortiz.com,2023-02-18,59.0
C30716,Cornelio Abelardo Cardenas,Persona,Regular,Chicago,Estados Unidos,israel91@example.com,2021-12-16,25.0
C30717,Gregorio Alonso Padilla,Persona,Regular,Ciudad de México,México,mateo70@example.com,2021-12-03,46.0
C30718,Pablo Geovanny Castro Peña,Anónimo,Anónimo,Barcelona ,España,,2020-07-01,
C30719,Rafaela Priego-Arias,Persona,Regular,Rosario,Argentina,maria90@example.org,2021-06-14,24.0
C30720,Andrés Adrián Ávila,Persona,Regular,CARTAGENA,Colombia,rufinogarza@example.org,2023-08-21,52.0
C30721,"Salazar, Moreno and García",Empresa,Corporativo,Córdoba,Argentina,wilsonjohn@smith.com,2022-05-12,52.0
C30722,Fidel Manuel Alvarado Altamirano,Anónimo,Anónimo,Barcelona,España,,2020-11-18,
C30723,Urbano Carrera Paz,Persona,Friends Plus,Seattle,Estados Unidos,maureen32@example.net,2020-03-29,47.0
C30724,Casemiro Guijarro-Navarrete,Persona,Regular,San Francisco,Estados Unidos,kmorris@example.com,2022-03-14,31.0
C30725,Ashley James,Persona,Regular,Chicago ,Estados Unidos,jesusbeltran@example.com,2023-10-12,34.0
C30726,Angélica Leonor Bravo Cortez,Persona,Regular,San Francisco,Estados Unidos,antoniogomez@example.com,2025-04-12,31.0
C30727,Abraham Montez,Persona,Regular,Valencia,España,alba13@example.org,2025-03-22,25.0
C30728,Yurani Carolina Cortés,Persona,Regular,Miami,Estados Unidos,andreaacevedo@example.com,2021-04-02,33.0
C30729,Lic. Humberto Saucedo,Anónimo,Anónimo,Chicago,Estados Unidos,,2022-11-03,
C30730,Julio César Alfonso Sosa Reynoso,Anónimo,Anónimo,Austin,Estados Unidos,,2024-10-30,
C30731,Javier Gabriel Valdés,Persona,Regular,Ciudad de México,México,irojas@example.org,2023-12-04,58.0
C30732,Esteban Ávalos,Persona,Friends Plus,San Francisco,Estados Unidos,mauriciotoro@example.com,2023-05-20,21.0
C30733,Ballesteros Ltd,Empresa,Corporativo,Barcelona,España,amandasmith@atkinson.com,2023-10-24,53.0
C30734,"Boyd, Doyle and Sanchez",Empresa,Corporativo,Guadalajara,México,sandra07@martinez-ceballos.com,2024-07-02,19.0
C30735,Denise Gordon,Persona,Regular,Ciudad de México,México,dominguezangie@example.com,2022-05-04,32.0
C30736,Martínez Group,Empresa,Corporativo,Cartagena,Colombia,monroyzacarias@guillen.com,2023-02-09,40.0
C30737,Michael Ross,Persona,Regular,Monterrey,México,laura35@example.net,2024-05-29,40.0
C30738,Mrs. Katie Pitts,Persona,Regular,Nueva York,Estados Unidos,catalinaparedes@example.com,2023-03-26,28.0
C30739,Susan Wright,Anónimo,Anónimo,Rosario,Argentina,,2021-03-10,
C30740,Hilda Cuéllar Martínez,Persona,Friends Plus,Mérida,México,camiloromero@example.com,2024-12-22,31.0
C30741,Manuel Faber Mosquera Parra,Persona,Regular,Monterrey,México,izaragoza@example.net,2021-07-15,53.0
C30742,Eli del Garriga,Persona,Regular,Monterrey,México,hilda84@example.net,2024-11-09,41.0
C30743,Marlén Palacios Hernández,Persona,Regular,Ciudad de México,México,concepcionandrea@example.com,2022-10-06,44.0
C30744,Gilberto José Carmona,Persona,Regular,San Francisco,Estados Unidos,castilloasuncion@example.net,2021-11-27,52.0
C30745,Edgar Niño,Persona,Regular,Ciudad de México,México,moraangel@example.com,2024-02-16,19.0
C30746,Nicole Ramirez,Persona,Regular,Los Ángeles,Estados Unidos,ferreradario@example.org,2021-10-29,27.0
C30747,Carreón S.C.,Empresa,Corporativo,Seattle,Estados Unidos,sandra32@hnos.es,2025-02-09,37.0
C30748,Cristian Camilo Vélez Hurtado,Persona,Friends Plus,Buenos Aires ,Argentina,ysimo@example.com,2024-08-21,47.0
C30749,José María Blanca-Vilar,Anónimo,Anónimo,Madrid,España,,2021-10-20,
C30750,Priscila del Chico,Persona,Regular,Los Ángeles ,Estados Unidos,francyjaimes@example.com,2022-09-20,58.0
C30751,Telmo Linares Manzano,Persona,Regular,Cali,Colombia,gomezeduardo@example.net,2020-01-04,40.0
C30752,Esparta Ibarra,Persona,Regular,SEVILLA,España,albertosalamanca@example.com,2023-04-30,42.0
C30753,Comercial Murcia & Asociados S.Coop.,Empresa,Corporativo,Guadalajara,México,gainesgreg@taylor.net,2020-11-16,40.0
C30754,Mary Hines,Persona,Regular,Monterrey,México,oscar24@example.com,2022-07-30,42.0
C30755,Chus Manzano Elías,Persona,Regular,Cali,Colombia,salmanza@example.org,2024-04-27,62.0
C30756,Aura Vendrell Valentín,Persona,Friends Plus,MENDOZA,Argentina,maria68@example.net,2023-08-04,56.0
C30757,Giovanny Suárez Díaz,Persona,Friends Plus,Barcelona,España,adrianagomez@example.net,2020-12-05,28.0
C30758,Janeth Rosa Moreno Espinosa,Persona,Friends Plus,Los Ángeles,Estados Unidos,nledesma@example.org,2022-05-01,38.0
C30759,Eladio Fuentes Arco,Persona,Friends Plus,Boston,Estados Unidos,benitocasals@example.net,2021-06-20,31.0
C30760,Rodrigo Aníbal Rojas González,Persona,Regular,Mendoza,Argentina,izapata@example.com,2023-01-02,28.0
C30761,Matilde Natalia Duque Rosero,Persona,Regular,Seattle,Estados Unidos,silvanopuga@example.net,2021-09-09,23.0
C30762,Edwar Sánchez,Persona,Regular,Seattle,Estados Unidos,gfields@example.org,2020-09-01,26.0
C30763,Restauración Iberia S.A.,Empresa,Corporativo,Cali,Colombia,wrobles@transportes.es,2022-08-22,42.0
C30764,Ana María Tejeda,Persona,Regular,Sevilla,España,eloisa08@example.com,2021-02-19,46.0
C30765,Luis Manuel Fernando Soria,Persona,Friends Plus,Medellín,Colombia,qsanabria@example.org,2022-10-21,39.0
C30766,Margarita Vásquez Ayala,Anónimo,Anónimo,Cancún,México,,2023-02-28,
C30767,John Porter,Persona,Regular,Rosario,Argentina,cynthia10@example.org,2021-04-22,42.0
C30768,Andrés Felipe Ibarra Julián,Persona,Regular,Querétaro,México,wardkaren@example.com,2024-07-11,49.0
C30769,Emigdio Bellido,Persona,Regular,Mérida,México,luzperez@example.org,2023-12-20,43.0
C30770,Eustaquio Porcel Sans,Anónimo,Anónimo,Guadalajara,México,,2020-05-01,
C30771,Leticia Acevedo,Persona,Regular, Bogotá,Colombia,rdiaz@example.net,2021-02-02,61.0
C30772,Tina Howell,Persona,Regular,Los Ángeles,Estados Unidos,ximena64@example.com,2021-11-06,64.0
C30773,Nancy Leal Ochoa,Persona,Regular,Monterrey,México,riveracynthia@example.com,2023-09-09,49.0
C30774,Marino Flores,Persona,Friends Plus,Miami,Estados Unidos,emma89@example.org,2020-03-07,52.0
C30775,Sergio Quintero Cárdenas,Persona,Regular,Guadalajara,México,camilo85@example.com,2024-05-04,26.0
C30776,Gil Carro Puente,Anónimo,Anónimo,San Francisco,Estados Unidos,,2024-12-03,
C30777,Rodarte-Oquendo,Empresa,Corporativo,Monterrey,México,cesarozuna@grupo.com,2022-03-30,64.0
C30778,Sharon Robinson,Persona,Friends Plus,Bogotá,Colombia,lucia31@example.com,2024-07-17,20.0
C30779,Christopher Barajas,Anónimo,Anónimo,Miami,Estados Unidos,,2025-02-20,
C30780,Holly Griffin,Persona,Regular,Guadalajara,México,lprince@example.org,2022-06-21,31.0
C30781,Torres-Prieto,Empresa,Corporativo,Ciudad de México,México,brunoquevedo@comercializadora.com,2020-05-24,38.0
C30782,Catherine Chan,Persona,Friends Plus,Cartagena,Colombia,eklein@example.net,2020-02-23,31.0
C30783,Severino Gallo Agudo S.L.,Empresa,Corporativo,Guadalajara,México,barriosvictoria@baez.com,2022-04-24,59.0
C30784,Marcio Miralles,Persona,Regular,Barcelona,España,adriana37@example.net,2024-12-24,45.0
C30785,Jenny María Restrepo Vargas,Anónimo,Anónimo,Ciudad de México,México,,2022-08-14,
C30786,Justin Scott,Persona,Regular,Los Ángeles,Estados Unidos,zapatajohn@example.org,2025-01-17,36.0
C30787,Tony Peters,Anónimo,Anónimo,Cancún,México,,2020-05-06,
C30788,Remigio Cifuentes,Persona,Regular,Austin,Estados Unidos,jlopez@example.net,2022-11-23,56.0
C30789,Cory Wallace,Persona,Friends Plus,CÓRDOBA,Argentina,carrerarosario@example.org,2020-02-25,47.0
C30790,Alimentación Sebastián S.L.,Empresa,Corporativo,Rosario,Argentina,christiedavis@soto.com,2020-02-26,18.0
C30791,Astrid Ligia González Trujillo,Persona,Regular, Rosario,Argentina,lsanchez@example.com,2024-01-22,30.0
C30792,Juan Luis Quintero Aguirre,Anónimo,Anónimo,Boston,Estados Unidos,,2023-08-22,
C30793,Verónica del Rueda,Persona,Regular,Bilbao,España,coronadoarcelia@example.org,2022-01-21,45.0
C30794,María Paola Arévalo,Persona,Friends Plus,Valencia,España,nrojas@example.com,2024-01-05,58.0
C30795,Ana Romero,Persona,Friends Plus, Monterrey,México,botelloantonia@example.com,2022-02-20,57.0
C30796,Camila Barbosa,Persona,Regular,Sevilla,España,pescalona@example.com,2022-11-30,36.0
C30797,Sandra Londoño Murcia,Persona,Regular,Sevilla,España,fpadilla@example.org,2021-09-26,38.0
C30798,Gregorio Soto Montoya,Persona,Regular,Cali,Colombia,jonas37@example.net,2023-02-14,24.0
C30799,Marisol Molina,Persona,Regular,Querétaro,México,vsotelo@example.net,2022-01-10,29.0
C30800,Randy Hayes,Anónimo,Anónimo,Los Ángeles,Estados Unidos,,2024-09-16,
C30801,Alicia Rodríguez Rodríguez,Persona,Regular,Mendoza,Argentina,kguevara@example.org,2021-09-09,49.0
C30802,Rebecca Hicks,Persona,Regular, Bogotá,Colombia,gallegosnicholas@example.net,2025-03-12,43.0
C30803,"Medina, Molina and Palacios",Empresa,Corporativo,Cali,Colombia,germanbadillo@zayas.com,2021-10-06,59.0
C30804,Pablo Luis Forero Bautista,Anónimo,Anónimo,Córdoba,Argentina,,2022-10-01,
C30805,Rebeca María Elena Soto Perea,Persona,Regular,Mérida,México,carolinazabaleta@example.org,2020-10-29,42.0
C30806,Macarena Pacífica Pallarès Contreras,Anónimo,Anónimo,Sevilla,España,,2021-11-04,
C30807,Manufacturas Expósito & Asociados S.L.L.,Empresa,Corporativo,Mendoza,Argentina,morganjennings@allen-mccarthy.com,2023-01-08,26.0
C30808,"Industrias Maya, Chacón y Pichardo",Empresa,Corporativo, Seattle,Estados Unidos,mary81@griffin-brady.net,2021-07-15,36.0
C30809,Ing. Claudio Carvajal,Persona,Regular,Córdoba,Argentina,jesus46@example.net,2021-11-24,64.0
C30810,Dave Wagner,Anónimo,Anónimo,Valencia,España,,2023-08-20,
C30811,Iris Abril Asensio,Persona,Regular,Barranquilla,Colombia,fferrer@example.net,2025-04-27,37.0
C30812,Olalla Sotelo Cornejo,Persona,Regular,Guadalajara,México,consuelaramis@example.com,2021-11-27,31.0
C30813,Johanna María Vanegas Forero,Anónimo,Anónimo,Córdoba,Argentina,,2023-06-25,
C30814,Andrés Felipe Esparza Cornejo,Persona,Regular,Mendoza,Argentina,gpinedo@example.com,2022-04-06,40.0
C30815,Adela Vanesa Galindo Nieves,Persona,Regular,Seattle,Estados Unidos,psanz@example.com,2020-02-10,61.0
C30816,Casemiro Nieto-Cañas,Anónimo,Anónimo, Barcelona,España,,2025-03-06,
C30817,Santos Casanovas,Persona,Regular,Chicago,Estados Unidos,gangel@example.org,2023-11-27,46.0
C30818,Lorenza Zabaleta,Persona,Regular,Rosario,Argentina,romerojessica@example.com,2024-06-20,47.0
C30819,"García, Rodríguez and Hernández",Empresa,Corporativo,San Francisco,Estados Unidos,rosaorozco@ramirez.info,2024-05-05,61.0
C30820,Alejandro Cadena Valadez,Persona,Regular,Barcelona,España,jorge62@example.com,2021-09-30,42.0
C30821,Heather Lopez,Persona,Regular,Cartagena,Colombia,angela66@example.com,2025-04-26,30.0
C30822,"Ornelas, Martínez y Mascareñas",Empresa,Corporativo,SEVILLA,España,kentchad@avila-lamb.info,2020-04-03,33.0
C30823,Cristian Víctor Rico Valverde,Persona,Regular,Buenos Aires,Argentina,ramirezitzel@example.net,2024-02-18,46.0
C30824,Yadira Rincón,Persona,Regular,Boston,Estados Unidos,fpolo@example.com,2021-09-27,39.0
C30825,Amanda Arnold,Persona,Regular,Sevilla,España,duarteelias@example.com,2024-05-20,55.0
C30826,Ana Marín Muñoz,Persona,Regular,Ciudad de México,México,teresabaker@example.com,2020-05-07,52.0
C30827,Morena Mata Jódar,Persona,Regular, Austin,Estados Unidos,dpla@example.com,2021-11-29,38.0
C30828,Constanza Román Torre,Persona,Regular,Querétaro,México,jennifer44@example.net,2024-12-07,34.0
C30829,Kevin Anderson,Persona,Regular,San Francisco,Estados Unidos,gloria35@example.com,2023-05-25,29.0
C30830,Gerardo Víctor Rangel,Persona,Regular,LOS ÁNGELES,Estados Unidos,rubyarredondo@example.org,2023-09-17,32.0
C30831,Tere Cepeda Peral,Persona,Friends Plus,Nueva York,Estados Unidos,banksangel@example.com,2020-09-08,38.0
C30832,Kyle Hartman,Anónimo,Anónimo,Guadalajara,México,,2021-06-20,
C30833,Club Villaseñor-Contreras,Empresa,Corporativo,Austin,Estados Unidos,fridacastaneda@arredondo.com,2023-11-30,43.0
C30834,Supermercados Salvador & Asociados S.A.T.,Empresa,Corporativo,Boston,Estados Unidos,elizabethbrown@montoya.com,2024-09-27,59.0
C30835,Sr. Gustavo Benavídez,Persona,Regular,Barcelona,España,jfranco@example.com,2022-12-07,19.0
C30836,Cheryl Garner,Persona,Regular,Mendoza,Argentina,pperales@example.org,2024-02-06,50.0
C30837,Sandra Fuster Ros,Persona,Friends Plus,Boston,Estados Unidos,david68@example.net,2023-10-01,32.0
C30838,Fernando Marrero,Persona,Regular,Barcelona ,España,khopkins@example.net,2020-08-05,60.0
C30839,Delia Leticia Rodríguez,Persona,Regular,Valencia,España,narvaezesneider@example.org,2024-05-16,30.0
C30840,Amaya-Calderón,Empresa,Corporativo,Medellín,Colombia,tmir@garate.com,2021-02-18,42.0
C30841,David Felipe Sanabria Ramírez,Persona,Regular,Monterrey,México,russell04@example.net,2025-02-27,48.0
C30842,Ana Adriana Prieto Burbano,Persona,Friends Plus,Sevilla,España,burbanojavier@example.org,2024-08-31,48.0
C30843,Omar Gutiérrez,Persona,Regular,Ciudad de México,México,fernando08@example.org,2021-10-26,55.0
C30844,Porfirio Madrid,Persona,Friends Plus,MONTERREY,México,olopez@example.org,2020-06-12,22.0
C30845,Ofelia Angie Ramos Martínez,Anónimo,Anónimo,San Francisco,Estados Unidos,,2022-07-30,
C30846,Vanessa Erickson,Persona,Friends Plus,Cartagena,Colombia,sebastianacosta@example.net,2024-01-09,45.0
C30847,Guillermo Emilio Orosco Crespo,Anónimo,Anónimo,CALI,Colombia,,2024-08-02,
C30848,Lourdes Delia Elizondo Armenta,Persona,Regular,CIUDAD DE MÉXICO,México,hermenegildomartorell@example.com,2024-08-09,64.0
C30849,María Cristina Ramos,Persona,Regular,Sevilla,España,salvadorponce@example.org,2020-10-31,50.0
C30850,Sessa Maya Aguilera,Persona,Regular,Bogotá,Colombia,christina31@example.com,2025-02-25,36.0
C30851,Virginia Mercedes Jiménez,Persona,Friends Plus,Medellín,Colombia,cbrown@example.com,2021-10-19,22.0
C30852,Carlota Sanabria Zapata,Persona,Regular,Mendoza,Argentina,gsepulveda@example.net,2023-07-26,21.0
C30853,Armando Polo,Persona,Friends Plus,Guadalajara,México,morenoelvira@example.net,2020-09-12,49.0
C30854,Stephen Jackson,Anónimo,Anónimo,Barcelona,España,,2024-10-26,
C30855,Conesa y Tamayo S.Com.,Empresa,Corporativo,Querétaro,México,wilcoxnicole@jackson.com,2020-07-24,53.0
C30856,Verónica Franco Cordero,Anónimo,Anónimo,Córdoba,Argentina,,2021-07-10,
C30857,Sandalio Oller Fernández,Persona,Regular,Mendoza,Argentina,merche15@example.com,2021-01-27,64.0
C30858,José Díaz,Anónimo,Anónimo,Barranquilla,Colombia,,2020-08-13,
C30859,Randall Brown,Anónimo,Anónimo,Ciudad de México,México,,2020-07-21,
C30860,Crystal Ramirez,Persona,Friends Plus,Monterrey,México,serafin06@example.net,2020-03-29,39.0
C30861,Pablo de Monreal,Persona,Regular,Ciudad de México,México,guillermosoto@example.com,2020-10-18,55.0
C30862,Claudia Martínez Pérez,Persona,Regular,Monterrey,México,jbadillo@example.net,2020-03-11,56.0
C30863,Hernando Carlos Ríos Díaz,Anónimo,Anónimo,Chicago,Estados Unidos,,2020-05-15,
C30864,Febe Coronado Seguí,Persona,Regular,ROSARIO,Argentina,carlosmunoz@example.net,2020-08-23,46.0
C30865,Elena Durán-Sanchez,Persona,Friends Plus,Cali,Colombia,ogarcia@example.net,2020-01-03,61.0
C30866,Wright-Williams,Empresa,Corporativo,Monterrey,México,kpalomo@dionisio.org,2025-04-28,26.0
C30867,Tara Short,Persona,Regular,Cordoba,Argentina,ainara09@example.com,2023-07-30,21.0
C30868,Duarte-Vásquez,Empresa,Corporativo,Mérida,México,samuel48@rodrigez.info,2023-04-29,32.0
C30869,"Delgado, Rueda and Díaz",Empresa,Corporativo,Querétaro,México,adela66@barreto-martinez.com,2023-06-06,53.0
C30870,Diana Bertrán Fiol,Persona,Regular,Miami,Estados Unidos,graciela88@example.com,2022-12-31,45.0
C30871,Julia Meadows DVM,Anónimo,Anónimo,Medellín,Colombia,,2022-10-24,
C30872,Tania Andrea Rivera Osorio,Persona,Friends Plus,Guadalajara,México,mribes@example.com,2020-08-17,38.0
C30873,Elena Mondragón Olvera,Anónimo,Anónimo,Cali,Colombia,,2021-05-23,
C30874,Lucía Zelaya Maldonado,Persona,Friends Plus,Córdoba,Argentina,vincent71@example.net,2025-02-03,59.0
C30875,Juliana Guerrero López,Persona,Regular,Mendoza,Argentina,baldomero44@example.com,2021-05-10,38.0
C30876,Elaine Adams,Anónimo,Anónimo,Monterrey,México,,2020-06-21,
C30877,Marta Flor Carrillo Sánchez,Persona,Friends Plus,Cali,Colombia,osoriostella@example.net,2020-05-23,26.0
C30878,Modesto Zamudio,Persona,Regular,Cali,Colombia,ilse87@example.com,2024-04-10,21.0
C30879,Jacinto Cisneros Holguín,Anónimo,Anónimo,Austin,Estados Unidos,,2023-11-06,
C30880,Víctor Alejandro Ávila,Anónimo,Anónimo,Madrid,España,,2021-12-17,
C30881,Henry Bautista Torres,Persona,Regular,Barcelona,España,luz64@example.org,2021-09-17,40.0
C30882,Mallory Pittman,Persona,Regular,Barcelona,España,isidora89@example.net,2021-04-06,48.0
C30883,Gervasio Acuña Girón,Persona,Regular,Cancún,México,jessicadavis@example.net,2023-03-12,48.0
C30884,Julio Eduardo Haro,Persona,Regular,Cartagena,Colombia,patricia60@example.org,2020-04-20,23.0
C30885,Dr. Evelio Samaniego,Persona,Regular,Los Ángeles,Estados Unidos,ebradford@example.com,2022-02-04,61.0
C30886,Hugo Gallo Oliva,Persona,Regular,Querétaro,México,jhaynes@example.org,2020-11-20,61.0
C30887,Vanessa Tatiana Delgado Vera,Persona,Regular,Madrid,España,marcelacastro@example.net,2024-03-06,26.0
C30888,Adalberto Carrión Jáquez,Persona,Regular,Chicago,Estados Unidos,bakerjohn@example.net,2022-07-06,50.0
C30889,"Corporacin Samaniego, Mares y Puga",Empresa,Corporativo,Boston,Estados Unidos,kaitlin44@adams.biz,2023-07-08,38.0
C30890,Patrick Jenkins,Persona,Friends Plus,Boston,Estados Unidos,spedraza@example.org,2022-12-21,57.0
C30891,Catalina Camila Bautista Gómez,Persona,Regular,Cali,Colombia,juan32@example.com,2023-06-08,38.0
C30892,Cameron Sweeney,Persona,Regular,Nueva York,Estados Unidos,hardinmonica@example.org,2025-03-28,23.0
C30893,Graciela Ilse Mayorga,Persona,Regular,Córdoba,Argentina,xmendoza@example.org,2022-11-10,26.0
C30894,"Parker, Le and Mendoza",Empresa,Corporativo,Guadalajara,México,carminajara@hotel.com,2021-12-17,27.0
C30895,Andrés Juan Espitia Rivas,Persona,Regular,Nueva York,Estados Unidos,negronmarcela@example.net,2021-08-14,20.0
C30896,Benavides y Luque S.L.,Empresa,Corporativo,Cancún,México,garridojose-manuel@gollum.com,2025-01-18,52.0
C30897,Michael Young,Persona,Regular,San Francisco,Estados Unidos,wmiranda@example.net,2021-10-26,31.0
C30898,Cándido de Montalbán,Persona,Friends Plus,Boston,Estados Unidos,tmiller@example.net,2024-07-19,43.0
C30899,Rubén Verdugo Casado,Persona,Friends Plus,Medellín,Colombia,kquinonez@example.net,2020-08-05,53.0
C30900,Rosalina Vega Pedro,Persona,Friends Plus,Bogotá ,Colombia,candelariaaurelio@example.com,2025-05-26,26.0
C30901,Mariah Hinton,Persona,Regular,Rosario,Argentina,yurany41@example.net,2024-05-06,38.0
C30902,Adrián Manzano Marqués,Persona,Regular,Cali,Colombia,rferreras@example.com,2021-07-18,59.0
C30903,Lauren Torres,Persona,Friends Plus,Cartagena,Colombia,newmanelizabeth@example.org,2025-01-16,63.0
C30904,Nelly Mesa Mascareñas,Persona,Friends Plus,Mérida,México,ofigueroa@example.com,2025-03-30,44.0
C30905,Natividad Mendizábal Zamora,Persona,Regular,Nueva York,Estados Unidos,hmares@example.net,2023-10-08,32.0
C30906,Rebecca Castillo,Persona,Friends Plus,Cartagena,Colombia,pwallace@example.org,2020-11-14,40.0
C30907,Carlota Oquendo Solorzano,Persona,Friends Plus,Mérida,México,catalanlucia@example.net,2022-03-27,45.0
C30908,William Andrés Villamizar,Persona,Friends Plus,Cancún,México,orozcoenrique@example.net,2024-02-09,47.0
C30909,Daniel José Murillo,Persona,Friends Plus,Monterrey,México,lucioteresa@example.org,2023-10-26,40.0
C30910,Kevin Green,Persona,Regular,Valencia,España,cesarnavarro@example.net,2021-12-24,33.0
C30911,Stiven Moisés Pérez,Persona,Regular,Sevilla,España,navarrosebastian@example.org,2024-04-28,60.0
C30912,Shannon Robinson,Persona,Regular,Seattle,Estados Unidos,adelaida07@example.com,2024-01-12,25.0
C30913,Rachael Russell,Persona,Friends Plus,Austin,Estados Unidos,aparra@example.org,2025-04-17,41.0
C30914,Graciano Polo Iñiguez,Persona,Friends Plus,Merida,México,iizquierdo@example.com,2025-04-18,21.0
C30915,Gilberto Rodríguez Arias,Anónimo,Anónimo,Cartagena,Colombia,,2020-02-18,
C30916,Theresa Moody DVM,Anónimo,Anónimo,Córdoba,Argentina,,2023-01-24,
C30917,Estiven Torres,Persona,Regular,Cali,Colombia,kgil@example.com,2024-12-05,32.0
C30918,Ángela María Eugenia Vallejo Arenas,Persona,Friends Plus, Austin,Estados Unidos,nherrera@example.net,2022-12-16,48.0
C30919,Willian Rodríguez,Persona,Regular,MONTERREY,México,reynaldogaytan@example.net,2024-03-01,36.0
C30920,Jordan Wilson,Persona,Regular,Cancún,México,jose-emilio04@example.net,2020-11-15,28.0
C30921,Mamen Calzada Suarez,Persona,Regular,Cancún,México,alfonso04@example.org,2023-10-07,37.0
C30922,Hernán Julio Vélez,Persona,Friends Plus,Buenos Aires,Argentina,ana-luisadavila@example.net,2020-11-22,63.0
C30923,Luz Mery Romero Escobar,Anónimo,Anónimo,Barcelona,España,,2023-11-10,
C30924,Encarnita Ribes-Toro,Persona,Regular,Sevilla,España,salcedokarina@example.com,2022-11-12,52.0
C30925,Steven Taylor,Persona,Regular,Chicago,Estados Unidos,icuesta@example.org,2021-05-22,30.0
C30926,Shannon Murillo,Persona,Friends Plus,Guadalajara ,México,paco02@example.net,2020-07-08,47.0
C30927,Kevin Wade,Persona,Regular,Guadalajara,México,allen52@example.com,2020-12-08,43.0
C30928,Martín Llamas,Persona,Regular,Guadalajara,México,redondoguadalupe@example.com,2022-04-01,19.0
C30929,Judith Margarita Loya Cabrera,Anónimo,Anónimo,Madrid,España,,2020-11-14,
C30930,Germán Caicedo,Persona,Regular,Nueva York,Estados Unidos,yherrera@example.net,2025-05-25,26.0
C30931,Gerónimo Español Blanes,Persona,Regular,Seattle,Estados Unidos,raulzarate@example.net,2021-06-22,53.0
C30932,Alberto Marco Guevara,Persona,Regular,Medellín,Colombia,qespinosa@example.net,2022-02-04,37.0
C30933,Adán Espinosa Montañez,Persona,Regular,Cartagena,Colombia,nachojordan@example.net,2024-10-18,30.0
C30934,Esperanza Alemán Cañas,Anónimo,Anónimo,Boston,Estados Unidos,,2022-07-05,
C30935,Grupo Roldán-Molina,Empresa,Corporativo,Madrid,España,zacevedo@marquez-benavides.info,2020-11-16,28.0
C30936,Jeffrey Lewis,Persona,Friends Plus,Ciudad de Mexico,México,miguel-angelbustamante@example.net,2022-10-20,30.0
C30937,Puentes Group,Empresa,Corporativo,Valencia,España,veronicasalazar@guzman.info,2023-12-03,31.0
C30938,Anselma Elvira Romeu Barrena,Anónimo,Anónimo,Austin,Estados Unidos,,2021-05-14,
C30939,David Gómez,Anónimo,Anónimo,CÓRDOBA,Argentina,,2024-03-11,
C30940,Ing. Martín Martínez,Anónimo,Anónimo,Cancún,México,,2023-01-17,
C30941,Ileana Vilalta Ocaña,Persona,Regular,Cali,Colombia,silvia30@example.net,2024-08-13,27.0
C30942,William Smith,Anónimo,Anónimo,Miami,Estados Unidos,,2021-04-26,
C30943,Ryan Cox,Persona,Friends Plus,MÉRIDA,México,lawrencebrianna@example.com,2022-10-17,24.0
C30944,Luis Cifuentes Camacho,Persona,Friends Plus,Barcelona,España,hipolitoarnau@example.com,2020-06-01,40.0
C30945,James Owens,Anónimo,Anónimo,Cali,Colombia,,2021-03-01,
C30946,Fabián Samuel Ríos,Persona,Regular,Nueva York,Estados Unidos,jasonhughes@example.net,2021-12-03,44.0
C30947,Leandro del Tudela,Anónimo,Anónimo,Medellín,Colombia,,2023-06-03,
C30948,Patrick Prince,Persona,Friends Plus,Seattle,Estados Unidos,luis63@example.com,2024-02-28,30.0
C30949,Ing. Patricia Camacho,Anónimo,Anónimo,Cali,Colombia,,2023-06-25,
C30950,Delia Nieto Cortez,Persona,Regular,Barranquilla,Colombia,james16@example.com,2023-06-04,32.0
C30951,Alberto Sebastián Rivera Chávez,Persona,Regular,Chicago,Estados Unidos,davilapanfilo@example.org,2023-02-19,44.0
C30952,Guiomar Iglesias Jimenez,Anónimo,Anónimo,Madrid ,España,,2024-12-17,
C30953,Doris Castillo Giraldo,Persona,Regular,Barcelona,España,jros@example.net,2021-06-18,30.0
C30954,Óscar Solé Sastre S.Coop.,Empresa,Corporativo,Barranquilla,Colombia,hernando80@hotel.com,2023-04-06,29.0
C30955,Juan Fonseca,Persona,Regular,Mendoza,Argentina,kgamboa@example.com,2022-06-20,56.0
C30956,Viviana Ortiz,Persona,Friends Plus,Nueva York,Estados Unidos,ncastro@example.com,2020-08-31,45.0
C30957,Cindy Tran,Persona,Regular,Austin,Estados Unidos,yolanda70@example.com,2021-09-05,21.0
C30958,Fredy Ramón Osorio,Persona,Friends Plus,Cartagena,Colombia,qacosta@example.org,2021-03-10,48.0
C30959,Chelo Chico Seguí,Persona,Regular,Cali,Colombia,rquintero@example.org,2024-03-21,18.0
C30960,"Proyectos del Río, Fajardo y Fierro",Empresa,Corporativo,Medellín,Colombia,aswanson@hicks-rivers.info,2024-02-08,32.0
C30961,Lucila Lasa-Riba,Persona,Regular,Mérida ,México,jesus54@example.org,2024-09-10,48.0
C30962,Feliciana del Matas,Persona,Regular, Cali,Colombia,ernestoposada@example.net,2020-12-02,24.0
C30963,"Botello, Farías y Valdivia",Empresa,Corporativo,Buenos Aires,Argentina,anel08@industrias.net,2023-09-25,29.0
C30964,Jairo Gaviria,Persona,Friends Plus,Nueva York,Estados Unidos,naragon@example.org,2021-10-17,21.0
C30965,Marisol Vazquez,Persona,Regular,Seattle,Estados Unidos,bpeinado@example.com,2021-04-18,22.0
C30966,Catherine Martin,Anónimo,Anónimo,Cancún,México,,2024-10-31,
C30967,Paloma Alsina Ramón,Persona,Regular,Bogotá,Colombia,jjimenez@example.com,2022-12-31,35.0
C30968,María Cristina Barba-Zaragoza,Persona,Regular,Los Ángeles,Estados Unidos,trantimothy@example.com,2022-05-19,46.0
C30969,Andrés Morales González,Persona,Regular,Boston,Estados Unidos,sototonya@example.net,2024-08-10,32.0
C30970,Rosa María Burgos Moreno,Persona,Friends Plus,Monterrey,México,batistarodolfo@example.net,2023-05-08,54.0
C30971,Jeremy Hodge,Persona,Regular,Sevilla,España,wigginsjulie@example.org,2025-04-24,56.0
C30972,Rocío Paola Pérez,Anónimo,Anónimo,Rosario ,Argentina,,2024-03-27,
C30973,José Rodríguez Sandoval,Persona,Regular,Cancún,México,anthony44@example.net,2023-05-25,21.0
C30974,Graciela Irene Domínguez,Persona,Regular, Boston,Estados Unidos,paola83@example.org,2024-01-13,30.0
C30975,Marisela Carbó Saldaña,Persona,Regular,Seattle,Estados Unidos,martinezpaula@example.net,2024-12-27,50.0
C30976,Helena Lucía Villegas Garay,Persona,Regular,Bogotá,Colombia,fortiz@example.org,2022-06-02,27.0
C30977,Jorge Acosta Nieto,Persona,Regular,Barranquilla,Colombia,john97@example.org,2022-01-29,23.0
C30978,Néstor Miguel Hernández,Persona,Regular,Bogotá ,Colombia,lesliefry@example.net,2021-06-07,28.0
C30979,Olivia Llanos Carrasco,Persona,Regular,Chicago,Estados Unidos,hamiltonjohn@example.net,2025-03-06,57.0
C30980,Guerra y asociados S.L.N.E,Empresa,Corporativo,Ciudad de México,México,silvaana@rojas.com,2020-09-17,34.0
C30981,Macario Bustamante-Gaya,Anónimo,Anónimo,Seattle,Estados Unidos,,2023-06-09,
C30982,Adalberto Gaitán,Anónimo,Anónimo,Cali,Colombia,,2020-10-16,
C30983,Alfonso Quiroga Montes,Persona,Regular,Ciudad de México,México,silviasanchez@example.net,2023-07-23,31.0
C30984,Joshua Brown,Persona,Regular,Boston,Estados Unidos,camila87@example.net,2023-07-03,41.0
C30985,Isaac Jaimes de la Garza,Persona,Regular,Miami,Estados Unidos,palominonicolas@example.com,2025-01-01,62.0
C30986,Mary Levy,Anónimo,Anónimo,Medellín,Colombia,,2023-01-15,
C30987,José Emilio Patricio Arevalo Mayorga,Persona,Regular,Seattle,Estados Unidos,wilsonmadison@example.org,2023-12-11,37.0
C30988,Teodoro Cornelio Olivera Meraz,Persona,Regular,Querétaro,México,hernanexposito@example.com,2024-12-11,18.0
C30989,Proyectos Carrión-Berríos,Empresa,Corporativo, Bogotá,Colombia,stewartanthony@simmons-bautista.org,2023-10-23,32.0
C30990,Leonor Eloisa Saldaña,Persona,Regular,Austin,Estados Unidos,ozelaya@example.com,2024-11-20,57.0
C30991,Ing. Julia Gracia,Persona,Regular,Monterrey,México,christinajackson@example.org,2023-05-26,41.0
C30992,David Marquez,Anónimo,Anónimo,Cali,Colombia,,2024-02-20,
C30993,Regina Chen,Persona,Regular,Ciudad de México,México,carrenoraul@example.net,2021-01-23,18.0
C30994,Alma Diaz,Persona,Regular,Sevilla,España,montoyakaren@example.net,2024-10-18,52.0
C30995,Matthew Long,Persona,Regular,Medellín,Colombia,steven42@example.org,2024-10-22,32.0
C30996,Marisela Bueno Saiz,Anónimo,Anónimo,CANCÚN,México,,2021-02-11,
C30997,Roberts-Russell,Empresa,Corporativo,Nueva York,Estados Unidos,tarawilliams@johnson-baker.info,2021-09-20,34.0
C30998,Germán Marco Obando,Persona,Regular,Madrid,España,hontiveros@example.com,2021-03-01,64.0
C30999,Rodrigo Narváez Zorrilla,Persona,Regular,Guadalajara,México,langamanda@example.org,2021-08-05,20.0
C31000,Amancio Bárcena Iborra,Persona,Regular,Mérida,México,mrodriguez@example.org,2022-07-07,57.0
C31001,Esteban Roybal Bañuelos,Persona,Friends Plus,Cancún,México,pbellido@example.com,2024-04-25,19.0
C31002,Juan Dawson,Persona,Regular,Miami,Estados Unidos,ramiro91@example.com,2022-09-03,23.0
C31003,Ana María Gil,Persona,Regular,Monterrey,México,ballesterosalberto@example.net,2020-06-06,21.0
C31004,Liliana Hernández,Persona,Regular,Buenos Aires,Argentina,esther40@example.net,2021-03-14,43.0
C31005,Leoncio Fajardo Guijarro,Persona,Regular,Barcelona,España,sanfordnathaniel@example.net,2024-12-08,30.0
C31006,Luis Miguel del Benavides,Persona,Regular,San Francisco,Estados Unidos,lramon@example.org,2024-08-20,48.0
C31007,Caraballo-Gallardo,Empresa,Corporativo,CARTAGENA,Colombia,udelgado@brandt.com,2022-12-09,47.0
C31008,Luis Jorge Castellanos,Persona,Regular,Cancún ,México,dulcecano@example.org,2021-02-22,36.0
C31009,Eric Medina Rodríguez,Persona,Friends Plus,Mérida,México,fdennis@example.net,2023-01-08,53.0
C31010,Valencia Inc,Empresa,Corporativo,Bilbao,España,luz21@alzate.net,2021-04-23,60.0
C31011,Almudena Arcos Torralba,Persona,Regular,Medellín,Colombia,hozmario@example.net,2020-12-22,34.0
C31012,Yaiza Araceli Pozo Guardiola,Anónimo,Anónimo,Barranquilla,Colombia,,2023-09-20,
C31013,Margaret Richmond,Persona,Regular,Bogotá,Colombia,rodrigofernandez@example.org,2023-10-02,24.0
C31014,Sarita Emiliana Benavent Lumbreras,Persona,Regular,Barcelona,España,emiliollamas@example.net,2024-10-11,32.0
C31015,Lorena Pérez Arévalo,Persona,Regular,Nueva York,Estados Unidos,fvalles@example.org,2025-04-11,25.0
C31016,Ing. Ignacio Espinal,Persona,Regular,Querétaro,México,wrodriguez@example.com,2023-10-17,62.0
C31017,Emelina Olmo-Aguiló,Persona,Regular,Madrid,España,kellyowens@example.org,2021-02-06,25.0
C31018,"Humphrey, Roach and Lowe",Empresa,Corporativo,Austin,Estados Unidos,manuel17@ochoa-parra.com,2023-07-20,23.0
C31019,Blanca Luisa Carrasco Covarrubias,Persona,Regular,Cartagena,Colombia,ribeselisa@example.net,2022-04-21,50.0
C31020,Berto Escamilla Molina,Persona,Regular,Cali,Colombia,serafincotto@example.net,2023-09-08,37.0
C31021,Daniel Mitchell,Persona,Friends Plus,Cartagena,Colombia,colivares@example.net,2025-03-27,23.0
C31022,"Gonzalez, Pollard and Roberts",Empresa,Corporativo,Boston,Estados Unidos,codyenglish@perez.org,2021-11-24,59.0
C31023,Horacio Belmonte Casal,Persona,Friends Plus,Barranquilla ,Colombia,diazpaola@example.org,2021-10-17,46.0
C31024,Oswaldo Ramiro Lara Amador,Persona,Regular,Guadalajara,México,murraychristopher@example.net,2024-08-26,21.0
C31025,Juan Gabriel Restrepo,Persona,Regular,Monterrey,México,vargassilvia@example.net,2022-12-19,32.0
C31026,Martin Mahoney,Persona,Regular,Nueva York,Estados Unidos,suarezhenry@example.org,2021-02-15,22.0
C31027,Jonathan Stein,Persona,Friends Plus,Barranquilla,Colombia,cruzrodriguez@example.com,2021-03-19,22.0
C31028,Christopher Carpenter,Persona,Friends Plus,Miami,Estados Unidos,casasbeatriz@example.net,2021-01-20,22.0
C31029,Marcela Leydi Bolaños,Persona,Regular,Buenos Aires,Argentina,fpreciado@example.org,2022-10-08,61.0
C31030,Vicente Rolón,Persona,Regular,Barranquilla,Colombia,johanacastillo@example.net,2021-05-04,53.0
C31031,Yéssica Adelaida Novoa Blanes,Persona,Regular,Madrid,España,tejedaemiliano@example.org,2022-07-11,54.0
C31032,Sr. Ángel Espinoza,Persona,Regular,Cali,Colombia,bnavarro@example.com,2022-10-24,42.0
C31033,Miguel Ángel Alcalá Bernat,Anónimo,Anónimo,Ciudad de México,México,,2020-05-26,
C31034,Cassandra Molina,Persona,Regular,NUEVA YORK,Estados Unidos,sebastian27@example.net,2021-08-21,35.0
C31035,Jeremy Bush,Persona,Regular,Querétaro,México,adora02@example.net,2021-08-08,18.0
C31036,Michael Villanueva,Persona,Regular,Valencia ,España,maytequinones@example.org,2020-01-27,22.0
C31037,Blanca Alexandra Reyes Paz,Persona,Regular,Seattle,Estados Unidos,lvaldivia@example.com,2021-04-06,18.0
C31038,Herberto Luna-Azcona,Persona,Regular,Ciudad de México,México,nhernandez@example.com,2021-05-13,28.0
C31039,"Santos, Decker and Collins",Empresa,Corporativo,Cancún,México,manueldiaz@reyes.info,2020-08-15,40.0
C31040,Joshua Lawson,Anónimo,Anónimo,Boston,Estados Unidos,,2023-09-07,
C31041,Deicy Torres,Persona,Friends Plus,Medellín,Colombia,fpartida@example.net,2020-04-02,50.0
C31042,Eliana Hernández Otero,Persona,Regular,Valencia,España,ursula96@example.net,2021-10-18,24.0
C31043,Yeni Mota Puga,Persona,Friends Plus,Miami,Estados Unidos,valentinamendizabal@example.com,2022-04-20,43.0
C31044,Monique Hernandez,Persona,Regular,Ciudad de México,México,anajimenez@example.com,2022-10-18,58.0
C31045,Blanca Mabel García García,Persona,Regular,Nueva York,Estados Unidos,nfuentes@example.net,2024-06-04,30.0
C31046,Christopher Peterson,Persona,Regular,San Francisco,Estados Unidos,pgranados@example.net,2024-08-04,47.0
C31047,Elsa Karina Iglesias,Persona,Regular,Bogotá,Colombia,kennedyeric@example.com,2024-07-26,29.0
C31048,Dr. Jose Smith PhD,Anónimo,Anónimo,Cancún,México,,2021-06-04,
C31049,Nancy Mena Bétancourt,Persona,Regular,Austin,Estados Unidos,osamaniego@example.com,2025-01-03,36.0
C31050,Vanesa Mulet Orozco,Persona,Friends Plus,Chicago,Estados Unidos,vbarragan@example.com,2023-06-05,49.0
C31051,Albano Anglada Perales,Persona,Friends Plus,Cancún,México,holly14@example.org,2020-06-24,40.0
C31052,Marleny Rosero Guevara,Persona,Regular,Nueva York ,Estados Unidos,kmata@example.com,2022-03-21,29.0
C31053,Jessica Ward,Persona,Regular,Monterrey,México,zpardo@example.net,2024-03-01,49.0
C31054,Jhon Gallego Méndez,Persona,Regular,Cali,Colombia,zcastro@example.net,2020-02-21,19.0
C31055,Nelly Segovia,Persona,Friends Plus,Monterrey,México,adelinaquevedo@example.net,2024-04-21,38.0
C31056,Adán Regalado,Persona,Regular,Cali,Colombia,nachomarcos@example.net,2022-04-05,29.0
C31057,Jonathan Woods,Persona,Regular,Córdoba,Argentina,chavesdavid@example.net,2020-11-29,24.0
C31058,Eduardo Enrique Vergara Alvarado,Persona,Friends Plus,Buenos Aires,Argentina,alcidesrios@example.net,2023-10-11,46.0
C31059,Ivonne Lara Altamirano,Anónimo,Anónimo,Bogotá,Colombia,,2024-12-28,
C31060,Severo Miró Crespi,Persona,Regular,Barranquilla,Colombia,lucia51@example.org,2025-02-22,19.0
C31061,Jeffrey Johnson,Persona,Regular,Barranquilla,Colombia,laura86@example.com,2023-07-07,21.0
C31062,Michael Walker,Anónimo,Anónimo,Guadalajara,México,,2020-06-17,
C31063,David Uriel Barrios,Persona,Regular,Ciudad de México,México,romerostacey@example.org,2020-03-10,53.0
C31064,Joaquina Baró,Persona,Friends Plus,Mendoza,Argentina,quintanillaalberto@example.net,2021-01-31,61.0
C31065,Evita Duque Lladó,Persona,Friends Plus,CARTAGENA,Colombia,severo85@example.org,2025-01-18,25.0
C31066,Lorena Reyes Arteaga,Persona,Regular,Madrid,España,graciacanals@example.org,2022-01-04,62.0
C31067,Wendolin Chávez,Persona,Regular,Barcelona,España,reynaldoceballos@example.com,2020-06-30,34.0
C31068,Graciela Soriano Fortuny,Anónimo,Anónimo,San Francisco,Estados Unidos,,2021-02-02,
C31069,Steven Robertson,Persona,Regular,Cartagena,Colombia,fidelmenchaca@example.org,2023-03-15,50.0
C31070,Ariel Cañellas Luján,Persona,Regular,Los Ángeles,Estados Unidos,aliciarosales@example.org,2020-10-25,59.0
C31071,Viviana Álvaro-Pelayo,Persona,Regular,Bogotá,Colombia,adela57@example.org,2024-04-20,58.0
C31072,Kelly Santiago,Persona,Regular,Nueva York,Estados Unidos,snieto@example.net,2025-04-21,53.0
C31073,Blanca Carranza,Persona,Regular,Valencia,España,carolina37@example.org,2020-02-14,34.0
C31074,Helena Saldivar,Persona,Friends Plus,Madrid,España,urenarolando@example.com,2023-03-20,59.0
C31075,Christopher Blair,Anónimo,Anónimo,Barranquilla,Colombia,,2021-05-08,
C31076,Mauricio Mariano Bravo,Persona,Friends Plus, Cartagena,Colombia,wrodriguez@example.com,2023-06-19,53.0
C31077,Mauro Jonás Mercado Mata,Persona,Regular,Guadalajara,México,dionisiacabeza@example.org,2025-01-13,35.0
C31078,Shirley Edwards,Persona,Regular,Miami,Estados Unidos,sofiamares@example.com,2021-04-17,59.0
C31079,Florentina Andrés-Figueroa,Persona,Regular,Seattle,Estados Unidos,miguel61@example.net,2023-11-23,40.0
C31080,Erin Small,Persona,Regular,Barcelona,España,leopoldopeinado@example.net,2021-10-02,62.0
C31081,Brenda Ford,Persona,Regular,Bogotá,Colombia,salmaleiva@example.org,2022-05-17,25.0
C31082,Ignacio Juan Carlos Carvajal,Persona,Regular,Córdoba,Argentina,noliver@example.com,2021-11-25,62.0
C31083,Carolina Charo Valderrama Duarte,Persona,Regular,Barcelona,España,leonangel@example.org,2023-02-18,23.0
C31084,Ing. Marisol Mena,Persona,Regular,BUENOS AIRES,Argentina,teodora18@example.com,2020-10-16,61.0
C31085,Dalton Robertson,Anónimo,Anónimo,Bogotá,Colombia,,2022-07-23,
C31086,Instalaciones Juliá & Asociados S.A.,Empresa,Corporativo,Boston,Estados Unidos,maria03@cardozo.info,2021-01-11,52.0
C31087,Susana López Sánchez,Persona,Regular,Mérida,México,isanders@example.org,2020-01-07,28.0
C31088,Kristi Allison,Persona,Regular,Buenos Aires,Argentina,scottjames@example.com,2024-07-27,56.0
C31089,Jairo Forero González,Persona,Regular,Valencia,España,alexander71@example.net,2024-08-11,50.0
C31090,Justin Washington,Persona,Friends Plus,Córdoba,Argentina,osunafernando@example.net,2021-04-02,27.0
C31091,Martín Silva Tolosa,Anónimo,Anónimo,Barcelona,España,,2023-04-13,
C31092,Christopher Davis,Persona,Regular,Monterrey,México,jonesjustin@example.org,2020-09-28,64.0
C31093,Esmeralda González Rodríguez,Persona,Friends Plus,Bogota,Colombia,paulclarke@example.com,2021-10-23,30.0
C31094,Lorena Claudia Ibarra,Persona,Regular,Cali,Colombia,bernarditaferreras@example.net,2023-02-26,28.0
C31095,Yéssica Restrepo Valencia,Persona,Regular,Bogotá,Colombia,blanesjuan-francisco@example.com,2020-12-25,64.0
C31096,Talleres WL S.Coop.,Empresa,Corporativo,Cali,Colombia,darryljones@evans.com,2023-04-20,23.0
C31097,Shawna Johnson,Persona,Regular,Boston,Estados Unidos,ernestolozano@example.com,2020-07-07,61.0
C31098,Luis Mitchell,Persona,Regular,Rosario,Argentina,arcegregorio@example.org,2020-01-11,44.0
C31099,Jose Ramón Saez-Pina,Persona,Regular,Mérida,México,octavio61@example.net,2022-11-06,25.0
C31100,Marino Gimeno Quero,Persona,Regular,Bilbao,España,gimenezalexandra@example.net,2024-08-09,57.0
C31101,Eduardo Gustavo Martínez,Persona,Regular,Chicago,Estados Unidos,eglover@example.org,2021-02-21,27.0
C31102,Howard and Sons,Empresa,Corporativo,Cancún,México,mario96@castro.org,2024-01-06,27.0
C31103,Lewis LLC,Empresa,Corporativo,Austin,Estados Unidos,karen56@parker.com,2022-06-05,58.0
C31104,Natividad Domínguez Gonzales,Anónimo,Anónimo,Cartagena,Colombia,,2021-04-27,
C31105,Paola Morales Castro,Persona,Friends Plus,Barcelona,España,nathanielhess@example.net,2023-02-16,62.0
C31106,Zeferino Nicolás Granado,Persona,Friends Plus,Cartagena,Colombia,franciscosantos@example.org,2021-09-11,35.0
C31107,"Vega, Rincón and Arrieta",Empresa,Corporativo,Los Ángeles,Estados Unidos,ciriacosantana@beltran.com,2020-11-05,43.0
C31108,Caleb Lawson,Anónimo,Anónimo,Medellín ,Colombia,,2020-04-27,
C31109,Michael Knight,Persona,Regular,Los Ángeles,Estados Unidos,jaimesaavedra@example.com,2020-03-27,59.0
C31110,Andrés Duque Rodríguez,Anónimo,Anónimo,Rosario ,Argentina,,2020-01-01,
C31111,Heather Huber,Persona,Friends Plus,Boston,Estados Unidos,oscar64@example.net,2024-12-24,44.0
C31112,Brayan Cantillo Guerrero,Persona,Regular,CALI,Colombia,angiesuarez@example.net,2021-11-21,28.0
C31113,Miguel Fernando Chaparro Castro,Persona,Regular,Mérida,México,diazkenneth@example.com,2022-10-22,23.0
C31114,Hooper-Cervantes,Empresa,Corporativo,Madrid,España,robertaibarra@hotel.es,2020-09-19,50.0
C31115,Johnny Krause,Persona,Regular, Ciudad de México,México,shermansarah@example.org,2024-03-13,43.0
C31116,Natalia Fernanda Mejía Caicedo,Persona,Regular,San Francisco,Estados Unidos,urivera@example.net,2023-04-24,18.0
C31117,Anderson Bravo Carvajal,Persona,Regular,Los Ángeles ,Estados Unidos,antonia02@example.net,2024-01-01,19.0
C31118,"Gomez, Rodriguez and Mason",Empresa,Corporativo,Barranquilla,Colombia,elisabetrebollo@banca.es,2024-06-06,43.0
C31119,Daniel Miguel Ángel Galarza Ferrer,Persona,Regular,Cartagena,Colombia,donna17@example.net,2023-10-08,39.0
C31120,Sepúlveda Group,Empresa,Corporativo,Cancún,México,ourrutia@chacon-tovar.com,2023-09-17,43.0
C31121,Bruno Miguel de la O Vallejo,Persona,Regular,Boston,Estados Unidos,jreynoso@example.org,2021-08-18,45.0
C31122,Alexander Castrillón Medina,Persona,Friends Plus,Medellín,Colombia,triniherrera@example.org,2021-11-30,19.0
C31123,William Thompson,Persona,Friends Plus,Medellín,Colombia,npena@example.org,2023-06-14,35.0
C31124,Salvador Llobet Reina,Anónimo,Anónimo,Miami,Estados Unidos,,2021-12-27,
C31125,Ricardo Silva Castellanos,Persona,Regular,Los Ángeles,Estados Unidos,carlos18@example.org,2021-01-18,62.0
C31126,Luz Sofía Vargas,Anónimo,Anónimo,Medellín,Colombia,,2020-10-16,
C31127,Ana Carvajal Vargas,Persona,Regular,Boston,Estados Unidos,patriciavergara@example.org,2025-05-25,46.0
C31128,Edison Carlos Ramírez,Anónimo,Anónimo,Guadalajara,México,,2022-10-03,
C31129,"Pérez, Torres and Álvarez",Empresa,Corporativo,Ciudad de México,México,johnramos@quintero-sandoval.biz,2022-12-13,20.0
C31130,Pilar Bétancourt,Anónimo,Anónimo,Mérida,México,,2020-12-27,
C31131,Ofelia Osuna-Bilbao,Persona,Friends Plus,Seattle,Estados Unidos,ramirezangela@example.com,2023-10-22,19.0
C31132,Rosario del Rey,Persona,Regular,VALENCIA,España,brenda34@example.com,2023-09-29,55.0
C31133,María Teresa Terrón Bellido,Persona,Regular,Rosario,Argentina,hartjoel@example.org,2021-12-06,22.0
C31134,Florentina Pera Oliveras,Anónimo,Anónimo,Ciudad de México,México,,2023-08-16,
C31135,Isabel Cifuentes,Persona,Friends Plus,Cali,Colombia,melendezelizabeth@example.net,2020-09-17,60.0
C31136,Rosalia Trinidad Dávila,Persona,Regular,Seattle,Estados Unidos,valentinavasquez@example.net,2022-08-20,26.0
C31137,María Eugenia Mariana Godoy,Persona,Friends Plus,Mérida,México,emartinez@example.org,2024-03-08,59.0
C31138,Alcala-Colón S. R.L. de C.V.,Empresa,Corporativo, Cartagena,Colombia,gaspar22@alimentacion.es,2023-08-12,40.0
C31139,Philip Johnson,Persona,Friends Plus,Medellín,Colombia,domingocruz@example.net,2021-02-18,39.0
C31140,Sebastián Germán Palacios Londoño,Persona,Regular,Guadalajara,México,silvaedward@example.net,2020-04-03,49.0
C31141,Elizabeth Lamb,Persona,Regular,Cartagena,Colombia,ralph43@example.org,2023-04-14,27.0
C31142,Yesid Orlando Durán Gonzáles,Persona,Friends Plus,Rosario,Argentina,sofia12@example.net,2021-01-12,53.0
C31143,Bernabé Herrero-Verdugo,Persona,Regular,Barranquilla,Colombia,christopher94@example.com,2020-10-22,51.0
C31144,Sra. María José Villalpando,Persona,Friends Plus,Seattle,Estados Unidos,iruiz@example.org,2021-01-08,42.0
C31145,Gonzales y Vaca S. R.L. de C.V.,Empresa,Corporativo,Buenos Aires,Argentina,malmonte@arroyo-valdes.info,2021-05-19,47.0
C31146,Claudia Mejía,Persona,Regular,Ciudad de México,México,ygarica@example.com,2021-09-16,26.0
C31147,Barbara Ceballos,Persona,Regular,Buenos Aires,Argentina,collinsjudy@example.net,2021-08-19,30.0
C31148,Estela Sofía Arce,Persona,Regular,Boston,Estados Unidos,ariadnapena@example.com,2020-06-26,58.0
C31149,Eric Adams,Persona,Regular,Querétaro,México,ybarrablanca@example.net,2022-07-08,56.0
C31150,Trevor Green,Anónimo,Anónimo,Austin,Estados Unidos,,2021-02-06,
C31151,Luciano Tenorio Clemente,Persona,Regular,Buenos Aires,Argentina,ymartinez@example.com,2022-03-24,18.0
C31152,Magdalena Mónica Quintana,Persona,Friends Plus,Austin,Estados Unidos,barrosdomingo@example.net,2023-07-09,34.0
C31153,Ángel del Collado,Persona,Regular,Mendoza,Argentina,david89@example.org,2020-03-06,19.0
C31154,Gerardo Londoño,Persona,Friends Plus,Nueva York,Estados Unidos,kguzman@example.net,2023-03-31,51.0
C31155,Ángel Antonio Moreno,Persona,Friends Plus,Córdoba,Argentina,dortega@example.org,2024-01-08,55.0
C31156,Francisca Gabriela Blanes Verdejo,Persona,Regular,Valencia,España,nando96@example.net,2021-01-13,18.0
C31157,Hunter Sullivan,Persona,Friends Plus,Córdoba,Argentina,miriambetancourt@example.com,2023-09-09,40.0
C31158,Melania Diaz,Persona,Regular, Austin,Estados Unidos,kanedavid@example.org,2020-12-02,35.0
C31159,Hugo Claudio Orozco,Persona,Regular,Nueva York,Estados Unidos,mirandafederico@example.org,2021-03-02,29.0
C31160,Timothy Munoz,Anónimo,Anónimo,Buenos Aires,Argentina,,2022-06-08,
C31161,Francisco de Escrivá,Anónimo,Anónimo,Seattle,Estados Unidos,,2025-01-19,
C31162,Salas y Asociados,Empresa,Corporativo,Miami,Estados Unidos,daniel43@ponce-reynolds.com,2022-04-19,26.0
C31163,Infraestructuras Mena S.Com.,Empresa,Corporativo,Guadalajara,México,stewartrichard@richard.info,2021-12-19,28.0
C31164,Tara Johnson,Persona,Regular,Bogota,Colombia,lisa47@example.org,2020-08-18,21.0
C31165,Brandon Johnston,Persona,Regular,San Francisco,Estados Unidos,pelaezeva-maria@example.net,2021-11-28,49.0
C31166,Esperanza Carolina Corredor Hoyos,Persona,Friends Plus,Monterrey,México,luz35@example.com,2022-10-24,40.0
C31167,Atilio Isern-Becerra,Anónimo,Anónimo,Querétaro,México,,2023-04-09,
C31168,Lina Varela Jordá,Persona,Regular,Cali,Colombia,normaesquivel@example.net,2021-10-05,32.0
C31169,Ing. Pamela Nájera,Persona,Regular,Guadalajara,México,nataliaarredondo@example.com,2024-12-11,21.0
C31170,Olivia Tello Menéndez,Persona,Regular,Boston,Estados Unidos,hescribano@example.org,2021-10-06,46.0
C31171,Nelcy Álvarez,Persona,Regular,Boston,Estados Unidos,sofia69@example.com,2023-03-21,20.0
C31172,Jesús Bañuelos,Persona,Regular,Los Ángeles ,Estados Unidos,josephgray@example.org,2021-05-12,58.0
C31173,Johana Juliana Pérez,Persona,Regular,Valencia,España,natividadcarbajal@example.org,2021-09-04,51.0
C31174,Leticia Cornejo,Anónimo,Anónimo,Bogotá,Colombia,,2020-03-06,
C31175,Adán Portero Sotelo,Persona,Friends Plus,Barranquilla ,Colombia,amayagraciela@example.org,2024-03-03,54.0
C31176,Ángeles Valenciano Lobato,Anónimo,Anónimo,Mérida,México,,2024-08-13,
C31177,Josefa Bejarano,Persona,Regular,Cancún,México,fabiancanas@example.org,2023-07-03,53.0
C31178,Socorro Yuliana Rivera,Persona,Regular,Cartagena,Colombia,luz10@example.com,2020-06-16,55.0
C31179,Augusto Carro Mulet,Persona,Friends Plus,Merida,México,alamoflorentino@example.net,2023-01-15,37.0
C31180,Omar Germán Duarte Bahena,Persona,Regular,Córdoba,Argentina,jhon66@example.com,2020-03-13,52.0
C31181,Kristin Johnson,Persona,Regular,Cancún,México,rjuarez@example.com,2020-10-14,62.0
C31182,Guillen-Mendoza,Empresa,Corporativo,Los Ángeles,Estados Unidos,palaciossofia@hermanos.es,2021-11-09,63.0
C31183,Josep Bayona-Olmo,Anónimo,Anónimo,Córdoba,Argentina,,2020-05-09,
C31184,Lic. Juana Alcántar,Persona,Friends Plus,Monterrey ,México,navarrobobby@example.org,2022-04-08,44.0
C31185,América Valdés,Persona,Regular,Sevilla,España,adan11@example.org,2021-09-11,49.0
C31186,Robert Stevenson,Anónimo,Anónimo,Cali,Colombia,,2022-03-13,
C31187,Miguel Jaime Hernández,Persona,Regular,Seattle,Estados Unidos,manu69@example.com,2025-04-30,47.0
C31188,Nathan Robinson,Anónimo,Anónimo,Cancún,México,,2021-11-20,
C31189,Francisco Anguiano,Persona,Regular,Bilbao,España,benitorubio@example.com,2024-08-09,24.0
C31190,Santiago Felipe López Rodríguez,Persona,Regular,Madrid,España,zherrera@example.org,2021-02-06,28.0
C31191,Dimas Corominas Ortega,Persona,Regular,Ciudad de México,México,mariafernandez@example.net,2020-05-31,38.0
C31192,Hermanos Querol S.A.,Empresa,Corporativo,Los Ángeles,Estados Unidos,cmartinez@zambrano.com,2020-09-21,55.0
C31193,Diego Romero,Persona,Regular,Buenos Aires,Argentina,elsa16@example.net,2024-03-26,36.0
C31194,Israel Olivas,Anónimo,Anónimo,Cartagena,Colombia,,2020-12-10,
C31195,Vinicio Matas,Persona,Regular,Sevilla,España,cardenasesther@example.net,2023-12-22,35.0
C31196,Pastor Miró-Villalba,Anónimo,Anónimo,Madrid,España,,2022-10-28,
C31197,Olga Sánchez Salazar,Anónimo,Anónimo,Barranquilla,Colombia,,2023-09-09,
C31198,Emily Rosario,Persona,Regular,Seattle,Estados Unidos,robertsonbarry@example.net,2021-06-09,56.0
C31199,Sandra Santacruz,Persona,Regular,Bogotá,Colombia,debora85@example.net,2023-08-02,44.0
C31200,Copeland PLC,Empresa,Corporativo,Monterrey,México,greendustin@cooper.com,2022-06-05,52.0
C31201,Compañía Lopez S.A.U,Empresa,Corporativo,Guadalajara,México,maricela88@inversiones.com,2021-08-17,19.0
C31202,Nadia Olmos,Anónimo,Anónimo,Seattle,Estados Unidos,,2024-08-28,
C31203,Dennis Pearson,Persona,Friends Plus,Bogotá,Colombia,berryjessica@example.org,2024-12-13,22.0
C31204,Melissa Wagner,Persona,Friends Plus,Monterrey,México,fabiopintor@example.com,2020-06-15,34.0
C31205,"Robinson, Nelson and Underwood",Empresa,Corporativo,Barcelona ,España,villegasmartha@castro.org,2024-11-30,61.0
C31206,Beth Jones,Persona,Friends Plus,Mérida,México,ofeliacolon@example.com,2023-07-25,21.0
C31207,Wilson Sánchez,Anónimo,Anónimo,Bogotá,Colombia,,2024-08-17,
C31208,Estela Polanco,Anónimo,Anónimo,Austin,Estados Unidos,,2022-02-13,
C31209,"López, Castañeda and Vargas",Empresa,Corporativo,Boston,Estados Unidos,nestevez@industrias.biz,2024-01-01,33.0
C31210,Torres LLC,Empresa,Corporativo,Rosario,Argentina,maria39@serrano.com,2024-01-18,62.0
C31211,Stephen Smith,Anónimo,Anónimo,Seattle,Estados Unidos,,2020-01-26,
C31212,Katerine Ospina,Persona,Friends Plus,Madrid,España,marcogabriela@example.org,2023-09-14,63.0
C31213,Alyssa James,Anónimo,Anónimo,Monterrey,México,,2024-06-20,
C31214,Juan Aurelio González Bermúdez,Persona,Friends Plus,Austin,Estados Unidos,gaviriaesteban@example.com,2025-01-13,60.0
C31215,Daniel Kennedy,Persona,Friends Plus,Cartagena ,Colombia,ziriarte@example.org,2021-07-03,51.0
C31216,Juan Galindo,Persona,Regular,Sevilla,España,nataliaalmaraz@example.net,2020-02-19,41.0
C31217,Leocadio Nevado Beltran,Persona,Friends Plus,Mérida,México,smithdustin@example.com,2024-07-26,44.0
C31218,Reynolds-Phillips,Empresa,Corporativo,Buenos Aires,Argentina,jmaestas@grupo.com,2024-07-24,40.0
C31219,Robles y Asociados,Empresa,Corporativo,Bilbao,España,isabelgalvis@jimenez.net,2024-10-06,44.0
C31220,Michelle Dickson,Persona,Regular,Buenos Aires,Argentina,josefina20@example.net,2023-01-09,21.0
C31221,Teresa Obando Pinto,Persona,Regular,Medellín,Colombia,rosacaicedo@example.org,2024-10-13,42.0
C31222,Thomas Robinson,Persona,Regular,Córdoba,Argentina,lcastillo@example.org,2024-08-26,39.0
C31223,Julieta Etelvina Cano Carpio,Persona,Friends Plus,Barcelona,España,zvarela@example.org,2021-08-22,51.0
C31224,Feliciano Silva-Macias,Persona,Regular,Austin,Estados Unidos,lbryant@example.net,2025-04-11,36.0
C31225,Raúl Baró,Persona,Friends Plus,Miami,Estados Unidos,paolaangel@example.net,2020-05-02,37.0
C31226,Jonathan Cooke,Persona,Regular,Monterrey ,México,nlowe@example.com,2023-01-05,30.0
C31227,Julián Londoño Cruz,Persona,Regular,Querétaro,México,uvilanova@example.org,2023-03-09,27.0
C31228,Ashley Howard,Persona,Friends Plus,Los Ángeles,Estados Unidos,maria-jesus05@example.org,2023-09-30,62.0
C31229,David Pedro Cortez Jaramillo,Persona,Regular,Sevilla,España,carlos44@example.org,2022-03-03,58.0
C31230,Jeferson Kevin Ortiz Romero,Persona,Regular,Boston,Estados Unidos,humberto99@example.net,2022-10-09,61.0
C31231,Daniela Toledo Vizcaíno,Anónimo,Anónimo,Córdoba,Argentina,,2020-01-30,
C31232,Rodrigo Sisneros Ortiz,Persona,Friends Plus,Cali,Colombia,taylortanner@example.com,2021-05-31,49.0
C31233,Narcisa Arranz-Vilar,Persona,Regular,Nueva York,Estados Unidos,jose84@example.com,2022-03-04,59.0
C31234,Méndez S.A.,Empresa,Corporativo,Boston,Estados Unidos,acostalucas@collins-fields.com,2021-02-28,42.0
C31235,Thomas Costa,Persona,Regular,Querétaro,México,juancarlito@example.org,2025-05-29,35.0
C31236,Lisa Wilson,Anónimo,Anónimo,Seattle,Estados Unidos,,2023-02-22,
C31237,Jennifer Hall,Persona,Regular,Bilbao,España,linasilva@example.org,2022-11-16,56.0
C31238,Raquel Antonia Garza,Persona,Regular,Cancún,México,celiapareja@example.net,2023-01-11,54.0
C31239,Jenny Vásquez Martínez,Persona,Regular,MÉRIDA,México,miguel-angelsolera@example.net,2024-02-01,50.0
C31240,Dra. Inés Hinojosa,Persona,Regular,Cali,Colombia,adelardouriarte@example.org,2021-09-12,57.0
C31241,Hernando Fuertes Medina,Persona,Regular,Guadalajara,México,fgalan@example.net,2021-04-29,40.0
C31242,Sandra Smith,Persona,Regular,Bogotá,Colombia,vicensgaston@example.org,2021-01-22,42.0
C31243,Villanueva Inc,Empresa,Corporativo,Los Ángeles,Estados Unidos,gsainz@gallardo.net,2022-01-28,52.0
C31244,Elizabeth Faulkner,Persona,Regular,Buenos Aires,Argentina,augusto42@example.net,2023-08-24,58.0
C31245,Guillermo Claudio Burgos,Persona,Friends Plus,Querétaro,México,ariadnaflorez@example.net,2021-05-16,53.0
C31246,Julio Diego Quintero Flórez,Anónimo,Anónimo,Ciudad de México,México,,2020-09-05,
C31247,Moreno-Arias,Empresa,Corporativo,Mérida,México,ninoaldemar@quiroga.com,2024-08-18,55.0
C31248,Cipriano Dominguez Espada,Persona,Regular,Nueva York,Estados Unidos,montanezjacobo@example.com,2023-12-07,22.0
C31249,Anthony Moreno,Anónimo,Anónimo,Buenos Aires,Argentina,,2022-06-13,
C31250,Yair Leonardo García,Persona,Regular,Los Ángeles,Estados Unidos,palomomarianela@example.org,2020-11-15,33.0
C31251,José Ríos,Persona,Regular,Querétaro,México,luz53@example.org,2021-09-01,60.0
C31252,Javier Pablo Moreno Meza,Persona,Regular,Barranquilla,Colombia,roberto65@example.com,2022-09-28,60.0
C31253,Evelio Jaramillo Pacheco,Persona,Regular,Bogotá,Colombia,dperez@example.net,2024-03-12,64.0
C31254,Jesús Henríquez,Persona,Regular,Rosario,Argentina,yolanda21@example.org,2021-03-12,35.0
C31255,Wendolin Noelia Carmona,Persona,Regular,Cancún,México,manuel25@example.org,2024-03-23,26.0
C31256,Víctor Omar Melo Herrera,Persona,Regular,Guadalajara,México,calisto89@example.com,2025-05-15,52.0
C31257,Lic. Graciela Tirado,Persona,Regular,Córdoba,Argentina,jonesbrian@example.org,2023-09-18,50.0
C31258,Jacobo Ricardo Vázquez,Persona,Regular,Bogotá,Colombia,baezaabraham@example.net,2024-05-20,54.0
C31259,Claudia Damaris Londoño Orozco,Persona,Regular, Córdoba,Argentina,german35@example.org,2024-07-29,33.0
C31260,Milton Calderón Delgado,Persona,Regular,Medellín,Colombia,emachamorro@example.org,2021-01-23,46.0
C31261,Gladys Ruth Acevedo,Persona,Friends Plus,Chicago,Estados Unidos,raimundo15@example.org,2024-03-21,56.0
C31262,Lambert Inc,Empresa,Corporativo, Cartagena,Colombia,mauriciosolis@mota.com,2020-12-14,44.0
C31263,Renee Smith,Persona,Regular,Córdoba,Argentina,eufemiacoll@example.org,2023-06-04,34.0
C31264,Sebastián Garzón,Anónimo,Anónimo,Cancún ,México,,2024-01-08,
C31265,Francisca Elisa Méndez Sanches,Persona,Friends Plus,Medellín,Colombia,gburgess@example.net,2024-07-05,54.0
C31266,Aroa Verdejo-Girona,Persona,Regular,Barcelona,España,karrieta@example.net,2020-10-14,31.0
C31267,Prudencia Sacristán Bolaños,Persona,Friends Plus,Ciudad de México,México,sverdugo@example.net,2024-10-16,29.0
C31268,Alta  Gracia Francisca Duarte,Persona,Regular,Mérida,México,paca15@example.net,2021-06-20,59.0
C31269,Gustavo Serafín Sauceda,Persona,Friends Plus,Austin,Estados Unidos,mitzybriseno@example.org,2023-03-25,46.0
C31270,Lic. Mayte Rivera,Persona,Friends Plus,Mendoza,Argentina,jose-angelcanas@example.net,2025-03-31,39.0
C31271,Camilo Elías Duque,Persona,Regular,Seattle,Estados Unidos,adanguzman@example.org,2022-10-03,64.0
C31272,Josep Planas Carrión,Persona,Regular,Guadalajara,México,martinezantonio@example.com,2020-04-11,42.0
C31273,Robert Perry,Anónimo,Anónimo,SEVILLA,España,,2023-03-31,
C31274,"Cuéllar, Vásquez and Mora",Empresa,Corporativo,Barranquilla,Colombia,gblanchard@garza.com,2020-04-17,49.0
C31275,Paola Ángela Barrera Martínez,Persona,Regular,Cali,Colombia,sebastianarboleda@example.net,2024-09-27,63.0
C31276,Gustavo Rivas Barrios,Anónimo,Anónimo,Querétaro,México,,2020-11-16,
C31277,Manuel Aníbal Díaz,Persona,Regular,Cali,Colombia,janeth44@example.com,2020-11-22,47.0
C31278,Paz-Cerón,Empresa,Corporativo,Guadalajara,México,paola48@rascon.com,2025-05-13,52.0
C31279,Casandra Velasco Peña,Persona,Friends Plus,Cali,Colombia,lorenza85@example.org,2024-12-24,45.0
C31280,Amanda Williams,Persona,Regular,Madrid,España,micaelafabregat@example.com,2021-12-28,63.0
C31281,Flavio Isaac Mascareñas,Persona,Regular,Madrid,España,valmanza@example.com,2022-05-23,53.0
C31282,Stephanie Garcia,Persona,Regular,Seattle,Estados Unidos,smorales@example.org,2023-07-24,43.0
C31283,Julia Angélica Heredia Montañez,Persona,Regular,Cali,Colombia,ygomez@example.com,2020-07-20,63.0
C31284,Jesse Rubio,Persona,Regular,Rosario,Argentina,hcastro@example.org,2023-01-03,42.0
C31285,Melton-Jones,Empresa,Corporativo,Guadalajara,México,kaylaacosta@powell.com,2023-09-30,29.0
C31286,Cruz-Olivárez,Empresa,Corporativo,Valencia,España,gomezanderson@duque-fernandez.com,2024-02-29,41.0
C31287,Alfredo Quintana Lloret,Anónimo,Anónimo,Sevilla,España,,2021-09-11,
C31288,Flavio Sotelo,Persona,Regular,Cancún,México,christopherchang@example.org,2023-09-29,39.0
C31289,Eduardo Estevez Pons,Anónimo,Anónimo,CALI,Colombia,,2023-08-20,
C31290,Pedro Lira Tamez,Persona,Friends Plus,Barranquilla,Colombia,gainesamanda@example.net,2020-04-03,35.0
C31291,Elsa Florencia Roque,Persona,Regular,Nueva York,Estados Unidos,martinezdalton@example.org,2024-01-03,19.0
C31292,John Carpenter,Anónimo,Anónimo,Mérida,México,,2023-11-27,
C31293,Andrés Sebastián Ramírez,Persona,Regular,Miami,Estados Unidos,ramirezsandra@example.org,2022-07-23,22.0
C31294,Leonel Valentín,Persona,Regular,Madrid,España,jackiealvarado@example.net,2025-03-21,50.0
C31295,Regina Shields,Anónimo,Anónimo,Monterrey,México,,2025-01-22,
C31296,Anthony Mooney,Anónimo,Anónimo,Buenos Aires,Argentina,,2024-02-10,
C31297,Sherry James MD,Persona,Friends Plus,Los Ángeles,Estados Unidos,escobedoleonor@example.org,2022-01-22,54.0
C31298,César William González,Persona,Regular,Sevilla,España,kaitlyn71@example.com,2022-06-15,23.0
C31299,Juan del Dalmau,Persona,Regular,Cali,Colombia,aaronmartin@example.com,2023-08-07,38.0
C31300,Ronnie Mcfarland,Persona,Regular,Buenos Aires,Argentina,almazanainoa@example.net,2022-07-31,22.0
C31301,Jessica Johnson,Persona,Regular,Los Ángeles,Estados Unidos,castrillonelias@example.org,2021-10-14,52.0
C31302,Rita Viñas Guillén,Persona,Regular,Chicago,Estados Unidos,csantana@example.com,2023-07-08,36.0
C31303,Dr. José Carlos Alva,Persona,Friends Plus,Mérida,México,trivera@example.com,2025-01-10,47.0
C31304,Martha Ariadna Collazo Saldaña,Persona,Friends Plus,BARCELONA,España,frios@example.com,2024-02-18,25.0
C31305,Rubén Suarez-Mate,Persona,Regular,Barcelona,España,uknapp@example.com,2021-05-01,25.0
C31306,Eloy Solorzano,Persona,Friends Plus,Sevilla,España,castelloplacido@example.com,2024-03-12,62.0
C31307,Espiridión Borja Verdugo,Anónimo,Anónimo,San Francisco,Estados Unidos,,2022-01-05,
C31308,Cornejo S.A. de C.V.,Empresa,Corporativo,Medellín,Colombia,nicolascarmona@alejandro.com,2021-03-19,62.0
C31309,Albert Pruitt,Persona,Regular,Querétaro,México,abraham25@example.com,2021-05-26,22.0
C31310,Berto Río Laguna,Persona,Regular,Córdoba,Argentina,carrionlilia@example.org,2025-01-31,55.0
C31311,Jeremy Erickson,Anónimo,Anónimo,Austin,Estados Unidos,,2024-06-01,
C31312,Margaret Scott,Anónimo,Anónimo,Austin,Estados Unidos,,2023-02-12,
C31313,Tamara Cooper,Persona,Regular,San Francisco,Estados Unidos,yanezflavio@example.com,2024-12-20,20.0
C31314,Plinio Marcos-Catalán,Persona,Regular, Guadalajara,México,escamillajacobo@example.net,2022-01-06,43.0
C31315,Sergio Adán Arjona,Persona,Regular,Boston,Estados Unidos,galindocarla@example.com,2023-12-10,39.0
C31316,Christopher Howell,Anónimo,Anónimo,Cancún,México,,2024-08-20,
C31317,Romero Inc,Empresa,Corporativo,Guadalajara,México,sean70@snyder.org,2022-12-13,40.0
C31318,Etelvina del Terrón,Anónimo,Anónimo,San Francisco,Estados Unidos,,2023-08-10,
C31319,Vicente Quintero,Anónimo,Anónimo,Madrid,España,,2024-12-13,
C31320,Mayte Dulce María Montaño Rivero,Anónimo,Anónimo, Córdoba,Argentina,,2021-02-04,
C31321,David Dodson,Persona,Regular,Austin,Estados Unidos,rivasadalberto@example.org,2021-09-21,26.0
C31322,Nohora Martínez Fernández,Persona,Regular,Los Ángeles ,Estados Unidos,janeth06@example.net,2024-09-29,61.0
C31323,Pascual Omar Niño,Persona,Regular,Boston,Estados Unidos,kmiro@example.org,2020-01-05,64.0
C31324,Emily Hughes,Persona,Regular,Bogotá,Colombia,christinethomas@example.org,2022-08-11,63.0
C31325,Jorge Cardona,Anónimo,Anónimo,Bogotá,Colombia,,2023-07-20,
C31326,Antonio Adolfo Guerrero Rodríguez,Persona,Friends Plus,Querétaro,México,jose70@example.com,2022-03-26,59.0
C31327,Celestina Arregui Rosselló,Persona,Regular,Cancún,México,ernestolanda@example.net,2020-01-23,41.0
C31328,Vásquez y Puga S.A. de C.V.,Empresa,Corporativo,Barcelona,España,aguirregeronimo@rocha.com,2022-09-29,51.0
C31329,Mrs. Michele Arnold,Anónimo,Anónimo,Cali,Colombia,,2020-07-06,
C31330,Jorge Rojas,Persona,Friends Plus,Valencia,España,larasarmiento@example.net,2022-01-16,27.0
C31331,Leonel Ibarra,Persona,Regular,Valencia,España,heather00@example.net,2023-09-12,28.0
C31332,Elena Trejo Corral,Persona,Regular,Sevilla,España,almarazjonas@example.org,2025-05-07,29.0
C31333,Victor Burgess,Persona,Friends Plus,Madrid,España,mario54@example.net,2024-02-16,24.0
C31334,Luz Diana Pérez,Persona,Friends Plus,San Francisco,Estados Unidos,homero59@example.net,2021-11-17,29.0
C31335,Jamie Cervantes,Anónimo,Anónimo,San Francisco,Estados Unidos,,2023-10-08,
C31336,Encarna Coello-Ramón,Persona,Regular,Córdoba,Argentina,gruiz@example.org,2022-12-13,30.0
C31337,Aldonza Ponce,Anónimo,Anónimo,Cartagena,Colombia,,2021-01-07,
C31338,Guadalupe Escrivá Trujillo,Persona,Friends Plus,Querétaro,México,qrowe@example.com,2021-12-26,38.0
C31339,Ing. Cornelio Acuña,Persona,Friends Plus,Sevilla,España,rpablo@example.org,2023-07-15,51.0
C31340,Farmaceútica CF S.L.,Empresa,Corporativo,Bogotá,Colombia,yfierro@echeverria.com,2020-05-29,54.0
C31341,José Antonio Aarón Rebollo Ibarra,Anónimo,Anónimo,Chicago,Estados Unidos,,2020-08-14,
C31342,Abigaíl Zabala Vila,Anónimo,Anónimo,CARTAGENA,Colombia,,2020-05-07,
C31343,Fábrica Donoso S.A.U,Empresa,Corporativo,Miami,Estados Unidos,jpearson@edwards.com,2020-07-21,43.0
C31344,Claudia Luz Álvarez,Persona,Regular,Querétaro,México,karen74@example.com,2021-02-22,24.0
C31345,Dr. Jorge Valdivia,Anónimo,Anónimo,Monterrey,México,,2024-08-16,
C31346,Mark Davis,Persona,Regular,Los Ángeles,Estados Unidos,patricia19@example.net,2025-04-10,28.0
C31347,Prudencia Castrillo Paniagua,Persona,Friends Plus,Barranquilla,Colombia,anabel01@example.net,2022-11-21,32.0
C31348,Cáceres-Barreto,Empresa,Corporativo,Córdoba ,Argentina,pamela99@padilla.org,2023-07-02,42.0
C31349,Julie Hall,Persona,Regular,Rosario,Argentina,jennifer11@example.com,2020-05-23,40.0
C31350,Erin Stewart,Anónimo,Anónimo,Sevilla,España,,2023-04-18,
C31351,Karina Mares Solano,Persona,Regular, Monterrey,México,ggomez@example.com,2024-09-11,52.0
C31352,Lorenzo Evelio Reynoso Santillán,Anónimo,Anónimo,Ciudad de México,México,,2022-12-27,
C31353,Cassandra Farrell,Persona,Regular,Cali,Colombia,sessa04@example.com,2020-05-25,64.0
C31354,Benjamin Frye,Persona,Regular,Cali,Colombia,kmalave@example.org,2024-06-26,36.0
C31355,Lorena Aida Dávila,Persona,Regular,Nueva York,Estados Unidos,sabinavera@example.net,2024-12-17,25.0
C31356,Serafín Luis Serna,Persona,Friends Plus,Mérida,México,torrezcristina@example.com,2020-09-10,43.0
C31357,Ing. Hernán Nieves,Persona,Friends Plus,Buenos Aires,Argentina,ladyortiz@example.com,2023-03-27,55.0
C31358,Sara Minerva Alonso,Persona,Regular,Barranquilla,Colombia,dzabala@example.org,2020-09-07,47.0
C31359,Bonnie Garcia,Persona,Regular,Ciudad de México,México,porfirio94@example.org,2022-10-07,63.0
C31360,Comercial QXKS S.L.,Empresa,Corporativo,Boston ,Estados Unidos,franciscorendon@padilla.com,2023-08-06,51.0
C31361,Aura Vera Morante Gonzalez,Persona,Regular,Mendoza,Argentina,moralestimothy@example.com,2022-01-13,51.0
C31362,Jacqueline Mónica Ríos Cuéllar,Persona,Regular,Monterrey,México,jose-ramon08@example.net,2021-08-15,56.0
C31363,Brandon Harris,Persona,Regular,Los Ángeles,Estados Unidos,manutorre@example.org,2023-03-31,54.0
C31364,Claudia Cisneros,Persona,Friends Plus,Bilbao,España,briannacross@example.com,2022-06-26,57.0
C31365,Vicente Nazario,Anónimo,Anónimo,Medellín,Colombia,,2022-04-24,
C31366,Enrique Mosquera Solano,Persona,Regular,San Francisco,Estados Unidos,maria-elena63@example.org,2024-12-03,28.0
C31367,María María Duarte,Persona,Regular,Chicago,Estados Unidos,sofia23@example.net,2023-07-13,22.0
C31368,April Porter DVM,Anónimo,Anónimo,Guadalajara ,México,,2024-11-21,
C31369,Denise Arnold,Persona,Regular,Querétaro,México,lourdesespinosa@example.com,2023-02-24,63.0
C31370,Dr. Jonás de la Fuente,Persona,Regular,Nueva York,Estados Unidos,ypont@example.com,2022-09-12,59.0
C31371,Violeta Antón Borrell,Persona,Regular,Ciudad de México,México,raquelramirez@example.org,2022-10-07,45.0
C31372,Alejandra Bianca Ozuna Espinoza,Persona,Regular,Sevilla,España,nmorrison@example.org,2025-01-14,35.0
C31373,John Graham,Persona,Regular,Monterrey,México,bernardita47@example.net,2023-07-07,38.0
C31374,Rufino Rincón Carballo,Persona,Regular,Rosario,Argentina,jbru@example.com,2020-10-24,43.0
C31375,Ruben Ellis,Persona,Regular,Austin,Estados Unidos,sanchezalonso@example.com,2023-02-10,44.0
C31376,Andrew Kane,Persona,Friends Plus,Cartagena,Colombia,miguelpalmer@example.org,2020-07-22,19.0
C31377,Camilo González,Anónimo,Anónimo,Madrid,España,,2020-03-21,
C31378,Ignacio Jerónimo Díaz,Persona,Friends Plus,San Francisco,Estados Unidos,german82@example.org,2023-08-18,54.0
C31379,Úrsula Wendolin Arroyo Borrego,Persona,Regular,Monterrey,México,efranco@example.org,2025-03-27,42.0
C31380,Luisa Aguilar López,Persona,Friends Plus,San Francisco,Estados Unidos,amayaesparta@example.org,2020-02-12,32.0
C31381,Pilar Nelly Niño Jimínez,Anónimo,Anónimo,Cali,Colombia,,2021-11-04,
C31382,Daniela Sessa Vásquez,Persona,Regular,Sevilla,España,amelia49@example.com,2023-05-24,19.0
C31383,Cornelio Velásquez,Anónimo,Anónimo,Querétaro,México,,2022-05-18,
C31384,Arcelia Marisol Centeno Quintanilla,Persona,Regular,Guadalajara,México,zmateu@example.com,2023-04-23,21.0
C31385,Leocadio Oller Galindo,Persona,Friends Plus,Guadalajara,México,isabel21@example.com,2021-12-27,58.0
C31386,Luis Miguel Mercado Casillas,Persona,Regular,Bogotá,Colombia,ruizmaria@example.net,2022-04-07,31.0
C31387,Melanie Rios,Persona,Friends Plus,Los Ángeles,Estados Unidos,rodriguezines@example.com,2020-11-05,41.0
C31388,Jessica Morgan,Persona,Regular,Los Ángeles ,Estados Unidos,robert65@example.net,2024-11-14,22.0
C31389,Sánchez-Hernández,Empresa,Corporativo,Mendoza,Argentina,lawrencesherry@powell.org,2023-08-26,29.0
C31390,Jeffrey Munoz,Persona,Regular,Monterrey,México,donosojulieta@example.net,2024-03-25,19.0
C31391,Monica Kelly,Persona,Regular,Madrid,España,molinayeison@example.net,2023-06-29,56.0
C31392,Reinaldo Borrás Cruz,Persona,Regular,Barcelona,España,pocampo@example.com,2024-02-18,59.0
C31393,Brian White,Persona,Regular,Rosario,Argentina,lastracecilio@example.org,2022-04-17,36.0
C31394,Supermercados Criado y asociados S.Coop.,Empresa,Corporativo,Cancún,México,bravojuan@aguilar-baez.com,2023-07-10,28.0
C31395,Nayara Cid Ortiz,Persona,Regular,Los Ángeles,Estados Unidos,avalenzuela@example.net,2024-11-10,19.0
C31396,Adam Mendoza II,Anónimo,Anónimo,Seattle,Estados Unidos,,2021-03-18,
C31397,Nicolás Gabino Cózar Amo,Persona,Regular,Cali,Colombia,liliasaldana@example.com,2025-03-29,35.0
C31398,Amador Amaya Orosco,Persona,Regular,Boston,Estados Unidos,ramirezyesid@example.org,2024-12-11,18.0
C31399,Noa Lupita Godoy Ávila,Anónimo,Anónimo,BARCELONA,España,,2021-04-08,
C31400,Pedro Bruno Flórez,Anónimo,Anónimo,Mendoza,Argentina,,2022-01-04,
C31401,Eduar Guerra,Persona,Regular,Mendoza,Argentina,oricart@example.org,2023-04-06,26.0
C31402,Victor Hess,Persona,Regular,BILBAO,España,nmaestas@example.org,2021-12-14,58.0
C31403,Sr. Samuel Armenta,Persona,Regular,Ciudad de México,México,bilbaorebeca@example.org,2024-11-23,63.0
C31404,"Laboratorios Sepúlveda, Bonilla y Salgado",Empresa,Corporativo,Cali,Colombia,maderaaraceli@escamilla-estrada.com,2024-05-10,62.0
C31405,Iván Quiroz López,Persona,Regular,Bogotá,Colombia,hortensiamendez@example.org,2025-02-22,46.0
C31406,Faustino Aragón Sierra,Persona,Friends Plus,Guadalajara,México,rtrujillo@example.net,2024-05-26,54.0
C31407,Stephanie Sanchez,Persona,Regular,Bogotá,Colombia,leonafrica@example.com,2022-04-24,44.0
C31408,Ricardo Salvà-Palma,Persona,Regular,Nueva York,Estados Unidos,stephaniewright@example.org,2020-05-20,61.0
C31409,Eugenia Carmen Manrique,Persona,Regular,Nueva York,Estados Unidos,pablosanchez@example.net,2022-01-11,34.0
C31410,Germán Morales Barrera,Anónimo,Anónimo,Seattle,Estados Unidos,,2021-06-20,
C31411,Tonya Bradley,Persona,Friends Plus,Chicago,Estados Unidos,meagan85@example.org,2024-01-25,35.0
C31412,María Gabriela Guerrero Rodríguez,Persona,Regular,Querétaro,México,jose15@example.com,2021-08-10,33.0
C31413,David Moore,Anónimo,Anónimo,Barcelona,España,,2021-06-30,
C31414,Charo de Ayllón,Anónimo,Anónimo,Córdoba,Argentina,,2024-03-16,
C31415,Amanda Jones,Persona,Regular,San Francisco,Estados Unidos,pedrerocarmina@example.org,2021-03-26,49.0
C31416,Yeferson Córdoba Acosta,Persona,Regular,Monterrey,México,kleiva@example.net,2023-09-06,64.0
C31417,Amanda Morrison,Persona,Regular,Guadalajara,México,rosa19@example.com,2023-02-10,52.0
C31418,Stephen Hicks,Persona,Regular,Austin,Estados Unidos,qaguirre@example.org,2022-06-20,43.0
C31419,Tatiana Díaz,Persona,Regular,Bogotá,Colombia,qperez@example.net,2023-01-23,49.0
C31420,César Barrios,Persona,Friends Plus,Cordoba,Argentina,kelliedwards@example.org,2021-09-25,45.0
C31421,Sr. Alvaro Tórrez,Persona,Regular,Cali,Colombia,rufinoduenas@example.org,2020-04-06,58.0
C31422,Graciano Mariscal Carvajal,Persona,Regular,Buenos Aires,Argentina,de-la-rosanoelia@example.org,2024-07-18,55.0
C31423,Graciela de Sureda,Persona,Regular,Monterrey,México,alemancarla@example.com,2021-03-29,40.0
C31424,Tatiana Forero Pérez,Persona,Friends Plus,Medellín,Colombia,dangel@example.com,2023-11-20,31.0
C31425,Wendy Gonzalez,Persona,Regular,Medellín,Colombia,ftrillo@example.org,2020-12-10,41.0
C31426,Jeffery Parrish,Persona,Friends Plus,Cancún,México,cvillamizar@example.org,2020-08-04,30.0
C31427,Robert Powers,Persona,Regular,Mérida,México,marcela75@example.com,2025-02-17,23.0
C31428,Luis Cristian Cano,Persona,Regular,Guadalajara,México,iriarteoctavia@example.net,2023-09-14,59.0
C31429,Mercedes Esmeralda Portillo,Persona,Regular,Querétaro ,México,lmari@example.net,2021-02-20,22.0
C31430,Parker Zavala,Persona,Friends Plus,Bilbao,España,carmen58@example.com,2020-06-04,45.0
C31431,Oswaldo Páez Osorio,Persona,Friends Plus,Austin,Estados Unidos,cesar25@example.org,2022-05-16,20.0
C31432,Carrie Garcia,Persona,Regular,Sevilla,España,agarrett@example.net,2022-06-04,20.0
C31433,Nathan Cole,Anónimo,Anónimo,Chicago,Estados Unidos,,2024-11-23,
C31434,Stephanie Fisher,Anónimo,Anónimo,Rosario,Argentina,,2022-05-09,
C31435,Natividad Paola Salmerón Pol,Persona,Regular,Cali,Colombia,hartmanmonica@example.org,2024-10-28,33.0
C31436,Gabino Jaime Gurule Rolón,Persona,Regular,Nueva York,Estados Unidos,jaqueline90@example.net,2023-07-31,37.0
C31437,Dafne de Buendía,Anónimo,Anónimo,Buenos Aires,Argentina,,2022-07-09,
C31438,Jose Ignacio Losada,Persona,Friends Plus,San Francisco,Estados Unidos,morristiffany@example.com,2020-11-30,36.0
C31439,Grupo Mosquera S.C.P,Empresa,Corporativo,Cali,Colombia,luisceballos@gomez-hurtado.org,2025-01-07,18.0
C31440,Efraín Calleja Bru,Persona,Regular,Cali,Colombia,herreroisidoro@example.net,2023-04-13,24.0
C31441,Augusto González Suárez,Persona,Regular,Mérida,México,francisca66@example.net,2020-07-08,18.0
C31442,Jennifer Patel,Persona,Regular,Chicago,Estados Unidos,cabreraolga@example.org,2025-02-20,62.0
C31443,Dulce María Baeza Rangel,Persona,Regular,Sevilla,España,qpaz@example.com,2021-03-18,50.0
C31444,Julia Sonia Ramírez,Persona,Friends Plus,Medellín,Colombia,odomingo@example.net,2024-04-27,29.0
C31445,Clotilde Salinas Huerta,Persona,Regular,Rosario,Argentina,cisnerosperla@example.com,2024-12-27,26.0
C31446,"Montoya, Cook and Martin",Empresa,Corporativo,Barranquilla,Colombia,pbeltran@grupo.info,2020-11-04,50.0
C31447,Thomas Moon,Persona,Regular,Seattle,Estados Unidos,joan62@example.com,2020-08-31,30.0
C31448,Nereida Reina Landa,Persona,Regular,Bogotá,Colombia,carbajalcesar@example.org,2022-05-13,54.0
C31449,Abel Cañizares Parra,Persona,Regular,Barcelona,España,georginaecheverria@example.org,2022-12-14,37.0
C31450,Caitlin Jackson,Persona,Regular,Mérida,México,arriaganadia@example.net,2021-05-27,62.0
C31451,Juan Juan Castellanos,Persona,Regular,Ciudad de México,México,irizarryliliana@example.org,2024-09-10,19.0
C31452,Heliodoro Sosa Pelayo,Persona,Regular,Mendoza,Argentina,gmartin@example.org,2024-10-05,62.0
C31453,Horacio Tirado Arellano,Persona,Regular,Madrid,España,reyesgallardo@example.net,2024-06-04,26.0
C31454,Rosa García Buitrago,Anónimo,Anónimo,Guadalajara,México,,2022-05-27,
C31455,Cecilia Vanegas,Persona,Regular,Nueva York,Estados Unidos,ssepulveda@example.org,2020-09-18,37.0
C31456,Gloria Natalia Marroquín Acevedo,Persona,Regular,Ciudad de México,México,alfonso31@example.com,2023-08-25,21.0
C31457,Perez LLC,Empresa,Corporativo,Los Ángeles,Estados Unidos,nancy49@club.com,2022-02-11,53.0
C31458,Danilo William Velasco,Persona,Regular,Bogotá ,Colombia,snavarro@example.net,2021-01-02,26.0
C31459,Milton Gilberto Ramírez Vallejo,Persona,Regular,Monterrey,México,brunilda61@example.org,2025-01-23,25.0
C31460,Miss Danielle Cruz,Anónimo,Anónimo,Chicago,Estados Unidos,,2022-09-08,
C31461,Toni Montaña Rico,Persona,Regular,Barranquilla,Colombia,rivaslisbeth@example.com,2022-10-19,38.0
C31462,Agapito Criado Vall,Persona,Regular,Cartagena,Colombia,florgil@example.net,2021-11-02,64.0
C31463,Jenny Luz Vásquez Campo,Anónimo,Anónimo,Cali,Colombia,,2024-08-21,
C31464,"Proyectos Reyna, Carvajal y Cuellar",Empresa,Corporativo,Bilbao,España,dbarbero@nestor.net,2024-05-17,29.0
C31465,Bridget Hartman,Persona,Friends Plus,Nueva York ,Estados Unidos,schultzsusan@example.net,2023-11-12,34.0
C31466,Edelmira de Bilbao,Persona,Regular,San Francisco,Estados Unidos,cynthiaavila@example.net,2024-08-20,61.0
C31467,David Andrews,Persona,Regular,Bogotá,Colombia,nicoleritter@example.com,2022-12-11,24.0
C31468,Jos Eric Caballero Soto,Persona,Regular,Buenos Aires,Argentina,aragonrolando@example.net,2022-06-24,19.0
C31469,Lic. Octavio Pérez,Persona,Friends Plus,Madrid,España,cristina53@example.com,2025-05-28,63.0
C31470,Rubén José Díaz,Persona,Friends Plus,Seattle,Estados Unidos,stiven83@example.net,2022-01-02,21.0
C31471,Loida Cases Casals,Persona,Regular,Cartagena,Colombia,vicenteosorio@example.org,2021-09-03,59.0
C31472,Emilia Dávila,Persona,Regular,Mérida,México,graciela11@example.org,2023-03-24,26.0
C31473,Fernando Rodríguez Velásquez,Persona,Regular,Boston,Estados Unidos,cheryl25@example.org,2020-02-16,18.0
C31474,Brunilda Marti Macías,Persona,Regular,Miami,Estados Unidos,ybermudez@example.com,2020-09-26,52.0
C31475,Felix Felix Cornejo,Persona,Regular,Ciudad de México,México,reyesribas@example.org,2022-05-25,61.0
C31476,Dra. Esperanza Luna,Anónimo,Anónimo,Mérida,México,,2024-09-11,
C31477,Octavio Acero Carnero,Persona,Regular,Ciudad de México,México,amorveronica@example.org,2023-04-13,53.0
C31478,Santiago Camilo Moreno,Persona,Regular,Mendoza,Argentina,david68@example.org,2022-02-05,35.0
C31479,Donna Pugh,Persona,Friends Plus,Los Ángeles,Estados Unidos,hectorhoyos@example.com,2024-08-02,57.0
C31480,Jos Carrión Arce,Persona,Regular,Medellín,Colombia,boschciriaco@example.com,2021-06-16,45.0
C31481,Georgina Esperanza Mares Verduzco,Persona,Regular,Bogotá,Colombia,alexanderreyes@example.net,2023-03-27,47.0
C31482,Juan Meneses,Persona,Friends Plus,Mérida,México,amaliavillarreal@example.org,2020-02-12,53.0
C31483,Ana Gonzáles,Persona,Regular,Mendoza,Argentina,ybarros@example.org,2024-11-12,23.0
C31484,Abigaíl Vara Pozuelo,Persona,Friends Plus,Seattle,Estados Unidos,adan16@example.org,2020-10-19,49.0
C31485,Leonardo Cristian García Palacios,Persona,Regular,Seattle,Estados Unidos,mariamartinez@example.net,2025-04-12,46.0
C31486,Edelmira del Fabregat,Persona,Regular,Cancún,México,fernandezalberto@example.net,2025-03-06,41.0
C31487,Xiomara Alvarado,Persona,Regular,Querétaro,México,msalazar@example.com,2024-11-12,20.0
C31488,Abel Alvaro Nájera,Persona,Friends Plus,Cartagena,Colombia,bveliz@example.org,2023-12-03,39.0
C31489,Galo Gimeno Alfonso,Persona,Regular,Guadalajara,México,vasquezalexa@example.com,2020-02-10,30.0
C31490,Leticia Ofelia Ocampo Maestas,Persona,Regular,Mendoza,Argentina,tomasafrica@example.org,2025-04-13,45.0
C31491,Felix Fernando Bustos,Persona,Friends Plus,Valencia,España,petersonsteven@example.net,2024-12-12,24.0
C31492,Diana Luz Parra,Persona,Regular,Los Ángeles,Estados Unidos,baldomerozabala@example.com,2020-03-04,43.0
C31493,Soraya Giralt,Persona,Regular,Bogotá,Colombia,pradoluis-miguel@example.org,2025-01-05,29.0
C31494,Rosalinda González Espinosa,Persona,Regular, Cancún,México,fvelasquez@example.org,2020-05-07,40.0
C31495,Dr. Flavio Saavedra,Persona,Regular,Cartagena,Colombia,wgibert@example.org,2024-12-18,57.0
C31496,Ernesto Arboleda Rodríguez,Persona,Regular,Monterrey,México,valenciamayte@example.net,2025-05-04,26.0
C31497,Zoé Hilda Robles,Persona,Regular,Cartagena,Colombia,lisandroandres@example.org,2025-05-12,38.0
C31498,Amor Cervantes Catalá S.A.,Empresa,Corporativo,Barranquilla,Colombia,jhonguerrero@mosquera.com,2024-01-06,53.0
C31499,Itziar Casal Corbacho,Persona,Regular,MÉRIDA,México,raquel55@example.com,2023-01-21,24.0
C31500,Kenneth Booker,Persona,Regular,Cali,Colombia,cwallace@example.com,2020-12-03,61.0
C31501,Patricia Smith,Persona,Regular,Bogotá,Colombia,lucerogustavo@example.net,2024-10-20,47.0
C31502,Xavier Mendez Cuéllar,Anónimo,Anónimo,Barcelona,España,,2022-06-02,
C31503,Michael Lawrence,Persona,Regular,Los Ángeles,Estados Unidos,edgar43@example.net,2022-10-31,51.0
C31504,Loida Contreras Prieto,Persona,Regular,Medellín,Colombia,josecastaneda@example.net,2020-12-05,35.0
C31505,María Flor Gómez,Persona,Friends Plus,Chicago,Estados Unidos,diazelsa@example.net,2025-04-28,29.0
C31506,Javier Antonio Flórez Cárdenas,Persona,Friends Plus,Cartagena,Colombia,cmendoza@example.org,2022-09-15,20.0
C31507,Juan Carlos Peinado,Persona,Regular,Cali,Colombia,fhurtado@example.org,2021-08-24,28.0
C31508,Paulina Olivia Ríos,Persona,Regular,Ciudad de México,México,nvalladares@example.com,2023-04-26,37.0
C31509,Alexandra Luz Agudelo Duarte,Persona,Regular,Barcelona,España,sierrabeatriz@example.org,2023-07-24,35.0
C31510,Elkin Muñoz Romero,Anónimo,Anónimo,Medellín,Colombia,,2021-05-12,
C31511,Javier Fuentes Rodríguez,Persona,Friends Plus,Querétaro,México,javierarranz@example.net,2024-01-14,20.0
C31512,Kristin Wilson,Persona,Regular,Valencia,España,kanaya@example.org,2023-02-13,47.0
C31513,Marisol del Verdejo,Persona,Regular,Cartagena,Colombia,victoria90@example.org,2021-01-23,34.0
C31514,Mauro Báez Ayala,Persona,Regular,Cartagena,Colombia,sigfridogoicoechea@example.com,2023-02-27,62.0
C31515,Paola Adriana Arias Bejarano,Anónimo,Anónimo,Austin,Estados Unidos,,2022-10-31,
C31516,Eric Santana,Persona,Regular,Cartagena,Colombia,nicodemoperales@example.com,2021-07-07,49.0
C31517,Camilo Felipe López,Persona,Regular,Miami,Estados Unidos,anaperez@example.org,2024-07-28,26.0
C31518,David Wagner,Anónimo,Anónimo,Boston,Estados Unidos,,2022-10-10,
C31519,Ruy Peiró Niño,Persona,Friends Plus,BILBAO,España,nvanegas@example.com,2024-05-14,48.0
C31520,Rodolfo Romero,Persona,Regular,Sevilla,España,bellomaria-teresa@example.com,2023-12-11,60.0
C31521,Mauricio Rosero Narváez,Persona,Regular,Mendoza,Argentina,albaaldo@example.com,2024-10-21,21.0
C31522,Lucila Lilian Valencia,Persona,Regular,San Francisco,Estados Unidos,youngdoris@example.org,2024-09-15,43.0
C31523,Veronica Reed,Anónimo,Anónimo,San Francisco,Estados Unidos,,2022-10-03,
C31524,Jennifer Williams,Persona,Friends Plus,San Francisco,Estados Unidos,chicosilvia@example.net,2020-06-20,18.0
C31525,Pérez-Villamizar,Empresa,Corporativo,Cartagena,Colombia,tcano@salamanca.es,2020-09-02,21.0
C31526,Jacqueline Rodriguez,Persona,Regular,Sevilla ,España,ana-mariacollado@example.org,2022-04-26,63.0
C31527,Carlito Galán,Persona,Regular,Nueva York,Estados Unidos,william78@example.net,2020-10-30,27.0
C31528,Renato Pombo Cabrero,Persona,Friends Plus,Nueva York,Estados Unidos,alfredopallares@example.net,2024-09-26,63.0
C31529,Flavio Patricio Herrera Moreno,Anónimo,Anónimo,Ciudad de México,México,,2021-03-24,
C31530,Macaria de Lozano,Persona,Regular,Querétaro,México,xcolon@example.com,2022-07-02,60.0
C31531,Evita Yuste Alberola S.Com.,Empresa,Corporativo,Boston,Estados Unidos,dakota20@carpenter.com,2024-07-29,36.0
C31532,Emiliano Francisco Trejo,Persona,Regular,Rosario,Argentina,norrisjennifer@example.com,2023-12-03,63.0
C31533,Karen Alba Erazo García,Anónimo,Anónimo,Boston,Estados Unidos,,2024-01-08,
C31534,Tulia Constanza Caballero Rodríguez,Persona,Regular,Cali,Colombia,odoyle@example.com,2023-12-29,35.0
C31535,Xavier Mcclure,Persona,Friends Plus,Cali,Colombia,garzonclemencia@example.com,2021-03-24,24.0
C31536,Valentina Omaira García Sarmiento,Persona,Regular,Ciudad de México,México,theresajohnson@example.net,2020-11-21,34.0
C31537,Tucker-Gentry,Empresa,Corporativo,Barcelona,España,gaviriamarlon@pineda-ayala.com,2024-05-05,20.0
C31538,Yago Carrillo Pérez,Persona,Regular,Ciudad de México,México,andrearodriguez@example.org,2023-03-11,40.0
C31539,Córdova y Sánchez S.C.,Empresa,Corporativo,Nueva York,Estados Unidos,zeferino04@ozuna.net,2023-10-11,46.0
C31540,Candelaria Rodrigo Torrents,Persona,Regular, Mérida,México,brittanydean@example.com,2025-03-29,62.0
C31541,Luis Miguel Aller Agudo,Persona,Friends Plus,Ciudad de México,México,esmeraldaorta@example.com,2021-11-03,53.0
C31542,Manuel Alexander Hernández,Persona,Regular,Los Ángeles,Estados Unidos,ocolomer@example.org,2025-05-29,36.0
C31543,Christina Chambers,Persona,Regular,Monterrey,México,mirandaandrea@example.com,2023-09-18,51.0
C31544,Jonathan Gonzalez,Persona,Regular,Madrid,España,lizethsalazar@example.com,2022-07-08,39.0
C31545,Alonso Menchaca,Persona,Regular,Cartagena,Colombia,cavila@example.com,2020-08-03,46.0
C31546,Robert Blanchard,Persona,Regular,CIUDAD DE MÉXICO,México,gabriel08@example.org,2023-05-10,25.0
C31547,Carlota Sevilla,Persona,Regular,Madrid,España,gbaez@example.net,2022-02-02,23.0
C31548,Óscar Acevedo Alemán,Persona,Friends Plus,Rosario,Argentina,mariabarbosa@example.org,2025-02-14,46.0
C31549,Luz Valdés Patiño,Persona,Regular,Madrid,España,almagroeustaquio@example.net,2022-11-04,26.0
C31550,Alan Wood,Persona,Regular,Medellín,Colombia,ssullivan@example.org,2020-01-09,57.0
C31551,Ann Anderson,Anónimo,Anónimo,Boston,Estados Unidos,,2023-10-03,
C31552,Bernarda Marti Águila,Persona,Regular,Madrid,España,crawfordcrystal@example.com,2023-10-25,36.0
C31553,Lori Alexander,Persona,Friends Plus,Rosario,Argentina,xcervantez@example.org,2020-05-24,55.0
C31554,Marina Espejo Bou,Anónimo,Anónimo,Mendoza,Argentina,,2024-12-23,
C31555,Aurora Alva Arreola,Anónimo,Anónimo,Boston,Estados Unidos,,2020-08-06,
C31556,Lucas Gerardo Fierro,Persona,Regular,Córdoba,Argentina,solanojose@example.net,2025-04-02,24.0
C31557,Valentina Viñas-Barberá,Anónimo,Anónimo,Cancún,México,,2021-10-05,
C31558,Alonso Alberto Sánchez,Persona,Friends Plus,Bogotá,Colombia,kporras@example.net,2021-04-09,27.0
C31559,Verónica Ortega Godínez,Persona,Regular,Barcelona,España,ybolanos@example.net,2022-11-08,29.0
C31560,Rosendo Carpio-Álvaro,Persona,Friends Plus,Boston,Estados Unidos,grace64@example.com,2022-10-29,64.0
C31561,Elaine Hall,Persona,Regular,BARRANQUILLA,Colombia,charles55@example.net,2022-05-21,23.0
C31562,Reyes Tomás-Pla,Persona,Regular,BARRANQUILLA,Colombia,diazkaren@example.org,2024-04-08,21.0
C31563,Georgina Aranda,Anónimo,Anónimo,Valencia,España,,2023-12-25,
C31564,Joshua Matthews,Persona,Regular,Los Ángeles,Estados Unidos,sllopis@example.net,2021-04-25,42.0
C31565,Juan Luis Yuste Rubio,Persona,Regular,Monterrey,México,lopezsessa@example.com,2024-11-26,30.0
C31566,Marco Antonio Noriega Ocampo,Persona,Regular,San Francisco,Estados Unidos,gbarrios@example.org,2025-03-29,37.0
C31567,Rodrigo Espartaco Gracia,Persona,Regular,Austin,Estados Unidos,xfrost@example.net,2023-01-19,18.0
C31568,Susan Byrd,Persona,Regular,Miami,Estados Unidos,gregbrown@example.net,2022-10-26,29.0
C31569,Eloy Alfredo Véliz Aguirre,Persona,Regular,Valencia ,España,erussell@example.org,2024-02-23,44.0
C31570,Cayetana Alfaro Cervera,Anónimo,Anónimo,Valencia,España,,2023-08-23,
C31571,Mariana Sandra Huerta,Persona,Regular,Medellín,Colombia,luz41@example.net,2024-02-04,64.0
C31572,Laura Kaufman,Anónimo,Anónimo, Los Ángeles,Estados Unidos,,2020-07-28,
C31573,Mireya Murillo,Persona,Regular,Cali,Colombia,milenaerazo@example.com,2020-04-01,55.0
C31574,Yolanda Arellano Chapa,Persona,Regular,Monterrey,México,brittanycastillo@example.net,2024-02-14,54.0
C31575,Kevin Holmes,Persona,Regular, Cartagena,Colombia,heather41@example.com,2023-09-12,42.0
C31576,Cantú y Mayorga S.A. de C.V.,Empresa,Corporativo,Barcelona,España,georginaandres@supermercados.com,2022-01-26,21.0
C31577,Piedad Silva Segovia,Persona,Regular,Córdoba,Argentina,lindseytaylor@example.org,2022-02-19,26.0
C31578,Ágata Ascensión Bernat Carlos,Persona,Regular,Querétaro,México,danielberg@example.org,2025-03-22,53.0
C31579,Kayla Morgan,Persona,Friends Plus,Valencia,España,america40@example.net,2022-02-02,26.0
C31580,Zachary Stephens,Persona,Regular,Mérida,México,pinedavalentina@example.com,2024-04-21,47.0
C31581,Wanda Hart,Persona,Regular,Buenos Aires,Argentina,salvador38@example.net,2023-12-11,34.0
C31582,Michael Dougherty,Persona,Regular,Austin,Estados Unidos,ivanvalencia@example.org,2022-03-26,35.0
C31583,Camila Tamez Montemayor,Anónimo,Anónimo,Bilbao,España,,2023-08-06,
C31584,Timothy Carlson,Anónimo,Anónimo,Bogotá,Colombia,,2021-03-30,
C31585,Ing. Julia Verduzco,Anónimo,Anónimo,NUEVA YORK,Estados Unidos,,2022-11-02,
C31586,Jamie Schroeder,Persona,Regular, Barcelona,España,hdiaz@example.net,2020-11-04,54.0
C31587,Nydia Gutiérrez Arellano,Anónimo,Anónimo,Barranquilla,Colombia,,2020-02-09,
C31588,Samantha Miller,Persona,Regular,Ciudad de México,México,juan93@example.org,2024-01-30,24.0
C31589,Justin Young,Persona,Regular,Cancún,México,robertmiller@example.com,2024-11-23,42.0
C31590,Cerdán y asociados S.L.,Empresa,Corporativo,Barranquilla,Colombia,martinsierra@diaz-rodriguez.com,2021-07-02,43.0
C31591,Juan Daniel Agudelo Durán,Persona,Regular,Miami,Estados Unidos,delfinapera@example.org,2022-04-03,24.0
C31592,Michael Thompson,Persona,Regular,Mendoza,Argentina,lewisclinton@example.com,2023-01-30,48.0
C31593,Pedro Andrés Toro Moreno,Anónimo,Anónimo,Barcelona,España,,2021-08-16,
C31594,"Martínez, Montoya and Leal",Empresa,Corporativo,CANCÚN,México,ncordova@quiroz-ulloa.com,2022-02-22,42.0
C31595,Benito Flor-Hidalgo,Persona,Regular,Chicago,Estados Unidos,eibarra@example.org,2025-02-10,19.0
C31596,Bruce PLC,Empresa,Corporativo,Sevilla,España,kayla31@walker.net,2021-01-23,51.0
C31597,Scott Ortiz,Persona,Friends Plus,Medellín,Colombia,edwardguerrero@example.com,2020-06-26,39.0
C31598,Consuelo Cecilia Muñoz,Anónimo,Anónimo,Austin,Estados Unidos,,2021-01-19,
C31599,Davis-Grant,Empresa,Corporativo,Valencia,España,michaelmartin@estrada-richardson.com,2022-08-01,58.0
C31600,Lori Hurst,Persona,Regular,Los Ángeles,Estados Unidos,arturo24@example.org,2020-04-11,47.0
C31601,Distribuciones Carbó & Asociados S.Coop.,Empresa,Corporativo,Los Ángeles,Estados Unidos,vallmarcial@banca.com,2020-12-01,51.0
C31602,Alexandra Herrera,Persona,Friends Plus,Nueva York,Estados Unidos,guillerminapalacios@example.com,2022-05-29,54.0
C31603,María Guerrero Martínez,Persona,Friends Plus,Rosario,Argentina,jonathanmichael@example.com,2020-11-22,40.0
C31604,"Ramos, López and González",Empresa,Corporativo,Querétaro ,México,gonzalezdavid@reid-clay.net,2022-12-04,51.0
C31605,"Santana, West and Wiley",Empresa,Corporativo,Querétaro,México,jonathan48@long-beard.com,2022-12-20,39.0
C31606,Sarah Miles,Persona,Regular,Los Ángeles,Estados Unidos,rubenmiro@example.net,2023-04-18,50.0
C31607,Brian Brewer,Persona,Friends Plus,Seattle,Estados Unidos,alicia32@example.net,2023-11-25,21.0
C31608,Flavio Varela Carrero,Persona,Regular,Córdoba,Argentina,claudioapodaca@example.com,2023-11-27,51.0
C31609,Liliana Katherine García,Anónimo,Anónimo,Mendoza,Argentina,,2021-01-16,
C31610,Nayeli Vázquez Carrasco,Persona,Regular,Mendoza,Argentina,thomas51@example.org,2025-03-17,60.0
C31611,Miguel Willis,Persona,Regular,Seattle,Estados Unidos,regaladohector@example.org,2024-07-06,24.0
C31612,Gloria Valenzuela Acero,Persona,Regular,Austin,Estados Unidos,felipe97@example.net,2024-05-14,62.0
C31613,Amy Braun,Persona,Regular,MIAMI,Estados Unidos,ybenitez@example.com,2024-05-20,61.0
C31614,Lucila Roselló Saez,Persona,Regular,SEATTLE,Estados Unidos,amadoruriarte@example.com,2021-01-07,53.0
C31615,Mario Palacios García,Anónimo,Anónimo,Guadalajara,México,,2024-07-25,
C31616,Connie Ramos,Persona,Friends Plus,Austin,Estados Unidos,kpolo@example.net,2023-03-07,29.0
C31617,Marcelo Sáenz Cortés,Persona,Friends Plus,Valencia,España,adrianajaimes@example.com,2025-03-02,55.0
C31618,Lina Rodríguez González,Persona,Friends Plus,Córdoba,Argentina,rodrigezjaqueline@example.org,2022-10-28,38.0
C31619,Clara Ana Vergara,Persona,Regular,Cancún,México,santacruzelvira@example.org,2023-10-12,28.0
C31620,Jacob Lane,Anónimo,Anónimo,Los Ángeles,Estados Unidos,,2023-04-15,
C31621,Alfredo Olmedo Salamanca,Persona,Regular,Mérida,México,cabezaseugenia@example.com,2020-02-20,52.0
C31622,Inmobiliaria PGHP S.L.,Empresa,Corporativo,Bogotá,Colombia,cristian65@alcaraz.net,2024-09-06,36.0
C31623,Coral Bayona Avilés,Persona,Regular,Austin,Estados Unidos,xvelazquez@example.net,2024-11-19,58.0
C31624,Carol Lee,Anónimo,Anónimo,Cartagena,Colombia,,2020-06-07,
C31625,"Sandoval, Correa and Valencia",Empresa,Corporativo,Ciudad de México,México,amadacorbacho@banca.com,2024-06-30,46.0
C31626,April Vega MD,Persona,Regular,Cancún,México,bsalinas@example.com,2020-02-20,22.0
C31627,Elisa Eugenia Montes,Persona,Friends Plus,Querétaro,México,tania05@example.com,2023-11-16,52.0
C31628,Sra. Conchita Valencia,Persona,Regular, Cartagena,Colombia,quesadaadora@example.com,2020-03-27,39.0
C31629,Ryan Carter,Persona,Regular,Sevilla,España,megansolis@example.net,2020-08-02,58.0
C31630,Gloria Rivera,Persona,Friends Plus,Barranquilla,Colombia,dominiquemurphy@example.com,2024-07-21,36.0
C31631,Eliecer Sánchez Rodríguez,Persona,Friends Plus,Sevilla ,España,cvalencia@example.org,2022-09-05,51.0
C31632,Úrsula Garriga Solano,Anónimo,Anónimo, Mérida,México,,2022-04-11,
C31633,Cristina Edna Castro,Persona,Regular,Sevilla,España,johanaperea@example.net,2021-05-11,52.0
C31634,Citlali Porras,Persona,Friends Plus,Barranquilla,Colombia,ramonherrera@example.org,2024-09-30,50.0
C31635,Octavia Palma,Persona,Regular,Cancún,México,rmonsalve@example.net,2023-05-15,20.0
C31636,Carmen Rivas,Persona,Regular,Guadalajara,México,asdrubalcasanovas@example.net,2021-12-21,47.0
C31637,Nelson Oviedo Perea,Persona,Regular,Cancún,México,wilson68@example.net,2020-03-25,20.0
C31638,Elizabeth Rueda Sarmiento,Persona,Regular,Cancún,México,zelayaelena@example.org,2022-06-07,37.0
C31639,Pedro Díaz,Persona,Regular,Querétaro,México,hberger@example.com,2020-03-26,60.0
C31640,Sra. Luz Montenegro,Persona,Regular,Córdoba,Argentina,ffarmer@example.net,2022-06-02,30.0
C31641,Pancho Verdejo Vidal,Persona,Regular,Ciudad de México,México,mfarias@example.net,2021-04-20,46.0
C31642,Diana María Guevara Medina,Persona,Regular,Bilbao,España,ilse69@example.org,2024-11-05,29.0
C31643,Reyes Tovar Sáenz,Persona,Friends Plus,Valencia,España,isaacarguello@example.org,2020-07-04,24.0
C31644,Lucía María Ocampo Sánchez,Persona,Regular,Cali,Colombia,gallegojose-ignacio@example.net,2021-07-19,63.0
C31645,Rosa Cuevas-Álvaro,Persona,Regular,Medellín,Colombia,umoreno@example.com,2020-10-07,32.0
C31646,Dulce María Verónica Vázquez,Persona,Regular,Miami ,Estados Unidos,salvadorheredia@example.org,2023-05-28,45.0
C31647,Cynthia Martha Carrión Olmos,Persona,Regular,Medellín,Colombia,julioramirez@example.com,2020-03-24,45.0
C31648,"Aguilar, Blankenship and Wilson",Empresa,Corporativo,Buenos Aires,Argentina,bartolome72@artigas.es,2020-01-02,32.0
C31649,Brittany Young,Persona,Friends Plus,Bilbao,España,lpenas@example.com,2022-11-08,64.0
C31650,Margoth Ariza,Anónimo,Anónimo,Miami,Estados Unidos,,2020-03-10,
C31651,Robert White,Persona,Regular,Los Ángeles,Estados Unidos,cvargas@example.net,2024-04-12,36.0
C31652,Felix Miguel Ángel Salgado Burgos,Anónimo,Anónimo,Sevilla,España,,2025-02-04,
C31653,Alex Sanmiguel-Bravo,Persona,Regular,Cancún,México,royoemigdio@example.org,2023-07-06,23.0
C31654,Willian Cristian Acevedo,Persona,Friends Plus,Barcelona ,España,gsimpson@example.com,2020-11-17,36.0
C31655,Duván Jhon Valencia Romero,Persona,Regular,Austin,Estados Unidos,gil75@example.com,2024-08-06,26.0
C31656,Benjamin Sandoval,Persona,Regular,Barranquilla,Colombia,tlee@example.com,2020-06-13,19.0
C31657,Felipa Nogués Diego,Persona,Friends Plus,Valencia,España,velasquezemilio@example.org,2021-10-21,26.0
C31658,Benito Nicodemo Nevado Guillén,Persona,Regular,Cancún,México,kirkchristopher@example.net,2022-12-16,31.0
C31659,Jose Angel del Gómez,Anónimo,Anónimo,Ciudad de México,México,,2021-12-20,
C31660,Bruce Ford,Persona,Regular,Chicago,Estados Unidos,yolandasacristan@example.org,2022-07-15,28.0
C31661,Zamudio y Mondragón e Hijos,Empresa,Corporativo,Los Ángeles,Estados Unidos,xfuster@soluciones.org,2020-07-29,33.0
C31662,Isabel Correa,Anónimo,Anónimo,Medellín,Colombia,,2020-08-13,
C31663,Joshua Brady,Persona,Regular,Ciudad de México,México,crystalvilla@example.com,2021-02-13,54.0
C31664,Ashley LLC,Empresa,Corporativo,Monterrey,México,albino12@manufacturas.net,2022-08-21,55.0
C31665,María Trujillo Rodríguez,Persona,Regular,Medellín,Colombia,lumbrerasmaristela@example.net,2020-08-14,60.0
C31666,Ruperta Losa Ferrero,Persona,Regular,Madrid,España,brendamurphy@example.com,2023-11-19,34.0
C31667,Ing. Carmen Villagómez,Persona,Friends Plus,Bogotá,Colombia,jennifer13@example.com,2023-06-09,35.0
C31668,Thomas Obrien,Persona,Regular,Monterrey,México,alfredocasado@example.org,2025-05-31,54.0
C31669,Ashley Massey,Persona,Regular,Medellín,Colombia,nicolas86@example.net,2022-10-10,21.0
C31670,Ximena Ramírez Gutiérrez,Persona,Regular,Nueva York,Estados Unidos,de-la-garzasalma@example.com,2025-03-29,47.0
C31671,Lope Barriga Simó,Persona,Friends Plus,Ciudad de México,México,irizarryfelix@example.org,2021-04-21,43.0
C31672,Ryan Miller,Persona,Regular,Bogotá,Colombia,lloretsoraya@example.com,2020-02-22,22.0
C31673,Steven Warren,Anónimo,Anónimo,Querétaro,México,,2020-07-12,
C31674,Mariano Peres,Persona,Regular,Guadalajara,México,jose-manuel15@example.com,2022-11-25,46.0
C31675,Srita. Catalina Mireles,Persona,Regular,Rosario,Argentina,sarriaga@example.net,2024-06-01,26.0
C31676,Thomas Peters,Persona,Regular,Medellín,Colombia,maria-joseballesteros@example.org,2021-04-10,54.0
C31677,Chelo Cobos-Izquierdo,Persona,Regular,Sevilla,España,zeferino99@example.com,2021-02-20,63.0
C31678,Genoveva Nogueira Anguita,Persona,Regular,Austin,Estados Unidos,fabian75@example.org,2020-02-11,34.0
C31679,Oswaldo Emiliano González Pérez,Persona,Regular,Nueva York,Estados Unidos,kevincurtis@example.net,2023-01-27,24.0
C31680,Úrsula Concepción Perales,Anónimo,Anónimo,Valencia,España,,2024-05-13,
C31681,Ing. Ilse Benavídez,Persona,Friends Plus,Miami,Estados Unidos,gracielacuellar@example.com,2020-11-24,61.0
C31682,Anel María Teresa Páez,Anónimo,Anónimo,Córdoba ,Argentina,,2022-06-25,
C31683,Delfina Ballester Alegre,Persona,Regular,Sevilla,España,avilestomas@example.net,2021-10-06,50.0
C31684,José Hernán López Córdoba,Persona,Regular,Barranquilla,Colombia,andrea86@example.net,2020-08-29,39.0
C31685,Louis Hahn,Persona,Regular,Barranquilla,Colombia,spena@example.com,2022-07-28,42.0
C31686,Etelvina de Reguera,Persona,Regular,Medellín,Colombia,lopezpepe@example.net,2021-11-20,57.0
C31687,Salazar-García,Empresa,Corporativo,Cali,Colombia,maria-del-carmenharo@vega.com,2021-06-27,56.0
C31688,Michael Frost,Persona,Friends Plus,Córdoba,Argentina,emilia23@example.org,2021-08-14,27.0
C31689,Alejandro Carreño Jiménez,Persona,Regular,Miami,Estados Unidos,benitocaldera@example.com,2023-10-20,22.0
C31690,José Emilio Ureña,Persona,Regular,Monterrey,México,cvasquez@example.com,2025-04-27,18.0
C31691,Amancio Barbero Goñi,Persona,Regular,Cartagena,Colombia,villalongaluisa@example.com,2020-01-21,35.0
C31692,María Elena Zaragoza,Anónimo,Anónimo,Buenos Aires,Argentina,,2022-05-09,
C31693,Justin Thomas,Persona,Regular,Medellín,Colombia,aida34@example.net,2021-09-14,45.0
C31694,Juanito Balduino Sacristán Muñoz,Persona,Regular,Cali,Colombia,camilo13@example.net,2021-01-01,57.0
C31695,Rosario Naranjo,Persona,Regular,Austin,Estados Unidos,lgarcia@example.com,2025-01-10,56.0
C31696,Edmundo Medina Casanovas,Persona,Regular,Austin,Estados Unidos,candido22@example.net,2023-08-20,44.0
C31697,Rosalía Folch-Fuente,Persona,Regular,Buenos Aires,Argentina,rodriguezoctavio@example.org,2025-03-01,24.0
C31698,Aaron Velez,Persona,Regular,Chicago,Estados Unidos,bcaicedo@example.com,2021-05-16,41.0
C31699,Leire Hidalgo-Baños,Persona,Regular,Seattle,Estados Unidos,barrosovalentina@example.org,2022-03-31,64.0
C31700,Jaqueline Mayte Patiño,Anónimo,Anónimo,Chicago,Estados Unidos,,2021-03-22,
C31701,Sarah Jackson,Persona,Friends Plus,Los Ángeles,Estados Unidos,elizabethroach@example.net,2023-09-10,19.0
C31702,Esther Arias,Persona,Regular,Cancún,México,carranzajavier@example.com,2020-09-17,44.0
C31703,Michael Reyes,Persona,Regular,Barcelona,España,maria80@example.org,2022-04-04,24.0
C31704,Cristal Calderón,Persona,Regular,Cartagena,Colombia,victorortiz@example.net,2023-06-13,61.0
C31705,Molly Williamson,Persona,Regular,Cancún,México,filomena33@example.com,2021-07-17,55.0
C31706,Olivárez y Asociados,Empresa,Corporativo,Boston,Estados Unidos,pbenavides@herrera-salazar.com,2022-04-15,60.0
C31707,Luna Paredes Segovia,Persona,Regular,Cancún,México,darmendariz@example.com,2024-11-12,26.0
C31708,Brooks-Gordon,Empresa,Corporativo,Chicago,Estados Unidos,bayonabenjamin@grupo.net,2020-05-26,58.0
C31709,Gustavo Lebrón,Anónimo,Anónimo,Queretaro,México,,2020-05-02,
C31710,Flor Gómez Solano,Persona,Regular,Buenos Aires,Argentina,berenguertelmo@example.com,2024-10-17,32.0
C31711,Leire Pont-Cáceres,Persona,Regular,Córdoba,Argentina,fernando74@example.org,2021-12-09,33.0
C31712,Jorge Duarte Arias,Persona,Regular,Cancún,México,solanalupe@example.net,2021-04-24,28.0
C31713,Lucía Reina Bustos,Persona,Friends Plus,Seattle,Estados Unidos,leonarddavid@example.net,2025-01-13,35.0
C31714,Victor Manuel Seco Cuadrado,Persona,Regular,Los Ángeles,Estados Unidos,garciayanet@example.org,2022-11-07,29.0
C31715,Azahar Gabaldón Murcia,Persona,Regular, Miami,Estados Unidos,angela70@example.org,2023-12-09,57.0
C31716,Jonatan Brayan Arias Correa,Persona,Regular,Madrid,España,doris47@example.com,2023-06-08,41.0
C31717,Mateo Corral,Anónimo,Anónimo,Valencia,España,,2022-11-14,
C31718,April Nguyen,Persona,Regular,Austin,Estados Unidos,jossoto@example.org,2020-12-17,28.0
C31719,Sanchez Ltd,Empresa,Corporativo,Madrid,España,joelacero@nadal.com,2020-02-09,26.0
C31720,Enrique Rolando Montaño Raya,Persona,Friends Plus, Austin,Estados Unidos,karol56@example.org,2020-10-31,52.0
C31721,Carmen Esther León,Anónimo,Anónimo,Mendoza ,Argentina,,2024-02-26,
C31722,María Teresa Armenta,Persona,Regular,Mendoza,Argentina,malonso@example.org,2020-04-26,50.0
C31723,Isabela Centeno Collazo,Persona,Regular,Madrid,España,eric77@example.net,2021-05-29,47.0
C31724,Anna Barranco Ripoll,Persona,Regular,Cancún,México,bradleythomas@example.org,2021-01-31,48.0
C31725,José Pedro Ríos,Persona,Regular,Sevilla,España,jbates@example.net,2020-01-29,31.0
C31726,Violeta Carrillo Arenas,Persona,Regular,Valencia,España,chelsea32@example.org,2022-11-30,55.0
C31727,Scott Mack,Anónimo,Anónimo,Guadalajara ,México,,2023-01-20,
C31728,Alfredo Vera Múñiz,Persona,Regular,Guadalajara,México,ariasoscar@example.com,2024-06-04,46.0
C31729,Mónica Sevilla Agudo,Persona,Friends Plus,Ciudad de México ,México,malena00@example.com,2020-06-19,27.0
C31730,Yurani Rosalba Cruz,Persona,Friends Plus,Medellín,Colombia,peresmaximiliano@example.com,2023-06-15,29.0
C31731,Octavia Pera,Persona,Regular,Barranquilla ,Colombia,deborahmurphy@example.com,2022-11-13,52.0
C31732,Meyer-Perez,Empresa,Corporativo,Barranquilla,Colombia,prodriguez@lozano-vega.com,2020-09-30,20.0
C31733,Paulina Dulce Pichardo Briseño,Anónimo,Anónimo,Cartagena ,Colombia,,2020-08-30,
C31734,Elvira Zambrano,Persona,Regular,Valencia,España,enrique65@example.net,2023-02-14,49.0
C31735,Esperanza Dayana Rojas,Persona,Friends Plus,Córdoba,Argentina,yolima48@example.net,2024-12-02,24.0
C31736,Bermúdez and Sons,Empresa,Corporativo,San Francisco,Estados Unidos,rosario43@rosado.com,2024-10-13,42.0
C31737,Patricio Martín Ríos,Persona,Regular,Medellín,Colombia,carmengonzalez@example.org,2021-07-10,36.0
C31738,Diego Cuevas,Persona,Regular,Austin,Estados Unidos,maxwellchase@example.com,2024-01-27,31.0
C31739,Caitlin Marshall,Anónimo,Anónimo,Nueva York,Estados Unidos,,2022-03-27,
C31740,Carlos Bedoya Velandia,Persona,Regular,Guadalajara,México,oquinonez@example.org,2025-02-04,38.0
C31741,Clementina Maxi Barrios Hervás,Anónimo,Anónimo,Madrid,España,,2024-10-11,
C31742,Juanito Aitor Perez Segura,Persona,Regular,Cartagena,Colombia,amanciojodar@example.org,2023-09-16,56.0
C31743,Gonzalo Armas Torralba,Persona,Regular,Cancún,México,amy95@example.net,2021-09-10,25.0
C31744,Plácido Muñoz Pozuelo,Persona,Regular,Seattle,Estados Unidos,rojasjairo@example.com,2024-08-06,48.0
C31745,Suministros Calleja S.Com.,Empresa,Corporativo,Seattle,Estados Unidos,richardsonheather@robinson-miller.org,2024-02-03,64.0
C31746,Héctor Cortes Saura,Persona,Regular,Mérida,México,ygodoy@example.net,2022-07-20,40.0
C31747,Giovanny Gustavo Pacheco,Persona,Regular,San Francisco,Estados Unidos,lopezjesus@example.com,2023-05-24,43.0
C31748,Lic. Reynaldo Collazo,Persona,Regular,Córdoba,Argentina,isabel45@example.org,2021-10-14,43.0
C31749,Diana Luz Mendoza,Persona,Regular,Nueva York,Estados Unidos,daliamunguia@example.net,2025-03-19,40.0
C31750,Andrea Graham,Persona,Regular,Mendoza,Argentina,carballonicolas@example.org,2021-05-19,42.0
C31751,María Teresa Montero,Anónimo,Anónimo,Medellín,Colombia,,2020-03-07,
C31752,Robert Gordon,Persona,Regular,Rosario,Argentina,brent83@example.org,2022-05-21,33.0
C31753,Fabiana Salamanca,Persona,Regular,Bogotá,Colombia,reyesdanny@example.org,2021-09-30,40.0
C31754,Eder William Ortiz Palacio,Anónimo,Anónimo,Miami,Estados Unidos,,2023-11-24,
C31755,Sonia Uribe Aponte,Persona,Friends Plus,Monterrey,México,torresdario@example.com,2021-08-06,48.0
C31756,Valentín-Alvarez,Empresa,Corporativo,Guadalajara,México,npardo@magdalena.com,2024-04-29,51.0
C31757,Evelio Vigil,Persona,Regular,Mendoza ,Argentina,delgadofernando@example.net,2024-03-02,45.0
C31758,Estefanía Benita Iñiguez Ramirez,Persona,Friends Plus,Barranquilla,Colombia,hsanz@example.org,2025-04-21,52.0
C31759,Ing. Enrique Coronado,Persona,Regular,Bogota,Colombia,vpaul@example.org,2024-09-29,37.0
C31760,Sancho Palma,Persona,Regular,Boston,Estados Unidos,valenciamarta@example.org,2021-06-11,50.0
C31761,Ethan Wells,Persona,Regular, Chicago,Estados Unidos,dguillen@example.org,2020-08-13,32.0
C31762,Jasmine Stewart,Persona,Regular,Monterrey,México,jessicaacosta@example.net,2024-04-07,46.0
C31763,Liceth Gutiérrez Álvarez,Anónimo,Anónimo,Cali,Colombia,,2025-04-05,
C31764,Javier Bravo Gómez,Persona,Regular,Guadalajara,México,longlauren@example.org,2021-05-18,56.0
C31765,Supermercados Otero S.Coop.,Empresa,Corporativo,Seattle,Estados Unidos,chaseshawn@stewart-acevedo.info,2020-09-14,51.0
C31766,Kevin Anderson,Persona,Friends Plus,Barcelona,España,bryan57@example.com,2023-06-28,20.0
C31767,Johana Andrea Reyes Sánchez,Persona,Regular,Cancún,México,eugeniaherrera@example.org,2022-08-07,48.0
C31768,Belen del Toledo,Persona,Friends Plus,Bilbao,España,carmonaines@example.org,2020-07-10,38.0
C31769,Alberto Medina,Persona,Regular,Mérida,México,aureliano73@example.org,2021-06-25,26.0
C31770,Gina Cecilia Jiménez,Persona,Regular,Medellin,Colombia,bmatthews@example.org,2024-04-08,23.0
C31771,Samuel Bernabé Rivera,Persona,Regular,Cali,Colombia,olayablanca@example.org,2023-07-05,41.0
C31772,Diego Leandro Moreno Lara,Anónimo,Anónimo,Barcelona,España,,2024-01-20,
C31773,Arias PLC,Empresa,Corporativo,Madrid,España,aguirreangela@sanchez.net,2021-07-03,25.0
C31774,Amber Collins,Persona,Regular, Cali,Colombia,gavin72@example.org,2023-09-28,28.0
C31775,Yulieth Cruz López,Anónimo,Anónimo,Chicago,Estados Unidos,,2021-11-14,
C31776,Ainoa Palau Ródenas,Persona,Regular,Medellín,Colombia,nicholasbass@example.org,2024-06-27,23.0
C31777,Tamara Stanley,Persona,Regular,San Francisco,Estados Unidos,perezandres@example.net,2022-04-07,61.0
C31778,María Fernanda Corral,Persona,Regular,Nueva York,Estados Unidos,wendybarnes@example.net,2024-09-01,34.0
C31779,Richard Hall,Persona,Regular,Cancún,México,teresabalderas@example.com,2022-02-13,23.0
C31780,Virginia Daniela Ruiz,Persona,Friends Plus,Austin,Estados Unidos,agonzales@example.org,2024-04-20,42.0
C31781,Felipe Pérez Chacón,Persona,Regular,Ciudad de México,México,lsalvador@example.net,2023-06-21,34.0
C31782,Olalla Alemany,Persona,Friends Plus,Cancún,México,marialopez@example.net,2025-02-02,20.0
C31783,Manuel Espinosa,Persona,Friends Plus,Cali,Colombia,cramos@example.net,2023-03-25,54.0
C31784,Ilse Jurado Cabrera,Persona,Regular,GUADALAJARA,México,zyanez@example.net,2024-08-31,49.0
C31785,Anna Manuel Villalobos,Persona,Regular,Barranquilla,Colombia,yuridia84@example.com,2020-04-01,31.0
C31786,José Ortiz,Persona,Regular,Medellín,Colombia,ruizadora@example.org,2020-10-29,34.0
C31787,Dr. Ramón Borrego,Anónimo,Anónimo,Medellín,Colombia,,2025-05-07,
C31788,Abilio Pablo,Persona,Regular,Barcelona,España,myriamrivera@example.org,2024-02-23,50.0
C31789,Bernabé Cuesta Reig,Anónimo,Anónimo,Bilbao,España,,2021-10-08,
C31790,Christopher Hernandez,Anónimo,Anónimo,Cali,Colombia,,2022-11-04,
C31791,Elias Gilberto Arias Márquez,Persona,Regular,Cancún,México,shenao@example.net,2020-04-02,43.0
C31792,Milena Claudia López,Anónimo,Anónimo,Nueva York,Estados Unidos,,2024-03-05,
C31793,Ricky Lee,Anónimo,Anónimo,Miami,Estados Unidos,,2024-02-04,
C31794,Julia Rangel Ramírez,Persona,Regular,Austin,Estados Unidos,rioselias@example.net,2022-09-21,56.0
C31795,"Villalobos, Sanabria y Altamirano",Empresa,Corporativo,Rosario ,Argentina,fuenteanacleto@hotel.net,2023-05-04,44.0
C31796,Molano PLC,Empresa,Corporativo,Barcelona,España,mshaffer@sandoval-rowe.com,2020-04-05,45.0
C31797,Ing. Martín Trujillo,Persona,Regular,San Francisco,Estados Unidos,nmugica@example.com,2023-12-23,26.0
C31798,John Bradley,Persona,Regular,Buenos Aires,Argentina,monica55@example.com,2020-09-22,33.0
C31799,Francisco Alexander Gómez,Persona,Regular,Cali,Colombia,jtejeda@example.org,2023-07-16,61.0
C31800,Jose Luis Nacho Samper Ayuso,Persona,Regular,Sevilla,España,valenzuelaemilia@example.com,2021-10-18,37.0
C31801,Rita Villalba Gascón,Persona,Regular,Cartagena,Colombia,jose66@example.org,2020-06-05,45.0
C31802,Sergio Alberto Rodríguez,Persona,Regular,Cartagena,Colombia,perezluis@example.net,2024-11-09,33.0
C31803,Tyler Mosley,Persona,Friends Plus,Seattle,Estados Unidos,carlostorres@example.org,2025-05-28,57.0
C31804,Porfirio Sastre Torrijos,Anónimo,Anónimo,Cancún,México,,2023-06-16,
C31805,María Luisa Duque Niño,Persona,Regular,Buenos Aires,Argentina,lbueno@example.net,2020-05-05,50.0
C31806,Ambrosio Ocaña Ferrando S.A.,Empresa,Corporativo,Boston,Estados Unidos,ferrerasjudith@compania.es,2020-10-22,54.0
C31807,Erasmo Jerónimo Sebastián Samper,Persona,Friends Plus,Mérida,México,carmenparra@example.net,2024-03-02,64.0
C31808,Lucy Paula Cortés Cortés,Persona,Regular,Querétaro,México,ashleybrown@example.org,2025-04-24,61.0
C31809,Claudio Espartaco Saucedo Partida,Persona,Regular,Austin,Estados Unidos,svalencia@example.com,2021-07-28,30.0
C31810,Christopher Hays,Anónimo,Anónimo,Miami,Estados Unidos,,2023-12-09,
C31811,Emilio Borrás Benitez,Persona,Friends Plus,Barcelona,España,tiradobernardita@example.org,2023-10-05,55.0
C31812,Maicol Sierra Castellanos,Persona,Regular,Rosario,Argentina,vallejomauricio@example.com,2021-04-02,24.0
C31813,Melissa Rhodes,Persona,Regular,Miami,Estados Unidos,esparzajuan-carlos@example.org,2022-08-22,48.0
C31814,Jose Francisco Crespi,Persona,Regular,Miami,Estados Unidos,jenny60@example.org,2020-11-28,20.0
C31815,Industrias del Levante S.A.,Empresa,Corporativo,Cartagena,Colombia,donald54@wright.com,2024-07-05,47.0
C31816,Sra. Angélica Granados,Persona,Friends Plus,Boston,Estados Unidos,andrea80@example.org,2022-03-08,37.0
C31817,Beatriz Cañas-Cabeza,Persona,Friends Plus,Mendoza,Argentina,zmurillo@example.net,2023-05-12,44.0
C31818,Ing. Alvaro Rincón,Persona,Friends Plus,Madrid,España,johnsonrebecca@example.org,2025-04-20,43.0
C31819,Steven Rodriguez,Anónimo,Anónimo,Rosario,Argentina,,2020-02-11,
C31820,Jorge Luis Alfredo Escobedo Alfaro,Persona,Regular,BOGOTÁ,Colombia,perla13@example.com,2022-02-19,24.0
C31821,Chavarría y Espino S.A. de C.V.,Empresa,Corporativo,Sevilla,España,morenogloria@alvarez.com,2022-10-23,52.0
C31822,Jesús Gabriel Sarmiento Suárez,Persona,Regular,Miami,Estados Unidos,fabiola39@example.org,2022-03-16,58.0
C31823,Francisca Pedraza,Persona,Friends Plus,BOGOTÁ,Colombia,bwu@example.com,2020-03-20,60.0
C31824,Michael Novak,Persona,Friends Plus,Barcelona,España,valerie51@example.com,2021-04-22,20.0
C31825,Felipe Edward Estrada,Anónimo,Anónimo,Guadalajara,México,,2022-04-22,
C31826,Srita. Esther Saavedra,Anónimo,Anónimo,BUENOS AIRES,Argentina,,2022-04-03,
C31827,Bradley Aguilar,Persona,Regular,Bogotá,Colombia,renata22@example.org,2022-03-18,36.0
C31828,Agustina del Mendez,Persona,Regular,Bogotá,Colombia,kellytyler@example.net,2022-06-08,20.0
C31829,Ignacio Murillo Menéndez,Persona,Friends Plus,Barranquilla,Colombia,luis-miguelmontenegro@example.net,2023-12-19,59.0
C31830,Albert Clavero Llabrés,Anónimo,Anónimo,Seattle,Estados Unidos,,2023-03-05,
C31831,Mirta Tudela Verdugo,Anónimo,Anónimo,Barranquilla,Colombia,,2020-07-09,
C31832,Connie Price,Persona,Regular,Miami,Estados Unidos,danielhernandez@example.com,2023-12-29,61.0
C31833,Hernando Edwin Rivera Ortiz,Persona,Regular,Mendoza,Argentina,uvelasquez@example.com,2020-04-16,44.0
C31834,Maxi Velasco-Guardiola,Persona,Regular,Austin,Estados Unidos,rebeccawatson@example.org,2025-01-12,60.0
C31835,Supermercados Lumbreras S.L.,Empresa,Corporativo,Buenos Aires,Argentina,sveliz@velasco-ulloa.com,2021-04-09,45.0
C31836,Ryan Martinez,Persona,Regular,CIUDAD DE MÉXICO,México,danielacoca@example.org,2023-10-28,54.0
C31837,David Lozano,Persona,Regular,Boston,Estados Unidos,cayetanalastra@example.org,2022-09-07,40.0
C31838,Lucía Guadalupe Angulo Gómez,Persona,Regular,Austin ,Estados Unidos,doloresbriseno@example.net,2022-10-30,40.0
C31839,Chávez y Romero S.A. de C.V.,Empresa,Corporativo,Nueva York,Estados Unidos,idiaz@lowe-cooper.com,2022-04-22,54.0
C31840,Jacobo Pantoja,Persona,Regular,Valencia,España,odalysrocamora@example.net,2023-05-08,27.0
C31841,Tecnologías Gallego y asociados S.A.U,Empresa,Corporativo,Bogotá,Colombia,robertoochoa@montes-rico.info,2022-01-26,46.0
C31842,Lic. Esteban Pizarro,Anónimo,Anónimo,Los Ángeles,Estados Unidos,,2025-03-09,
C31843,Ronald Levine,Persona,Friends Plus,Barranquilla,Colombia,lde-jesus@example.org,2024-08-16,34.0
C31844,Nelly Razo,Persona,Regular,Monterrey,México,arturocruz@example.org,2021-09-23,26.0
C31845,Pancho Gallardo Pineda,Persona,Regular,Cali,Colombia,jose77@example.net,2023-04-03,37.0
C31846,Justin House,Persona,Regular,Austin,Estados Unidos,leticiaortega@example.org,2024-02-15,25.0
C31847,Juan Pablo Galvez Tormo,Anónimo,Anónimo,Los Ángeles,Estados Unidos,,2024-04-11,
C31848,Angélica Socorro Roybal Sandoval,Persona,Regular,Boston,Estados Unidos,mercedeslobato@example.org,2023-12-06,26.0
C31849,Goyo Sabater Juliá,Anónimo,Anónimo,Monterrey,México,,2021-11-09,
C31850,Garzón y Gomis S.A.D,Empresa,Corporativo,Chicago,Estados Unidos,bernabemendez@despacho.com,2020-11-25,60.0
C31851,Prudencio Figuerola,Persona,Friends Plus,Sevilla,España,jose-maria65@example.org,2021-03-28,48.0
C31852,Luis Vásquez,Persona,Regular,Austin,Estados Unidos,osepulveda@example.org,2021-05-22,48.0
C31853,Henry Soto,Persona,Regular,Buenos Aires,Argentina,saavedradolores@example.org,2024-06-21,23.0
C31854,María Arboleda,Persona,Regular,Austin,Estados Unidos,nborras@example.org,2025-05-27,44.0
C31855,Adelardo Gonzalez Román,Anónimo,Anónimo,San Francisco,Estados Unidos,,2021-05-17,
C31856,María Elena Georgina Carrasco Villagómez,Persona,Regular,Bogotá,Colombia,gregorioocasio@example.org,2021-02-18,47.0
C31857,Felipe José Silva,Persona,Regular,Nueva York,Estados Unidos,carolina51@example.org,2021-03-19,63.0
C31858,Dr. Nicolás Valenzuela,Persona,Friends Plus,Austin,Estados Unidos,elena30@example.com,2022-03-23,34.0
C31859,Distribuciones Tirado y asociados S.Com.,Empresa,Corporativo,Austin,Estados Unidos,goyoserra@infraestructuras.org,2020-06-14,31.0
C31860,Loreto Pi,Persona,Regular,Chicago,Estados Unidos,castellpaula@example.net,2020-11-23,36.0
C31861,Ana Luisa Marisol Gamboa Escalante,Persona,Regular,Los Ángeles,Estados Unidos,mauriciopacheco@example.com,2022-02-21,40.0
C31862,Salud Batlle-Bolaños,Anónimo,Anónimo,San Francisco,Estados Unidos,,2021-02-23,
C31863,Daniel Calvillo,Persona,Regular,Cali,Colombia,patrick65@example.net,2025-02-09,59.0
C31864,Bruno de Anda Portillo,Persona,Regular,Querétaro,México,sandra64@example.org,2025-03-03,29.0
C31865,Paola Luisa Peña,Persona,Regular,Austin,Estados Unidos,rangelmercedes@example.net,2023-01-24,51.0
C31866,"Lozano, Salamanca and Sánchez",Empresa,Corporativo, San Francisco,Estados Unidos,mariagonzalez@herrera.com,2022-10-26,22.0
C31867,Elizabeth Morris,Anónimo,Anónimo,Boston,Estados Unidos,,2020-04-12,
C31868,Claudio Lerma,Persona,Regular,Guadalajara,México,henaohernan@example.net,2024-05-16,56.0
C31869,Liliana Yolima Mosquera Carrillo,Anónimo,Anónimo,Los Ángeles,Estados Unidos,,2020-09-13,
C31870,Maynard LLC,Empresa,Corporativo,Seattle,Estados Unidos,iharrell@stewart.biz,2023-01-14,39.0
C31871,Marino del Pacheco,Persona,Friends Plus,Bogotá,Colombia,brice@example.org,2024-06-29,34.0
C31872,William Chaney,Anónimo,Anónimo,Boston,Estados Unidos,,2023-12-26,
C31873,David Schultz,Persona,Regular,Seattle,Estados Unidos,rafaelsanchez@example.net,2023-05-31,39.0
C31874,Hugo Eduardo Bautista Medina,Persona,Regular,Miami,Estados Unidos,ciriaco37@example.net,2023-09-06,56.0
C31875,Vilalta & Asociados S.L.N.E,Empresa,Corporativo,Ciudad de México,México,yesicacolom@despacho.org,2020-06-04,45.0
C31876,María Carmen Llabrés,Anónimo,Anónimo,Rosario,Argentina,,2021-03-10,
C31877,Juan Pablo Colom,Persona,Regular,Cancún,México,bernardino04@example.net,2023-01-23,32.0
C31878,Amparo Lorena Correa,Persona,Regular,Barranquilla,Colombia,garayalejandro@example.net,2022-10-08,30.0
C31879,James Garner,Persona,Regular,Ciudad de México,México,espartaco85@example.com,2020-07-10,50.0
C31880,Roberta Ibáñez Riba,Persona,Regular,Querétaro,México,amanda17@example.com,2020-10-05,40.0
C31881,Cristian Martínez,Persona,Friends Plus,Boston,Estados Unidos,moralesleon@example.com,2023-01-14,51.0
C31882,Horacio Díaz Llopis,Anónimo,Anónimo,Querétaro,México,,2023-07-23,
C31883,Vincent Willis,Persona,Regular,Medellín,Colombia,gollumdebora@example.org,2023-01-25,59.0
C31884,Lic. José Eduardo Toro,Persona,Friends Plus,Boston,Estados Unidos,parraroberto@example.com,2020-07-09,41.0
C31885,Ángel Santos,Persona,Regular,Valencia,España,jorgebarrios@example.net,2022-12-02,20.0
C31886,Roberta Rubio Ledesma,Persona,Regular,Bogotá,Colombia,solorzanodalia@example.org,2022-02-09,28.0
C31887,Ryan Thomas,Persona,Friends Plus,Bogotá,Colombia,ualemany@example.com,2021-11-08,36.0
C31888,Heliodoro Andrade Tamarit,Persona,Regular,Querétaro ,México,chelotejera@example.com,2020-09-17,24.0
C31889,Angélica Clara Ortega Correa,Persona,Regular,Bilbao,España,moramauricio@example.net,2022-12-13,28.0
C31890,Jaqueline Longoria Aguilar,Persona,Regular,Barcelona,España,oduque@example.com,2021-08-04,61.0
C31891,Manola del Plaza,Persona,Regular,Nueva York,Estados Unidos,reina52@example.net,2024-01-03,23.0
C31892,Stephanie Strong,Persona,Regular,Ciudad de México,México,alexander26@example.com,2021-02-14,26.0
C31893,Jacobo Cámara Pina,Persona,Regular,Barcelona,España,ycarrion@example.org,2022-05-28,57.0
C31894,Gloria Yenny Miranda Rincón,Persona,Regular,Valencia,España,baeznazario@example.net,2023-06-23,29.0
C31895,Rodríguez-Gómez,Empresa,Corporativo,Córdoba,Argentina,carlosreyes@jaimes-cano.net,2025-02-18,53.0
C31896,Joseph Adams,Anónimo,Anónimo,Guadalajara,México,,2022-03-02,
C31897,Jimmy Antonio Arboleda,Persona,Friends Plus,Madrid,España,marinamparo@example.org,2024-03-02,38.0
C31898,Lucía León,Anónimo,Anónimo,Queretaro,México,,2023-01-13,
C31899,Anastasio Cuenca Almeida,Persona,Regular,Guadalajara,México,kcanals@example.org,2023-04-28,36.0
C31900,Miguel Juan Díaz Hoyos,Anónimo,Anónimo,Bogota,Colombia,,2024-02-11,
C31901,Stanton-Stevens,Empresa,Corporativo,Seattle,Estados Unidos,pascuala72@hotel.es,2021-07-17,40.0
C31902,Espinosa Group,Empresa,Corporativo,Guadalajara,México,bconway@avery-ward.com,2024-01-02,34.0
C31903,Conrado de Cantón,Anónimo,Anónimo,Cancún,México,,2023-10-14,
C31904,Baudelio Llopis-Almansa,Persona,Regular,Cali,Colombia,adrian53@example.org,2023-09-02,55.0
C31905,Maria Mcdowell,Persona,Regular,Austin,Estados Unidos,icaraballo@example.com,2025-01-27,31.0
C31906,Marcela Rascón Arias,Persona,Regular,Barcelona,España,haroldtorres@example.org,2022-02-08,20.0
C31907,Ryan Cruz,Anónimo,Anónimo,Valencia,España,,2022-07-16,
C31908,Ciriaco Gastón Palomo Belmonte,Anónimo,Anónimo,Valencia,España,,2020-10-22,
C31909,Emilce Alexandra Montenegro,Persona,Regular,Barcelona,España,andres90@example.org,2023-05-28,56.0
C31910,Sebastián Poncio Barrera Alfonso,Persona,Regular, Córdoba,Argentina,pvillegas@example.com,2025-02-01,60.0
C31911,Alba Salazar,Persona,Regular,Nueva York,Estados Unidos,jose-emilio14@example.com,2025-01-16,46.0
C31912,Enrique Smith Rueda,Persona,Regular,Guadalajara,México,mgutierrez@example.com,2023-09-18,37.0
C31913,Sr. Renato Mateo,Persona,Friends Plus,Los Ángeles,Estados Unidos,diego21@example.net,2021-09-06,60.0
C31914,Gloria Leticia García Pérez,Anónimo,Anónimo,Valencia,España,,2025-01-27,
C31915,Ángela Arnaiz Goñi,Persona,Friends Plus,Córdoba,Argentina,rrojas@example.net,2022-04-02,54.0
C31916,Lupita Zamora Dávila,Persona,Regular,Buenos Aires,Argentina,dbecerra@example.com,2024-01-13,35.0
C31917,Torres y Aguilera S.A.,Empresa,Corporativo,Guadalajara,México,alondra27@suministros.com,2023-05-22,37.0
C31918,Uriel Caicedo Navarro,Persona,Regular,Cartagena,Colombia,xvela@example.com,2024-10-24,36.0
C31919,Alexandra Figueroa Reyes,Persona,Regular,Nueva York,Estados Unidos,xiomaraanton@example.org,2023-01-22,31.0
C31920,Miguel Ángel Evelio Benavides Pizarro,Persona,Regular, Chicago,Estados Unidos,lopezjulian@example.com,2021-01-09,49.0
C31921,Dra. Josefina Urbina,Persona,Regular,Madrid,España,john05@example.net,2024-10-11,42.0
C31922,Teresa Carmen Acosta,Anónimo,Anónimo,Madrid,España,,2020-12-19,
C31923,Eric Bruce,Persona,Regular,Ciudad de México,México,jonathan23@example.net,2024-04-11,63.0
C31924,"Ramos, Gomez and Williams",Empresa,Corporativo, Seattle,Estados Unidos,kcolon@club.com,2023-01-15,61.0
C31925,Imelda Páez-Santana,Persona,Regular,Querétaro,México,mariagarcia@example.com,2023-12-19,62.0
C31926,Jason Fleming,Anónimo,Anónimo,MÉRIDA,México,,2022-04-04,
C31927,Anastasia Codina,Persona,Friends Plus,Valencia,España,cecilia27@example.net,2025-05-30,56.0
C31928,Adelina Alemán Prat,Persona,Regular,Madrid,España,ngaliano@example.net,2025-03-26,54.0
C31929,Becerra-Jaramillo,Empresa,Corporativo,BOSTON,Estados Unidos,emilio36@beltran.net,2021-10-30,24.0
C31930,Liliana Torre Almazán S.Coop.,Empresa,Corporativo,Mendoza,Argentina,lovatooctavio@ulibarri.com,2025-03-06,32.0
C31931,Rosendo del Escolano,Persona,Regular,Cancún ,México,clemente13@example.net,2021-03-17,41.0
C31932,Isabela Arenas-Quero,Anónimo,Anónimo,Austin,Estados Unidos,,2021-12-13,
C31933,Inés Gómez,Persona,Regular,Cancún,México,barrerajuan@example.org,2024-05-24,54.0
C31934,Guardado S.A. de C.V.,Empresa,Corporativo,Medellín,Colombia,rosario70@gimeno.es,2023-12-04,57.0
C31935,Alberto Rincón Jiménez,Persona,Regular,SAN FRANCISCO,Estados Unidos,wilsongonzalez@example.org,2023-01-28,20.0
C31936,Jovita Goñi Paniagua,Anónimo,Anónimo,Nueva York,Estados Unidos,,2020-10-09,
C31937,Miller-Rojas,Empresa,Corporativo,Mérida,México,zmelo@vera.com,2022-07-10,24.0
C31938,Orlando Javier Ocampo Fernández,Persona,Regular,Córdoba,Argentina,maria-belenquero@example.net,2022-02-25,30.0
C31939,Visitación Manzano Belda,Persona,Regular,Los Ángeles,Estados Unidos,calzadaflorinda@example.com,2022-04-23,58.0
C31940,Alejandro Daniel Zambrano,Persona,Regular,San Francisco,Estados Unidos,trujillolucero@example.org,2024-06-15,24.0
C31941,Larry Stephens,Persona,Friends Plus,Miami,Estados Unidos,mitzysoliz@example.net,2023-07-16,26.0
C31942,Linda Brown,Anónimo,Anónimo,Córdoba,Argentina,,2022-01-11,
C31943,Samir Corredor Cárdenas,Persona,Regular,San Francisco,Estados Unidos,auraecheverria@example.org,2020-06-03,27.0
C31944,Felipe Ponce Granado,Persona,Friends Plus,Miami,Estados Unidos,ctorres@example.com,2024-05-14,50.0
C31945,Rocío Zapata Sotelo,Persona,Regular,Buenos Aires,Argentina,xmarrero@example.com,2022-09-25,39.0
C31946,Gerardo Arturo Villalobos Mota,Persona,Regular,Valencia,España,enriquezlaura@example.com,2024-10-21,20.0
C31947,Mayte Correa-Palacios,Persona,Regular, Medellín,Colombia,smarti@example.com,2023-02-18,57.0
C31948,Javiera Haro Armas,Anónimo,Anónimo,Rosario,Argentina,,2020-08-21,
C31949,Chema Rocamora Cerdán,Persona,Regular,Mendoza,Argentina,christianharmon@example.net,2024-01-17,52.0
C31950,Amador Bermejo,Persona,Regular,Mendoza ,Argentina,jamesbarber@example.org,2022-02-18,22.0
C31951,Stacey Flowers,Anónimo,Anónimo,Seattle,Estados Unidos,,2025-03-16,
C31952,Luz Yudy Álvarez Maldonado,Persona,Regular,Barranquilla,Colombia,teodoro65@example.com,2024-02-06,18.0
C31953,Comercial Jerez S.Com.,Empresa,Corporativo,Cali,Colombia,sescobar@gomez-lee.com,2023-07-09,53.0
C31954,Kathleen Maynard,Persona,Friends Plus,SEVILLA,España,zacariaspacheco@example.org,2023-06-07,28.0
C31955,Graciela Perea,Persona,Regular,Austin,Estados Unidos,hotimothy@example.net,2021-06-06,51.0
C31956,Ana Elvia Benavides Mesa,Persona,Regular,Nueva York,Estados Unidos,kmontanez@example.org,2021-05-06,49.0
C31957,Esteban Ramiro Caraballo,Persona,Friends Plus,Rosario,Argentina,marcelaquintero@example.com,2023-02-09,56.0
C31958,Jesús Andrés Galeano,Anónimo,Anónimo,Córdoba,Argentina,,2021-05-11,
C31959,Alma Sainz Ferrer,Persona,Regular,Bogotá,Colombia,gilberto71@example.net,2020-01-01,46.0
C31960,Ing. Elsa Bueno,Persona,Regular, Bogotá,Colombia,hhill@example.org,2021-05-20,52.0
C31961,Consuelo Luisa Camacho,Persona,Regular,Bilbao,España,lauren51@example.net,2025-04-24,20.0
C31962,Elvira Moreno Valencia,Persona,Regular,Valencia,España,ktorres@example.org,2023-05-18,46.0
C31963,Ing. Diego Galarza,Persona,Regular,Cali,Colombia,wchamorro@example.com,2020-06-16,32.0
C31964,Itziar Alonso Segovia,Anónimo,Anónimo,Chicago,Estados Unidos,,2020-01-03,
C31965,Diana Dary Zapata,Persona,Friends Plus,Cartagena ,Colombia,salvador61@example.net,2022-11-02,50.0
C31966,Ing. Marco Antonio Rael,Persona,Regular,Barranquilla,Colombia,juliantaylor@example.com,2022-05-12,57.0
C31967,Angélica Castrillo Diéguez,Anónimo,Anónimo,San Francisco,Estados Unidos,,2020-10-30,
C31968,Sigfrido del Rodríguez,Persona,Regular, Córdoba,Argentina,alejandracarter@example.net,2023-06-08,42.0
C31969,Ismael de Bernat,Persona,Regular,Cancún ,México,matthewrandall@example.com,2020-04-28,43.0
C31970,Juan Carlos Mario Roldán,Persona,Friends Plus,Córdoba,Argentina,cornelio48@example.org,2024-10-26,59.0
C31971,Vélez-Arellano,Empresa,Corporativo, Buenos Aires,Argentina,ystone@hood-hansen.com,2022-09-21,18.0
C31972,Ciro Eduardo Arrieta,Persona,Regular,Austin,Estados Unidos,mirta56@example.com,2023-02-19,36.0
C31973,Sr. Ángel Mota,Persona,Friends Plus,LOS ÁNGELES,Estados Unidos,nereida51@example.org,2024-01-25,44.0
C31974,Lori Matthews,Persona,Regular,Mendoza ,Argentina,hallbreanna@example.org,2023-11-03,19.0
C31975,Oswaldo Gamboa Valadez,Persona,Regular,Valencia,España,laracalleja@example.com,2021-03-21,49.0
C31976,Gary Nichols,Persona,Regular,Madrid,España,bcorona@example.net,2024-08-17,38.0
C31977,Megan Kelly,Persona,Friends Plus,Córdoba,Argentina,rodriguezgabriel@example.com,2024-05-16,45.0
C31978,Janice Reed DDS,Persona,Regular,Austin,Estados Unidos,vgonzalez@example.com,2020-03-22,34.0
C31979,Linda Susana Casares Polanco,Persona,Friends Plus,Monterrey,México,luzrico@example.org,2021-08-15,44.0
C31980,Jennifer Norman,Persona,Regular,Boston,Estados Unidos,jairo39@example.net,2025-03-12,26.0
C31981,Alberto Fuentes,Persona,Regular,Cartagena,Colombia,edwin69@example.org,2022-07-06,54.0
C31982,Jennifer Harmon,Anónimo,Anónimo,Barranquilla,Colombia,,2020-05-24,
C31983,Alexander Alejandro Gil,Persona,Regular,Bogotá,Colombia,timothygordon@example.net,2024-10-05,25.0
C31984,Brendan Crawford,Persona,Regular,Valencia,España,sotoelvira@example.net,2022-12-26,20.0
C31985,América Saez Gálvez,Persona,Regular,Córdoba,Argentina,felipeortiz@example.com,2022-02-05,45.0
C31986,Felipe Carrillo,Persona,Regular,Guadalajara,México,anakelly@example.net,2023-09-20,43.0
C31987,Gloria Bustos,Persona,Regular,Cancún,México,jacob16@example.net,2024-01-25,26.0
C31988,Nazaret Esparza Colom,Anónimo,Anónimo,Córdoba,Argentina,,2020-09-13,
C31989,Hermanos Aguado S.Coop.,Empresa,Corporativo,Bogotá,Colombia,qfierro@duenas-arce.com,2022-04-09,49.0
C31990,Jhon Pablo Herrera Soto,Persona,Regular,Nueva York,Estados Unidos,gisbertpaz@example.com,2023-04-22,62.0
C31991,Josefina Natalia Hernandes,Persona,Regular,Cali,Colombia,liliana75@example.org,2020-07-07,63.0
C31992,Heather Wood,Persona,Friends Plus,Barranquilla ,Colombia,pittsjimmy@example.net,2021-01-06,59.0
C31993,Liliana Parra,Anónimo,Anónimo,Cartagena,Colombia,,2024-09-26,
C31994,Carolina Julia Rodríguez,Anónimo,Anónimo,Cancún,México,,2021-06-12,
C31995,Sra. Nadia Guevara,Persona,Regular,Nueva York,Estados Unidos,toledochus@example.com,2022-05-28,30.0
C31996,Ana Roa Cardona,Persona,Friends Plus,Boston,Estados Unidos,xvalverde@example.org,2025-04-13,21.0
C31997,Ruth Leocadia Muñoz Boix,Anónimo,Anónimo,Cali,Colombia,,2022-06-09,
C31998,Adrián Niño,Persona,Regular,Chicago,Estados Unidos,fabiolavaldez@example.org,2020-04-08,32.0
C31999,Heather Russo,Anónimo,Anónimo,Boston,Estados Unidos,,2021-04-20,
C32000,Bruno Gracia,Persona,Regular,Sevilla,España,santosrafael@example.org,2025-05-16,19.0
C32001,Olivia Floyd,Persona,Friends Plus,Cali,Colombia,seguraesmeralda@example.net,2024-05-08,57.0
C32002,Talleres del Levante S.Coop.,Empresa,Corporativo,Madrid,España,smithmaria@little.net,2022-11-23,58.0
C32003,Thomas Martin,Persona,Regular,Barcelona,España,rodrigo47@example.net,2022-12-28,55.0
C32004,Suárez-Fernández,Empresa,Corporativo,San Francisco,Estados Unidos,ethornton@lynn.net,2023-08-29,41.0
C32005,Prieto Inc,Empresa,Corporativo,Rosario,Argentina,santiagoolivia@nelson.com,2023-08-20,22.0
C32006,Leidy Jenny Trujillo,Persona,Friends Plus,Nueva York,Estados Unidos,jeanettelarsen@example.net,2022-09-19,39.0
C32007,David Moore,Persona,Friends Plus,Querétaro ,México,pgomez@example.org,2022-12-02,49.0
C32008,Tammy Miller,Anónimo,Anónimo,Los Ángeles,Estados Unidos,,2020-01-15,
C32009,Sofía Fajardo,Persona,Friends Plus,Boston,Estados Unidos,apabon@example.org,2021-06-12,63.0
C32010,Mariah Williams,Anónimo,Anónimo,Miami,Estados Unidos,,2020-09-11,
C32011,Lic. Carolina Laureano,Persona,Regular, Chicago,Estados Unidos,nozuna@example.org,2024-02-18,52.0
C32012,Áurea Azcona Cánovas,Anónimo,Anónimo,Barranquilla,Colombia,,2021-09-25,
C32013,Tammy Santos,Persona,Regular,Cartagena,Colombia,javierflorez@example.net,2021-01-20,37.0
C32014,Kathleen Thomas,Persona,Regular,Barranquilla,Colombia,zlovato@example.org,2024-06-11,48.0
C32015,Haley King,Persona,Regular,Córdoba,Argentina,eric17@example.com,2024-03-24,56.0
C32016,Luz Ángela Orozco Moreno,Anónimo,Anónimo,Barcelona,España,,2024-12-13,
C32017,Nayeli Graciela Prieto Guardado,Anónimo,Anónimo,Los Ángeles,Estados Unidos,,2020-03-16,
C32018,Amparo Margarita Sierra,Persona,Regular,Rosario,Argentina,jose83@example.net,2024-05-07,23.0
C32019,Ángel Leal Ponce,Persona,Regular,Nueva York,Estados Unidos,wpina@example.com,2022-12-10,47.0
C32020,Vicente Uriel Fernández,Anónimo,Anónimo,Querétaro,México,,2021-08-31,
C32021,Flor Isabel Sierra,Anónimo,Anónimo,Bilbao,España,,2024-04-06,
C32022,Tiffany Johnson,Persona,Friends Plus,Rosario,Argentina,hector02@example.com,2024-06-25,60.0
C32023,Theresa Villa,Persona,Regular,San Francisco ,Estados Unidos,ramiro37@example.net,2021-10-21,26.0
C32024,Cruz Toribio Conesa Garrido,Persona,Regular,Nueva York,Estados Unidos,aura72@example.com,2021-05-17,33.0
C32025,Dr. Gerardo Téllez,Persona,Regular,Mendoza,Argentina,biancatamez@example.org,2023-09-23,62.0
C32026,Jennifer Hernandez,Persona,Regular,Bogotá,Colombia,joshua36@example.org,2021-01-22,60.0
C32027,Dr. Vicente Cordero,Anónimo,Anónimo, Cartagena,Colombia,,2020-10-07,
C32028,Tania Rolón,Anónimo,Anónimo,Boston,Estados Unidos,,2024-08-30,
C32029,Marino Ayala Ruiz,Persona,Regular,Bilbao,España,pablo58@example.com,2022-07-12,25.0
C32030,Joyce Lopez,Persona,Regular,Bogotá,Colombia,michael67@example.net,2020-07-15,52.0
C32031,Susan Ayala,Persona,Regular,Valencia,España,ddonaire@example.net,2023-03-18,44.0
C32032,Goñi & Asociados S.L.N.E,Empresa,Corporativo,Monterrey,México,uriel24@proyectos.net,2024-01-22,33.0
C32033,Felicia Martinez,Persona,Regular,Monterrey,México,catherine99@example.net,2024-10-23,32.0
C32034,Daniel Smith,Persona,Friends Plus,Ciudad de México,México,trinidadgiralt@example.net,2020-12-15,32.0
C32035,Elena Cristina Bustos,Persona,Friends Plus,Los Ángeles,Estados Unidos,dhierro@example.org,2020-01-15,54.0
C32036,Fabiola Micaela Valdivia,Persona,Regular,Los Ángeles,Estados Unidos,david64@example.net,2021-10-08,35.0
C32037,Alonso Salazar,Persona,Regular,Barranquilla,Colombia,cmondragon@example.net,2020-01-05,27.0
C32038,Teresa Helena Samaniego,Persona,Friends Plus,Cancún,México,kristen78@example.org,2023-11-16,34.0
C32039,Adriana Maestre Fernandez,Persona,Friends Plus,Medellín,Colombia,lauraherrera@example.net,2020-09-26,22.0
C32040,Inés Flórez Solano,Persona,Regular,BUENOS AIRES,Argentina,perezdeisy@example.net,2021-02-18,56.0
C32041,Lic. Alejandro Toro,Persona,Friends Plus,Valencia,España,adriana03@example.com,2023-03-02,23.0
C32042,Antonio Rubio Cruz,Anónimo,Anónimo,Monterrey,México,,2022-05-16,
C32043,Rubiela Ligia Zapata Cano,Persona,Friends Plus,Los Ángeles,Estados Unidos,qsacristan@example.net,2025-04-07,50.0
C32044,Maristela del Olmedo,Persona,Regular,Nueva York,Estados Unidos,munguiacesar@example.org,2020-08-13,35.0
C32045,Jeffrey Bennett,Persona,Friends Plus,Los Ángeles,Estados Unidos,wheeleranthony@example.org,2023-03-01,64.0
C32046,Bianca Ramírez,Persona,Regular,Querétaro,México,fabio19@example.com,2021-10-31,64.0
C32047,Amy Solis,Persona,Regular,Chicago,Estados Unidos,eloisa59@example.com,2024-07-11,52.0
C32048,Alexander David Soto Meneses,Persona,Friends Plus,San Francisco,Estados Unidos,qhorton@example.com,2020-04-20,21.0
C32049,Manolo Rey Alemán,Persona,Regular,Medellín,Colombia,lucy89@example.net,2020-12-13,51.0
C32050,Juan Reyes,Persona,Regular,Barranquilla,Colombia,corralesdebora@example.com,2025-05-24,41.0
C32051,de la Crúz-Aguilar e Hijos,Empresa,Corporativo,Cali,Colombia,stewartrichard@lopez.org,2021-02-11,41.0
C32052,Anastasia Pujadas-Rovira,Persona,Regular, Miami,Estados Unidos,tsanabria@example.org,2023-12-12,45.0
C32053,Susana Elena Rael Garrido,Persona,Regular,Sevilla,España,jordana18@example.com,2020-05-25,33.0
C32054,Almazán y Puente S.A.,Empresa,Corporativo,Bogotá,Colombia,johnsonrobert@bryant.com,2024-09-16,33.0
C32055,Omar Sergio Vigil Zayas,Persona,Regular,Seattle,Estados Unidos,martinezarley@example.com,2020-02-12,32.0
C32056,"Alexander, Cruz and Moore",Empresa,Corporativo,Austin,Estados Unidos,fpolanco@grupo.com,2020-10-05,31.0
C32057,Fernando Best,Persona,Regular,Cancún,México,encarnaesteban@example.org,2021-01-20,24.0
C32058,Abelardo Manuel Mares,Persona,Regular,Monterrey,México,kimjacob@example.org,2022-01-18,58.0
C32059,Liliana Contreras,Persona,Regular,Boston,Estados Unidos,julio21@example.org,2020-08-22,53.0
C32060,Jimmy Lee,Persona,Regular,San Francisco,Estados Unidos,dayanaramirez@example.com,2024-05-08,61.0
C32061,Julia de Ricart,Anónimo,Anónimo,Cancún,México,,2022-10-06,
C32062,"Laboratorios Bernal, Gracia y Zaragoza",Empresa,Corporativo,Los Ángeles,Estados Unidos,juan09@munguia.com,2021-05-12,27.0
C32063,Modesta Gil-Doménech,Persona,Regular,San Francisco,Estados Unidos,cuevasnarciso@example.net,2025-01-06,21.0
C32064,Bayo & Asociados S.Coop.,Empresa,Corporativo,Medellín,Colombia,vbravo@salinas-casarez.com,2022-11-25,26.0
C32065,Liliana Ester Medina,Persona,Regular,Austin,Estados Unidos,ifields@example.com,2024-11-09,47.0
C32066,John Diaz,Persona,Friends Plus,Mérida,México,diegogonzalez@example.net,2020-05-12,29.0
C32067,Celso Pío Pino Mendizábal,Persona,Friends Plus,Austin,Estados Unidos,saragreen@example.org,2022-03-09,48.0
C32068,Carl Lloyd,Persona,Friends Plus,Miami,Estados Unidos,rufina94@example.net,2021-06-15,26.0
C32069,Ana Carolina Cárdenas Ruiz,Persona,Regular,San Francisco,Estados Unidos,carlossigfrido@example.org,2022-09-24,32.0
C32070,Benjamin Alexander,Persona,Friends Plus, Los Ángeles,Estados Unidos,leahhall@example.net,2023-11-11,30.0
C32071,Zulma Díaz Barrios,Anónimo,Anónimo,Los Ángeles,Estados Unidos,,2024-03-12,
C32072,Gina Grant,Anónimo,Anónimo,San Francisco,Estados Unidos,,2022-12-14,
C32073,Josefa Torrent Bárcena,Persona,Regular,Madrid,España,rosfrancisco@example.org,2024-05-31,26.0
C32074,Ing. David Echeverría,Persona,Friends Plus,Bogota,Colombia,edison97@example.net,2021-04-04,57.0
C32075,Estefanía María Delgado Castro,Persona,Regular,Buenos Aires,Argentina,eduque@example.com,2020-01-30,47.0
C32076,Mercedes Pedraza Quiroga,Persona,Regular,Barranquilla,Colombia,isolana@example.com,2023-01-08,59.0
C32077,Claudio Montes Maza,Persona,Regular,Cancún,México,paolamurillo@example.org,2023-09-09,23.0
C32078,Pablo Guzmán,Persona,Friends Plus,Valencia,España,ugaleano@example.com,2021-05-08,18.0
C32079,Paloma Ana Belén Corominas Echevarría,Persona,Regular,Medellín,Colombia,andresguerrero@example.org,2020-04-02,60.0
C32080,Luz López,Persona,Regular,Valencia,España,eric14@example.net,2021-10-02,37.0
C32081,Juan Arias,Persona,Regular,Miami,Estados Unidos,julieth86@example.net,2023-04-24,41.0
C32082,Tito Vilanova Roman,Anónimo,Anónimo, Barranquilla,Colombia,,2023-05-19,
C32083,Jos Gustavo Alfaro,Persona,Regular,Boston,Estados Unidos,johnzamora@example.org,2024-05-26,24.0
C32084,Claudia Rodríguez,Anónimo,Anónimo,Buenos Aires,Argentina,,2023-11-10,
C32085,Flavia Casals Avilés,Persona,Regular,Cartagena,Colombia,deanmaria@example.com,2021-09-27,50.0
C32086,Murphy Group,Empresa,Corporativo,BOSTON,Estados Unidos,catalinaguerrero@alimentacion.net,2024-03-01,58.0
C32087,Sr. Augusto Caraballo,Anónimo,Anónimo,Ciudad de México,México,,2022-04-23,
C32088,Julie Mejia,Anónimo,Anónimo,Guadalajara ,México,,2021-09-17,
C32089,Adriana Pamela Riojas Saldaña,Persona,Regular,Rosario,Argentina,kristina50@example.org,2021-10-03,33.0
C32090,Sebastian Bello Moliner,Persona,Regular,San Francisco,Estados Unidos,adkinsdanielle@example.net,2020-10-13,41.0
C32091,Genoveva Gisbert-Perea,Persona,Friends Plus,Medellín ,Colombia,bwalker@example.org,2020-06-26,47.0
C32092,Clara Egea Salas,Persona,Regular,Barcelona,España,ingramjustin@example.net,2022-01-06,62.0
C32093,Rubén Aldo Tejada Niño,Persona,Friends Plus,Austin,Estados Unidos,leelarry@example.org,2022-11-19,60.0
C32094,Juárez-Montero A.C.,Empresa,Corporativo,Mendoza,Argentina,ferrerafeliciana@banco.com,2021-08-17,64.0
C32095,Adelardo Peiró Peñalver,Persona,Regular,Cali,Colombia,julio-cesarbenavides@example.net,2022-02-15,25.0
C32096,Julián Andrés Torres,Persona,Regular,Cartagena,Colombia,edgar99@example.com,2021-03-21,29.0
C32097,Laura Joseph,Persona,Regular,San Francisco ,Estados Unidos,bonillagloria@example.org,2020-02-21,25.0
C32098,Enrique Carlos Terán Solorio,Persona,Friends Plus,Barcelona,España,npujadas@example.net,2020-05-03,41.0
C32099,Augusto Alarcón Orellana,Persona,Regular,AUSTIN,Estados Unidos,zapataangela@example.com,2023-10-04,20.0
C32100,Malena Morán,Persona,Friends Plus,Sevilla,España,hreed@example.net,2020-08-16,43.0
C32101,Ignacio Eric Quintanilla,Persona,Regular,Sevilla,España,rmalave@example.net,2020-02-13,46.0
C32102,Christopher Ho,Persona,Friends Plus,Bilbao,España,molinasean@example.org,2022-08-05,30.0
C32103,Adelia de Tapia,Anónimo,Anónimo,Bilbao,España,,2021-06-08,
C32104,Pepito Zurita Batlle,Persona,Regular,Cali,Colombia,zamudioleonor@example.net,2025-03-21,47.0
C32105,Francisco Mendoza Maldonado,Persona,Regular, Sevilla,España,borja38@example.net,2020-04-15,26.0
C32106,Alicia Ontiveros,Persona,Regular,Cali,Colombia,fernandoaparicio@example.net,2024-09-15,53.0
C32107,Zeferino Ríos,Persona,Regular,Buenos Aires,Argentina,lorenza13@example.net,2022-03-16,19.0
C32108,María Angarita,Persona,Regular,Barranquilla,Colombia,zarias@example.org,2023-02-02,41.0
C32109,Romero-Cabrera,Empresa,Corporativo,Bogotá,Colombia,beatriz95@carvajal.com,2020-07-22,24.0
C32110,Manuela Cepeda Almansa,Persona,Friends Plus,Madrid,España,brooke42@example.net,2023-10-04,62.0
C32111,Kimberly Williams,Anónimo,Anónimo,Rosario,Argentina,,2025-03-08,
C32112,Rocío Rosalba Quiroga Melo,Persona,Regular,Monterrey,México,spencercombs@example.org,2021-12-20,30.0
C32113,Familia Soler S.C.P,Empresa,Corporativo,Nueva York,Estados Unidos,orlando17@lopez.com,2021-09-02,47.0
C32114,Jonatan Teófilo Torralba Boix,Anónimo,Anónimo,Los Ángeles,Estados Unidos,,2022-05-11,
C32115,María Pérez Ramírez,Persona,Regular,Córdoba,Argentina,ospinomaria@example.net,2023-11-22,41.0
C32116,Gonzalo Narváez Matos,Persona,Regular,Bogotá,Colombia,wramos@example.org,2022-09-27,36.0
C32117,Ángel de la Torre,Persona,Friends Plus,Barcelona,España,vicenta38@example.com,2021-11-09,30.0
C32118,Robert Conrad,Anónimo,Anónimo,Cali,Colombia,,2022-12-08,
C32119,Micaela Tomas Terrón,Anónimo,Anónimo,Los Ángeles,Estados Unidos,,2023-03-24,
C32120,Dra. Barbara Corral,Persona,Friends Plus,Medellin,Colombia,amelialluch@example.org,2025-01-06,57.0
C32121,Edmundo Carballo Campos,Persona,Friends Plus,Cartagena,Colombia,sethcarter@example.net,2024-05-14,39.0
C32122,Sergio Wilfrido Zamora Rodríguez,Persona,Regular,Madrid,España,febe62@example.com,2022-07-04,42.0
C32123,Agustín Reynaldo Bahena,Persona,Regular, Chicago,Estados Unidos,carla84@example.org,2024-01-13,55.0
C32124,Mercedes María Andrade,Persona,Regular,BARCELONA,España,alcarazcornelio@example.com,2024-01-31,51.0
C32125,Kyle Clarke,Persona,Regular,Monterrey,México,palaciosfernando@example.net,2022-07-09,64.0
C32126,Chus Vendrell Soriano,Persona,Regular,Buenos Aires,Argentina,krivera@example.org,2022-05-14,43.0
C32127,Sean Brooks,Persona,Regular,Guadalajara,México,cejaana-maria@example.org,2023-08-21,59.0
C32128,Raúl Óscar Mantilla Ávila,Persona,Friends Plus,Cancún,México,bonillaclaudio@example.org,2023-05-21,38.0
C32129,Calixta Graciela Escribano Villaverde,Anónimo,Anónimo,Mérida,México,,2023-09-28,
C32130,Marco Rich,Persona,Regular,Sevilla,España,pescamilla@example.com,2025-01-15,41.0
C32131,Angela Miller,Persona,Regular,Querétaro,México,millerdustin@example.com,2021-06-03,30.0
C32132,Lauren Collins,Persona,Regular,Chicago,Estados Unidos,evagarcia@example.com,2021-10-12,30.0
C32133,Eduard Hoyos,Anónimo,Anónimo,Nueva York,Estados Unidos,,2020-08-11,
C32134,Elena Liliana Cardozo,Anónimo,Anónimo,Cancún,México,,2023-06-20,
C32135,Nayeli Carlota Alvarez Alonzo,Persona,Friends Plus,Chicago,Estados Unidos,rolandougarte@example.net,2024-01-30,34.0
C32136,Logística Gonzalo S.A.,Empresa,Corporativo,Sevilla,España,vegaleidy@roa-ibarra.com,2024-02-29,51.0
C32137,Marcelino Sola Ferrán,Persona,Regular,Ciudad de México,México,tiffanysmith@example.net,2024-05-11,58.0
C32138,Mirta Orozco Jerez,Anónimo,Anónimo,ROSARIO,Argentina,,2023-09-14,
C32139,López Ltd,Empresa,Corporativo,Austin,Estados Unidos,dbarreto@rodriguez.com,2024-04-20,35.0
C32140,Mariana Cecilia Rojas,Anónimo,Anónimo,Monterrey,México,,2024-02-28,
C32141,Carlota Munguía,Persona,Friends Plus,Córdoba,Argentina,jesusmartinez@example.net,2022-07-14,27.0
C32142,Modesta Barbero Alarcón,Persona,Regular,Mendoza,Argentina,adela32@example.com,2021-12-12,37.0
C32143,Yanet Torres Hernández,Persona,Regular,Miami,Estados Unidos,fidel65@example.org,2024-10-31,25.0
C32144,Sr. Federico Granado,Persona,Regular,Mérida,México,augusto63@example.net,2024-08-30,37.0
C32145,Sanabria-Zapata,Empresa,Corporativo,Valencia,España,saucedaitzel@industrias.com,2021-09-14,64.0
C32146,Édgar Miranda Estrada,Persona,Regular,Austin,Estados Unidos,guzmanmaribel@example.net,2020-02-14,53.0
C32147,Ing. Elvira Casanova,Persona,Regular,Rosario,Argentina,sandalio91@example.org,2022-03-28,18.0
C32148,Club Vergara-Maya,Empresa,Corporativo,Cancún,México,zaratejacinto@fernandez.com,2025-01-15,50.0
C32149,Luis Silva Álvarez,Persona,Regular,Barcelona,España,johnathanbond@example.com,2022-05-12,43.0
C32150,María Luisa Becerra Mercado,Persona,Friends Plus,SEVILLA,España,jvargas@example.net,2021-10-17,64.0
C32151,Maira Camargo Galindo,Persona,Regular,Nueva York,Estados Unidos,carolina62@example.org,2023-02-17,31.0
C32152,Laboratorios Reyna-Téllez,Empresa,Corporativo,Medellín,Colombia,carpenterryan@shepard.com,2022-06-02,37.0
C32153,Gerónimo Jos Apodaca Rivas,Persona,Regular,Mérida,México,ayalafabian@example.net,2021-11-09,42.0
C32154,Cristian Cuenca Cabello,Persona,Regular,Bilbao,España,tmireles@example.com,2021-11-14,27.0
C32155,Francisco Javier Tapia Briones,Persona,Regular,Sevilla,España,scervantez@example.net,2024-05-20,27.0
C32156,Jose Manuel Rey Estevez,Persona,Regular,Nueva York,Estados Unidos,gamezjos@example.com,2023-03-28,43.0
C32157,Elizabeth Velasquez,Persona,Regular,Barranquilla,Colombia,ndelgado@example.net,2023-09-01,31.0
C32158,Isabel Myriam Garzón Rodríguez,Persona,Friends Plus,Los Ángeles ,Estados Unidos,horacio90@example.net,2022-11-05,28.0
C32159,Mark Carroll,Anónimo,Anónimo,MIAMI,Estados Unidos,,2021-11-02,
C32160,Helena Ángela Peralta Valdés,Anónimo,Anónimo,Querétaro,México,,2023-09-02,
C32161,Felipe Alberto Vallejo Nieto,Persona,Regular,Monterrey,México,jacobgrant@example.org,2021-01-18,47.0
C32162,María Cristina Aparicio Núñez,Persona,Regular,Querétaro,México,sturner@example.com,2024-03-03,21.0
C32163,Ana Bravo,Persona,Friends Plus,Los Ángeles,Estados Unidos,juan34@example.org,2020-12-23,35.0
C32164,Eric Isaac Robledo,Persona,Regular,Boston,Estados Unidos,pinedaandres@example.org,2024-07-06,55.0
C32165,Geraldine María Fernández Álvarez,Persona,Regular,Barcelona,España,pdiaz@example.net,2022-07-18,20.0
C32166,Esther Benavides Paz,Anónimo,Anónimo,Valencia,España,,2022-12-31,
C32167,Ciro Conde Benavente,Anónimo,Anónimo,Sevilla,España,,2020-03-03,
C32168,Sra. Minerva Meléndez,Persona,Regular,Cali,Colombia,hollowayrebecca@example.net,2024-03-13,32.0
C32169,Jaime Andrade Coca,Persona,Regular,Valencia,España,cgutierrez@example.net,2020-02-26,35.0
C32170,Alicia Suárez Franco,Anónimo,Anónimo,Córdoba,Argentina,,2024-08-27,
C32171,Edgardo de Pozo,Persona,Regular,San Francisco,Estados Unidos,ralvarez@example.org,2020-06-17,59.0
C32172,Pope-King,Empresa,Corporativo,Rosario,Argentina,ramirezliliana@jimenez.com,2023-11-24,46.0
C32173,Tracy Brooks,Persona,Regular,Bilbao,España,uribejudith@example.org,2024-09-15,25.0
C32174,Lourdes Luz Collado Maldonado,Persona,Regular,Bilbao,España,juradovilma@example.org,2021-11-23,30.0
C32175,Ester Carnero Yáñez,Anónimo,Anónimo,Valencia,España,,2022-01-26,
C32176,Amaro Rubio Gallart,Persona,Regular,VALENCIA,España,gcorrea@example.net,2021-01-18,20.0
C32177,María Eugenia Judith Bravo Colón,Anónimo,Anónimo,San Francisco,Estados Unidos,,2022-07-28,
C32178,Wálter Madrigal Criado,Persona,Friends Plus,Guadalajara,México,yalvarez@example.com,2022-11-12,55.0
C32179,Jeffrey Livingston,Persona,Friends Plus,Chicago,Estados Unidos,manuelgonzalez@example.net,2023-02-04,29.0
C32180,Mcdonald PLC,Empresa,Corporativo,Ciudad de Mexico,México,ygalvez@noriega.com,2020-02-19,18.0
C32181,Socorro Yuridia Navarrete Rosario,Persona,Regular,Los Ángeles,Estados Unidos,bmunoz@example.net,2022-06-08,39.0
C32182,Anna Robinson,Persona,Regular,Sevilla,España,dianaacuna@example.org,2022-10-04,25.0
C32183,Carolyn Golden,Persona,Friends Plus,Cartagena,Colombia,cortesrodolfo@example.net,2021-09-26,26.0
C32184,Janeth García Rivas,Persona,Friends Plus,Bogotá,Colombia,adela97@example.com,2022-05-14,54.0
C32185,Ing. Rolando Escobedo,Persona,Regular,Madrid,España,leticia75@example.net,2023-12-12,35.0
C32186,Acuña-Oquendo,Empresa,Corporativo, Bogotá,Colombia,benavideznoemi@tamez.com,2021-02-27,31.0
C32187,Sara Petersen,Persona,Regular,Seattle,Estados Unidos,fgranado@example.com,2024-08-10,22.0
C32188,Alicia Roque Vélez,Persona,Regular,Mendoza,Argentina,conleyhenry@example.com,2020-09-13,43.0
C32189,Elena Concepción Sánchez Casado,Persona,Regular,Boston,Estados Unidos,pcastaneda@example.net,2021-11-02,64.0
C32190,Nacho Simó Bravo,Persona,Regular,Cali,Colombia,mgallego@example.net,2025-03-09,59.0
C32191,Robledo-Ulibarri,Empresa,Corporativo,Cartagena,Colombia,allencarlson@gonzalez.biz,2022-05-18,63.0
C32192,María Andrea Méndez Gómez,Anónimo,Anónimo,Madrid,España,,2020-09-24,
C32193,Elisabet Ponce Manso,Persona,Regular,Chicago,Estados Unidos,wilcoxnathan@example.org,2021-06-02,23.0
C32194,Kristen Johnson,Persona,Regular,Córdoba,Argentina,soraya33@example.com,2021-09-04,33.0
C32195,Paola María Muñoz Santos,Persona,Regular,Bilbao,España,santillandaniel@example.com,2023-11-02,52.0
C32196,Suzanne Gamble,Anónimo,Anónimo,Bogotá,Colombia,,2023-09-18,
C32197,Susan Sims,Persona,Friends Plus,Barranquilla,Colombia,jonathansimmons@example.net,2024-06-14,36.0
C32198,Francy Castaño,Persona,Regular,Sevilla,España,porfirio08@example.com,2022-09-05,55.0
C32199,Ricardo Tomé Blanco,Persona,Regular,Madrid,España,irmasisneros@example.net,2023-05-20,41.0
C32200,Brad Davis,Persona,Regular, Cartagena,Colombia,gpartida@example.org,2020-06-07,38.0
C32201,Zaira del Blanes,Anónimo,Anónimo,Miami,Estados Unidos,,2023-08-17,
C32202,Alberto Enrique Jiménez Jiménez,Persona,Regular,Austin,Estados Unidos,indiraflores@example.net,2022-05-06,18.0
C32203,Jorge Eric Castellanos Vega,Persona,Regular,BOGOTÁ,Colombia,lucioernesto@example.org,2024-09-18,57.0
C32204,Sandra María Ramírez,Anónimo,Anónimo,Medellín,Colombia,,2023-09-27,
C32205,Camilo Cornelio Puga Mascareñas,Anónimo,Anónimo,Medellín,Colombia,,2020-09-14,
C32206,Jeremy Brandt,Persona,Regular,Cancún,México,alejandrocifuentes@example.com,2024-04-18,45.0
C32207,Adalberto Jerónimo Hidalgo Tejeda,Anónimo,Anónimo,Barranquilla,Colombia,,2020-01-03,
C32208,Angélica Posada Solís,Anónimo,Anónimo,Bilbao,España,,2020-08-18,
C32209,Alejandra Dary Mosquera Herrera,Persona,Regular,Mérida,México,millerthomas@example.net,2021-10-19,21.0
C32210,Frederick Bond,Persona,Regular,Córdoba,Argentina,jose03@example.net,2021-10-01,60.0
C32211,Santiago Monreal-Bejarano,Persona,Regular,Monterrey,México,matasurbano@example.com,2020-03-22,43.0
C32212,Andrés & Asociados S.L.N.E,Empresa,Corporativo,Bogotá,Colombia,ceballosvictor@mora-mejia.com,2024-11-27,55.0
C32213,Liliana Valderrama Mosquera,Persona,Friends Plus,Sevilla,España,luz34@example.com,2022-04-08,39.0
C32214,Graciana Río Figuerola,Anónimo,Anónimo,San Francisco,Estados Unidos,,2022-12-25,
C32215,Alberto Antonio Zapata Salazar,Persona,Regular,Barranquilla,Colombia,jaqueznancy@example.net,2022-03-31,25.0
C32216,Jesús Néstor Correa,Anónimo,Anónimo,Austin,Estados Unidos,,2022-08-21,
C32217,Emilia Nilda Valentín Cepeda,Anónimo,Anónimo,MENDOZA,Argentina,,2022-03-21,
C32218,Christian Williams,Persona,Regular,Ciudad de México,México,keith83@example.org,2023-05-07,45.0
C32219,Modesta Giménez Guerrero,Persona,Regular,Cali,Colombia,gailobrien@example.org,2020-08-23,44.0
C32220,Sheila Serrano,Persona,Friends Plus,Buenos Aires,Argentina,annegoodman@example.net,2020-09-14,44.0
C32221,Estela Citlali Segura,Persona,Regular, Chicago,Estados Unidos,everduzco@example.org,2022-07-30,40.0
C32222,Adolfo Corbacho Amorós,Persona,Friends Plus,Bilbao,España,nayuso@example.com,2020-01-01,23.0
C32223,Kimberly Bennett,Persona,Friends Plus,Cancún,México,warroyo@example.net,2023-12-28,49.0
C32224,Miguel Armando Gallego Ángel,Persona,Regular,Sevilla,España,pelayoaurora@example.org,2024-07-26,36.0
C32225,Madrigal y Gordillo S.L.N.E,Empresa,Corporativo,Seattle,Estados Unidos,gallegovilla@rodriguez.com,2020-07-24,41.0
C32226,Florencia del Roig,Persona,Regular,Bilbao,España,michaelcarter@example.com,2021-08-27,25.0
C32227,"Club Amador, Enríquez y Cabrera",Empresa,Corporativo,Cartagena,Colombia,mfigueroa@alvarez.com,2023-09-19,18.0
C32228,Joshua Brady,Persona,Regular,Barcelona,España,bjohnson@example.org,2024-05-30,43.0
C32229,Alex Baker,Persona,Friends Plus,Cancún,México,acostamonica@example.net,2022-09-15,56.0
C32230,Fortunata Cózar Gual,Persona,Regular,Bilbao,España,tserra@example.org,2025-03-18,63.0
C32231,Mateo Leonardo Gurule Terrazas,Persona,Regular,Chicago,Estados Unidos,brayanjaimes@example.org,2022-07-26,53.0
C32232,Ibeth Martha Guzmán,Persona,Regular,Cartagena,Colombia,barajasernesto@example.com,2024-12-08,27.0
C32233,Reina Karina Coronado Alva,Persona,Regular,Madrid,España,alondrabaena@example.com,2024-09-01,52.0
C32234,Austin Thompson,Persona,Regular,Bilbao,España,xarevalo@example.com,2023-01-17,30.0
C32235,María María Acosta Salgado,Persona,Friends Plus,Bogotá,Colombia,josealvarez@example.net,2024-05-02,38.0
C32236,César Rodríguez,Persona,Regular,Barcelona,España,sarmientomaria@example.com,2023-12-17,53.0
C32237,Mario Cárdenas Uribe,Anónimo,Anónimo,Madrid,España,,2024-07-26,
C32238,Matthew Rowe,Persona,Regular,Mendoza,Argentina,diegoblanco@example.com,2023-07-25,54.0
C32239,Samuel Ward,Persona,Regular,Sevilla,España,gustavovillareal@example.net,2021-11-25,48.0
C32240,Lic. Antonio Arias,Persona,Regular,Guadalajara,México,igonzalez@example.net,2021-02-11,27.0
C32241,Valentina Conesa Amaya,Anónimo,Anónimo,Mérida ,México,,2021-05-04,
C32242,Juan Morante Torres,Persona,Regular,Cancún,México,vallesesperanza@example.org,2024-04-08,55.0
C32243,Gregorio Aurelio Viera,Persona,Regular,Querétaro,México,xperez@example.net,2024-06-21,54.0
C32244,Dagoberto Córdoba,Persona,Regular,Seattle,Estados Unidos,juan68@example.net,2021-06-26,25.0
C32245,Jenny de Ballester,Persona,Friends Plus,Monterrey,México,arevalojesus@example.com,2020-05-29,24.0
C32246,Camila Natividad Almaraz,Persona,Regular,Rosario,Argentina,regulo14@example.org,2023-09-17,53.0
C32247,Camilo Roberto Parada López,Persona,Friends Plus,Barranquilla,Colombia,vguerra@example.org,2024-07-27,19.0
C32248,Miguel Young,Persona,Regular,Chicago,Estados Unidos,teruelsergio@example.org,2021-02-22,37.0
C32249,Julie Jackson,Persona,Regular,Bilbao,España,alewis@example.org,2024-03-02,60.0
C32250,Lisbeth Heidy Mercado,Persona,Regular,Sevilla,España,villalpandoivonne@example.net,2024-02-19,57.0
C32251,Emilia Eugenia Romo Olmos,Persona,Regular,Valencia,España,sastrerenata@example.com,2023-01-09,45.0
C32252,Ruby Nájera,Anónimo,Anónimo,Los Ángeles,Estados Unidos,,2022-02-15,
C32253,Catherine Cruz,Persona,Regular,Miami,Estados Unidos,juliaswanson@example.net,2023-07-31,33.0
C32254,Gabriela Solís Gracia,Persona,Friends Plus,Barranquilla,Colombia,francisca01@example.org,2022-01-21,38.0
C32255,María Gloria Rubio,Persona,Regular,Mendoza,Argentina,bernatfabiola@example.com,2021-02-13,22.0
C32256,José Eduardo Valdés Sanabria,Persona,Regular,Rosario,Argentina,santosainara@example.net,2020-03-26,49.0
C32257,Manolo Antón Terrón,Anónimo,Anónimo,Querétaro,México,,2021-01-24,
C32258,Sr. Marcos Sosa,Persona,Regular,Seattle,Estados Unidos,tellezfelix@example.net,2020-09-01,24.0
C32259,Espartaco Evelio Caldera,Persona,Regular, Buenos Aires,Argentina,loretoruano@example.org,2024-02-09,36.0
C32260,Araceli Miró Romeu,Persona,Regular,Bogotá,Colombia,ibarramanuel@example.org,2023-04-29,20.0
C32261,Maribel Duque Murcia,Persona,Regular,Seattle,Estados Unidos,psalas@example.com,2022-10-17,29.0
C32262,Helen Brennan,Persona,Regular,Cali,Colombia,susanbowman@example.com,2021-12-25,47.0
C32263,Andrés Carlos Bustos Medina,Persona,Friends Plus,Sevilla,España,maria-carmen55@example.com,2021-09-15,30.0
C32264,"Vargas, Roa and Sánchez",Empresa,Corporativo, Chicago,Estados Unidos,albaveronica@soliz.com,2020-12-02,55.0
C32265,Sara Maldonado Benavent,Persona,Regular,Cancún,México,rodarteemilia@example.com,2020-11-05,54.0
C32266,Miller Andrés Bravo,Persona,Regular,Cartagena,Colombia,enriquelira@example.com,2020-06-20,23.0
C32267,Lic. Gregorio Mena,Anónimo,Anónimo,Chicago,Estados Unidos,,2020-08-06,
C32268,Scott Murray,Persona,Friends Plus, Barranquilla,Colombia,covarrubiasmanuel@example.com,2021-05-18,50.0
C32269,Leocadia del Varela,Persona,Friends Plus,Seattle,Estados Unidos,elisa80@example.com,2023-05-12,37.0
C32270,William Chávez,Persona,Regular,Buenos Aires,Argentina,rodrigo51@example.org,2020-12-20,43.0
C32271,Jaime Rubén Contreras,Persona,Regular,Valencia,España,vsantamaria@example.org,2024-09-18,23.0
C32272,Curro Evaristo Sancho Manuel,Persona,Friends Plus,Cali,Colombia,zwatts@example.com,2020-10-07,23.0
C32273,Hector Jaén Sáenz,Persona,Regular,Buenos Aires,Argentina,losadamaria-angeles@example.org,2022-09-02,43.0
C32274,Bruno Miramontes Negrete,Persona,Regular,Guadalajara,México,ohernandez@example.com,2023-05-25,62.0
C32275,Alexander Holmes,Persona,Friends Plus,Los Ángeles,Estados Unidos,sandra31@example.net,2022-03-01,32.0
C32276,Santiago Alberto Jiménez Jiménez,Persona,Regular,Buenos Aires,Argentina,alejandromora@example.com,2024-06-21,22.0
C32277,Carla Olmos,Persona,Regular,Miami,Estados Unidos,zacariasceballos@example.com,2022-02-05,27.0
C32278,"Briseño, de la Torre y Arteaga",Empresa,Corporativo,Ciudad de México,México,pmontez@corporacin.net,2020-03-10,36.0
C32279,Jesús Calzada-Lorenzo,Anónimo,Anónimo,Cancún,México,,2024-09-10,
C32280,David Hernández Díaz,Anónimo,Anónimo,Bogotá,Colombia,,2025-02-18,
C32281,Infraestructuras Ortuño y asociados S.Coop.,Empresa,Corporativo,Barranquilla,Colombia,ustewart@foley.org,2021-09-03,41.0
C32282,David Atkinson,Persona,Regular, Rosario,Argentina,fcalderon@example.org,2024-08-13,45.0
C32283,Wilfrido Vicente Saucedo,Anónimo,Anónimo,Bilbao,España,,2021-11-18,
C32284,Atilio Martin Alcalde,Persona,Regular,Nueva York,Estados Unidos,nmelgar@example.com,2025-01-28,55.0
C32285,Georgina Minerva Espino Maya,Persona,Regular,Querétaro,México,bustamantejulio@example.net,2024-04-06,46.0
C32286,Lic. Abel Balderas,Persona,Friends Plus,Mérida,México,wmonreal@example.net,2022-11-04,26.0
C32287,Jose Carlos Nevado Pavón,Persona,Friends Plus,Barcelona,España,lcastro@example.org,2024-09-24,50.0
C32288,Lisa Mckinney,Persona,Regular,Mérida,México,micaelacanas@example.org,2024-05-30,56.0
C32289,Mr. Robert Smith,Persona,Regular, Medellín,Colombia,lara10@example.net,2020-12-06,33.0
C32290,Constanza Lastra Tur,Persona,Regular,Barcelona,España,arangokaren@example.net,2023-12-04,19.0
C32291,Michael Phillips,Anónimo,Anónimo,Sevilla,España,,2024-08-04,
C32292,Juan Mario Valencia Morales,Persona,Regular,Mérida,México,mackrenee@example.net,2020-03-23,48.0
C32293,Angélica Isabel Restrepo,Persona,Regular,Sevilla,España,leopoldocorrea@example.net,2023-03-08,29.0
C32294,Simón Ballester Becerra,Anónimo,Anónimo,Querétaro,México,,2024-11-23,
C32295,Citlali Fajardo,Persona,Regular,Buenos Aires,Argentina,christopherorr@example.org,2024-09-02,38.0
C32296,Enrique Correa Vanegas,Persona,Friends Plus,Austin,Estados Unidos,maureen41@example.org,2022-05-15,28.0
C32297,Mitchell Rogers,Persona,Regular,Córdoba,Argentina,josephkelley@example.com,2024-02-10,60.0
C32298,Herminio Barón Sala,Persona,Friends Plus,SEVILLA,España,diana56@example.com,2022-05-05,57.0
C32299,Loreto Castro-Valdés,Persona,Regular,Barranquilla,Colombia,ubarr@example.org,2022-12-30,29.0
C32300,Josefina Perea González,Persona,Regular,Mérida,México,gmedrano@example.org,2020-11-11,62.0
C32301,Ángel de Carrión,Anónimo,Anónimo,Bogotá,Colombia,,2025-05-01,
C32302,Coral Peñalver Valenciano,Persona,Regular,CHICAGO,Estados Unidos,davismichael@example.net,2023-12-22,38.0
C32303,Myers Ltd,Empresa,Corporativo,Mérida,México,carballoolegario@izaguirre.org,2022-04-16,31.0
C32304,Cruz Feliu,Persona,Regular,Cali,Colombia,catalinamontanez@example.com,2020-08-12,37.0
C32305,Rosa Diana Velásquez Mejía,Persona,Regular,Madrid,España,smithdevin@example.org,2024-10-29,18.0
C32306,James Reese,Persona,Friends Plus,Miami,Estados Unidos,nellyzamudio@example.com,2025-02-14,34.0
C32307,Inés Yuli Alvarado Ortiz,Persona,Friends Plus,Ciudad de México ,México,brownsandra@example.org,2025-05-13,46.0
C32308,Nicholas Hoover,Persona,Regular,San Francisco,Estados Unidos,pedro76@example.net,2025-01-21,35.0
C32309,Anthony Jordan,Persona,Regular,Barcelona,España,mateoalmonte@example.com,2021-07-04,26.0
C32310,Pío Duque Vega,Persona,Regular,Mendoza,Argentina,burgosnuria@example.net,2022-10-21,20.0
C32311,Lic. Julio César Jaramillo,Persona,Regular,San Francisco,Estados Unidos,timothy70@example.net,2020-11-04,54.0
C32312,Stephen Dean,Persona,Friends Plus, Mérida,México,jeremywillis@example.org,2024-03-10,23.0
C32313,Angélica Liseth Sánchez,Persona,Regular,Los Ángeles,Estados Unidos,villegasesmeralda@example.org,2025-03-31,61.0
C32314,Julia Stanley,Persona,Friends Plus,Querétaro,México,iguzman@example.org,2022-05-12,51.0
C32315,"Córdoba, Bermúdez and Galvis",Empresa,Corporativo,Valencia,España,eugenia66@zambrano.info,2020-01-31,18.0
C32316,Erin Hale,Persona,Regular,Bogotá ,Colombia,lujanzoraida@example.com,2020-10-18,32.0
C32317,Yuli Riascos Guerrero,Persona,Friends Plus,Rosario,Argentina,luis11@example.net,2021-12-08,59.0
C32318,Minerva Natalia Montes Mercado,Persona,Regular,Medellin,Colombia,agata29@example.net,2021-07-04,24.0
C32319,Jim Rodriguez,Persona,Regular,Chicago,Estados Unidos,qpino@example.com,2021-06-20,49.0
C32320,Noelia Adriana Casas Salcedo,Anónimo,Anónimo,Austin,Estados Unidos,,2021-11-08,
C32321,Club Suárez-Zedillo,Empresa,Corporativo,Austin,Estados Unidos,ramoscharles@pittman-figueroa.com,2021-09-18,31.0
C32322,Jennifer Segura,Persona,Regular,San Francisco,Estados Unidos,fodonnell@example.com,2020-08-21,22.0
C32323,Robin Clark,Persona,Regular,Medellín,Colombia,bbrown@example.net,2020-06-16,27.0
C32324,Arturo Portero Lasa,Anónimo,Anónimo,Seattle,Estados Unidos,,2025-05-22,
C32325,Douglas Herrera,Persona,Regular,Miami,Estados Unidos,israelzayas@example.net,2021-11-20,30.0
C32326,Thomas Yang,Persona,Regular,Bogotá,Colombia,juanitoduque@example.com,2020-05-06,21.0
C32327,Loreto Cerro Bueno,Persona,Regular,Mérida,México,valentinjaime@example.org,2020-03-23,19.0
C32328,Rachel Brown,Anónimo,Anónimo,Cartagena,Colombia,,2023-08-29,
C32329,Lorena Laura Parra,Persona,Regular,Bilbao,España,velasquezhernan@example.com,2023-08-01,43.0
C32330,Dulce María Cepeda Bustamante,Persona,Regular,Mendoza ,Argentina,esanchez@example.org,2021-03-07,59.0
C32331,Jorge Thomas,Persona,Regular,Bogotá,Colombia,lidia74@example.net,2021-06-07,46.0
C32332,Domitila Velázquez Jimenez,Persona,Regular,San Francisco,Estados Unidos,agil@example.net,2024-12-31,32.0
C32333,Piedad Castro Guerra,Persona,Regular,Seattle,Estados Unidos,martingarcia@example.com,2021-11-30,53.0
C32334,Uribe-Colón e Hijos,Empresa,Corporativo,Seattle,Estados Unidos,menendezmateo@hermanos.com,2024-11-24,54.0
C32335,María Rosa Vargas Muñoz,Persona,Regular,Cali,Colombia,rgoodman@example.net,2021-05-23,59.0
C32336,Andrés Velásquez,Anónimo,Anónimo,Monterrey,México,,2023-07-17,
C32337,Juan Cristian Castro,Persona,Friends Plus,Buenos Aires,Argentina,martinezana@example.net,2020-10-30,59.0
C32338,Sofía Núñez Contreras,Persona,Regular,Monterrey,México,sheilabrown@example.com,2022-07-01,29.0
C32339,Castillo LLC,Empresa,Corporativo,Miami,Estados Unidos,amanda98@cross.com,2024-03-26,46.0
C32340,Christopher Williams,Persona,Regular,Bilbao,España,oolvera@example.com,2021-04-18,62.0
C32341,Jhon Edgar Chaparro Gonzáles,Anónimo,Anónimo,Monterrey,México,,2020-09-12,
C32342,Luz Patricia Sánchez García,Persona,Regular,Rosario,Argentina,qgonzalez@example.com,2022-02-03,29.0
C32343,Bradley Johnson,Persona,Regular,Medellín,Colombia,pamelabecker@example.net,2020-02-29,64.0
C32344,Ariel Long,Persona,Regular,Cartagena,Colombia,samanthahanson@example.net,2022-08-31,42.0
C32345,"Swanson, Swanson and Jordan",Empresa,Corporativo,Monterrey ,México,cramon@banco.es,2020-04-28,58.0
C32346,Srita. Marisol Quiñones,Persona,Regular,Barcelona,España,brionesangela@example.org,2020-01-11,21.0
C32347,Jodi Brown,Anónimo,Anónimo,Mérida,México,,2022-02-19,
C32348,Paulina Azahar Daza Santiago,Persona,Regular,Cartagena,Colombia,gabaldongustavo@example.net,2020-11-14,59.0
C32349,Víctor Teodoro Pedroza,Persona,Regular,Cartagena,Colombia,malaverodrigo@example.org,2024-02-21,42.0
C32350,Luisa Ortiz García,Persona,Regular,Bilbao,España,castellanoserika@example.org,2025-01-12,41.0
C32351,Compañía Internacionales S.L.L.,Empresa,Corporativo,Seattle ,Estados Unidos,altamiranojavier@segovia.com,2023-05-14,35.0
C32352,Gerardo Correa Romo,Persona,Regular,Cali ,Colombia,alberto41@example.net,2023-11-17,22.0
C32353,Eric Jacobson Jr.,Persona,Friends Plus,Barcelona,España,marthagalindo@example.com,2024-08-23,25.0
C32354,Ximena Gibert-Cuesta,Persona,Friends Plus,Mérida,México,vcanals@example.org,2022-05-29,58.0
C32355,Ema Parejo Elías,Persona,Regular,Seattle,Estados Unidos,abelardo29@example.org,2020-05-25,35.0
C32356,Mirta de Luque,Persona,Regular,Los Ángeles,Estados Unidos,cervantesmichael@example.org,2021-08-06,34.0
C32357,Gisela Arnau Lluch,Persona,Regular,Mérida,México,manuelitacanet@example.org,2024-08-28,19.0
C32358,Franco-Espinosa,Empresa,Corporativo,Boston,Estados Unidos,molinsbernardita@promociones.com,2022-02-27,48.0
C32359,Paulina Gracia Colón,Persona,Regular,Cartagena,Colombia,vchristensen@example.org,2021-12-31,22.0
C32360,Uriel Luevano,Persona,Regular,Bogotá,Colombia,diegocarrillo@example.net,2020-04-19,22.0
C32361,Gabriel Pérez Franco,Persona,Friends Plus,Cali,Colombia,salazarfrancisco@example.net,2020-12-28,55.0
C32362,María Luisa Macías Loya,Persona,Regular,Rosario,Argentina,mery97@example.org,2024-05-05,27.0
C32363,Jeffrey Johnson,Persona,Regular,Cali,Colombia,tejedalorenzo@example.com,2021-09-27,22.0
C32364,"Sharp, Brooks and Robinson",Empresa,Corporativo,Madrid,España,anthonyzavala@hill.com,2020-11-14,51.0
C32365,Sr. Camilo Salinas,Persona,Regular,Barcelona,España,nietofelipe@example.org,2021-09-30,28.0
C32366,Rodrigo Polo Montoya,Persona,Regular,Querétaro,México,alfonsomendez@example.org,2020-10-20,61.0
C32367,Carmen Dary Ortega Álvarez,Persona,Regular,Austin,Estados Unidos,riverajuan@example.net,2020-10-12,43.0
C32368,Hunter Shaw,Anónimo,Anónimo,Barcelona,España,,2023-02-05,
C32369,Wesley Brown,Persona,Regular,BOGOTÁ,Colombia,mazajordan@example.org,2024-07-21,44.0
C32370,Francisco León Moreno,Persona,Friends Plus,Chicago,Estados Unidos,narvaezangel@example.org,2023-08-30,49.0
C32371,Martin Teobaldo Carreño Fernandez,Persona,Friends Plus,Cartagena,Colombia,zparada@example.org,2020-06-29,32.0
C32372,Cody Estrada,Persona,Regular,Seattle,Estados Unidos,larry68@example.com,2021-10-03,45.0
C32373,Lope Montero Ruano,Persona,Regular,Seattle ,Estados Unidos,xescalona@example.net,2020-07-21,20.0
C32374,Homero Valles,Persona,Regular,Cartagena,Colombia,teresa91@example.org,2023-11-12,45.0
C32375,Orlando Quiroz Muñoz,Persona,Regular,Rosario,Argentina,jaimespilar@example.org,2022-10-14,42.0
C32376,Gerardo Anaya,Persona,Regular,Seattle,Estados Unidos,orozcoapolonia@example.org,2021-05-26,18.0
C32377,Rebecca Ramirez,Persona,Regular,Valencia,España,pilarcampos@example.org,2023-05-05,52.0
C32378,James Shaw,Anónimo,Anónimo,Bogotá,Colombia,,2022-11-21,
C32379,José Eduardo Arturo Laboy Juárez,Persona,Regular,Miami,Estados Unidos,fabiola25@example.com,2021-06-28,50.0
C32380,Evelio William Rojas Ruiz,Persona,Regular,Medellín,Colombia,lopezlucia@example.org,2021-05-16,23.0
C32381,Telmo Ledesma Royo,Anónimo,Anónimo,Mendoza,Argentina,,2020-02-19,
C32382,Lisa Anderson,Persona,Friends Plus,Mérida,México,josephriley@example.net,2020-04-09,30.0
C32383,Jesús Julio César Montoya Reséndez,Persona,Friends Plus,Cali,Colombia,roldanolivia@example.org,2022-10-20,42.0
C32384,Oscar Robinson,Persona,Regular,Boston,Estados Unidos,dulce54@example.com,2020-05-18,59.0
C32385,Sr. Armando Amador,Anónimo,Anónimo,Valencia,España,,2023-02-23,
C32386,Ricardo Ernesto Gálvez,Persona,Regular,Querétaro,México,marthacampo@example.org,2021-04-23,42.0
C32387,"Amaya, Cabrera and Rivera",Empresa,Corporativo,Seattle,Estados Unidos,deannariggs@richardson-smith.com,2025-01-14,52.0
C32388,Eliecer Zapata,Persona,Regular,Monterrey,México,mariselabaca@example.org,2024-01-03,64.0
C32389,Beatriz Amalia Gallardo,Persona,Regular,Cartagena,Colombia,pinahernan@example.net,2022-08-14,28.0
C32390,Carlos Castro Rodríguez,Persona,Regular,Miami,Estados Unidos,rmora@example.org,2023-12-08,40.0
C32391,Eulalia Andreu Sainz,Persona,Regular,Madrid,España,wespana@example.net,2024-07-17,27.0
C32392,Eric Snyder,Persona,Regular,San Francisco,Estados Unidos,richard75@example.com,2021-08-20,54.0
C32393,Donato Carrión-Gómez,Persona,Regular,Nueva York,Estados Unidos,granadomarcela@example.net,2024-05-04,54.0
C32394,Susan Kelley,Persona,Regular,Mendoza,Argentina,lcain@example.com,2020-03-26,33.0
C32395,Cody Shaw,Persona,Regular,Monterrey,México,johan37@example.org,2023-05-28,31.0
C32396,David Jacobson,Persona,Regular,Valencia,España,abbottpamela@example.org,2020-10-06,26.0
C32397,Albeiro Edgar Villamizar Rincón,Persona,Regular,Mérida,México,salvadorleyre@example.org,2023-01-18,25.0
C32398,Robert Curtis,Persona,Regular,Guadalajara,México,jennifer93@example.net,2022-11-15,18.0
C32399,Soluciones Elías y asociados S.A.,Empresa,Corporativo,Medellín,Colombia,miguel-angelsalcedo@mota-palacios.biz,2021-06-18,42.0
C32400,Calisto del Vazquez,Anónimo,Anónimo,Madrid,España,,2024-06-14,
C32401,Amanda Mercado,Persona,Regular,Madrid,España,dora84@example.org,2023-10-18,63.0
C32402,Cebrián Barros-Cabrero,Persona,Regular,Mérida,México,montesalejandro@example.com,2020-07-02,21.0
C32403,Terri Adams,Persona,Regular,Buenos Aires,Argentina,acoronado@example.net,2021-03-25,38.0
C32404,Ryan Wood,Anónimo,Anónimo,Medellín,Colombia,,2020-11-18,
C32405,Alexis Strickland,Persona,Regular,Bogotá,Colombia,sergio02@example.net,2023-05-08,49.0
C32406,Fernando Reynaldo Robles,Persona,Regular,Madrid,España,fredy59@example.org,2021-06-16,47.0
C32407,Carlos Juan Ruiz Díaz,Persona,Regular,Medellín,Colombia,cheryl66@example.net,2023-07-18,64.0
C32408,Lorena Rojas Corona,Persona,Regular,Medellín,Colombia,mariana02@example.org,2022-09-15,48.0
C32409,Catalina Almeida Echevarría,Persona,Regular,Miami,Estados Unidos,hfernandez@example.net,2020-01-29,48.0
C32410,Dra. Sofía Espinosa,Persona,Regular,San Francisco,Estados Unidos,yruiz@example.net,2022-09-08,20.0
C32411,Andrea Alejandra Quintero Velásquez,Persona,Friends Plus,Boston,Estados Unidos,gpaez@example.org,2024-02-27,58.0
C32412,Caridad Mónica Mares Barela,Persona,Regular,Querétaro,México,carlosnarvaez@example.net,2023-05-23,19.0
C32413,Joaquín Juliá Mínguez,Anónimo,Anónimo,Madrid,España,,2021-08-13,
C32414,Nguyen-Haney,Empresa,Corporativo,Mérida,México,de-leondaniel@valles-navarro.info,2024-12-19,38.0
C32415,Rosalia Aurora Gastélum Ceballos,Persona,Regular,Sevilla,España,alyssa36@example.net,2025-04-26,25.0
C32416,Aurelio Francisco Javier Quesada,Persona,Friends Plus,Barranquilla,Colombia,carlosarevalo@example.net,2020-08-10,43.0
C32417,Eloisa Loera Garay,Persona,Regular,Nueva York,Estados Unidos,jasonhobbs@example.net,2022-09-13,37.0
C32418,Encarnacion de Diez,Persona,Regular,Medellín ,Colombia,agimeno@example.net,2025-03-23,54.0
C32419,Dionisia Corominas Paniagua,Anónimo,Anónimo,Nueva York,Estados Unidos,,2024-08-21,
C32420,Hall Inc,Empresa,Corporativo,Nueva York,Estados Unidos,mariarodriguez@garcia.com,2022-10-25,36.0
C32421,David Andrews,Persona,Regular,Guadalajara,México,kquintero@example.org,2022-01-18,44.0
C32422,James Orozco,Anónimo,Anónimo,Barcelona,España,,2022-11-22,
C32423,Tomasa Carpio Ramis,Persona,Regular,Nueva York,Estados Unidos,courtneyholt@example.net,2023-11-15,45.0
C32424,María Ángeles Elías Ocaña,Anónimo,Anónimo,Medellín,Colombia,,2020-01-01,
C32425,Édgar Blanca Badía,Persona,Regular,Valencia,España,rosamurillo@example.com,2022-09-11,35.0
C32426,Margarita Jaramillo Prada,Persona,Regular,Cali,Colombia,dana40@example.com,2020-08-03,37.0
C32427,Gerardo Arribas Abellán,Persona,Regular,Mérida,México,uortiz@example.org,2024-09-02,51.0
C32428,Leonardo Gutiérrez Blanco,Persona,Regular,Monterrey,México,barnetterin@example.com,2020-03-03,26.0
C32429,Magdalena Bermúdez Colón,Persona,Regular,Nueva York,Estados Unidos,kellyjohn@example.org,2022-04-26,57.0
C32430,Carmen Perla Solorio,Persona,Regular,Cali,Colombia,cvelasco@example.org,2024-11-08,56.0
C32431,Martha Patricia Márquez,Persona,Friends Plus,Cancún,México,isabel39@example.net,2025-04-28,50.0
C32432,Lina Rivera,Persona,Regular, Boston,Estados Unidos,monicavillalobos@example.org,2024-10-27,30.0
C32433,Roldán Barriga Alcalá,Persona,Regular, Barranquilla,Colombia,ripolljesus@example.net,2023-07-25,43.0
C32434,Dra. Abigail Jasso,Persona,Friends Plus,Boston,Estados Unidos,ipinto@example.net,2024-08-09,39.0
C32435,Marcial Patiño Salazar,Persona,Regular,Madrid,España,lupejulian@example.com,2021-07-02,62.0
C32436,Isa de Torralba,Persona,Friends Plus,Córdoba,Argentina,miriamdelgadillo@example.org,2022-02-04,40.0
C32437,Gilberto Alvaro Berríos Cabán,Persona,Friends Plus,Monterrey ,México,tpolo@example.com,2025-01-10,26.0
C32438,Daniela Concepción Godínez,Persona,Regular,Córdoba,Argentina,pmerino@example.net,2024-10-19,31.0
C32439,Yeferson González,Persona,Regular,Cancún,México,rsarmiento@example.com,2022-11-02,52.0
C32440,Maximino Fabio Crespo Pizarro,Persona,Regular,Medellín,Colombia,rosariocortes@example.org,2024-05-01,29.0
C32441,Hotel Márquez y asociados S.A.,Empresa,Corporativo,Medellín ,Colombia,laura89@finanzas.com,2020-04-16,61.0
C32442,Diana Jaramillo,Persona,Friends Plus,Córdoba,Argentina,caballerofidel@example.org,2023-03-28,62.0
C32443,Gustavo Mojica Ayala,Persona,Regular,Los Ángeles,Estados Unidos,parkerlaura@example.org,2021-11-27,48.0
C32444,Emilio Hernán Padrón Olivo,Persona,Friends Plus,Sevilla,España,amparo52@example.net,2021-11-01,25.0
C32445,Soledad Laura Alonso,Persona,Regular,Mendoza,Argentina,gamaya@example.net,2021-11-24,37.0
C32446,Lisa Ramirez,Persona,Friends Plus,Mendoza,Argentina,yvizcaino@example.com,2022-07-05,42.0
C32447,Levi Wong,Persona,Regular,Los Ángeles,Estados Unidos,abaquero@example.org,2023-11-11,37.0
C32448,David Serrano,Persona,Regular,Cali,Colombia,joshua48@example.com,2025-01-03,30.0
C32449,Carmen Viviana Ortiz Alarcón,Persona,Regular,Los Ángeles,Estados Unidos,jose-manuel35@example.net,2020-11-06,24.0
C32450,Irene Gabriela Partida Santiago,Persona,Regular,Valencia,España,ojedaurbano@example.com,2021-04-09,64.0
C32451,Alma Tania Duarte Lucas,Persona,Friends Plus,Valencia,España,claramelendez@example.org,2020-09-15,29.0
C32452,John Howell,Persona,Regular,Seattle ,Estados Unidos,douglasjoshua@example.com,2021-12-29,35.0
C32453,Pascual Borrego Pont,Anónimo,Anónimo,Austin,Estados Unidos,,2023-04-29,
C32454,Maria Harrison,Persona,Regular,Barcelona,España,alvaro02@example.org,2020-04-27,49.0
C32455,Olga Loya Macías,Persona,Regular,Barranquilla,Colombia,gregoriopelayo@example.com,2025-03-12,23.0
C32456,Craig Hernandez,Persona,Regular,Querétaro,México,carreromicaela@example.com,2023-04-24,46.0
C32457,Alberto Toro,Persona,Regular,Cartagena,Colombia,mitchellchristopher@example.com,2023-08-16,34.0
C32458,Lic. Miguel Ángel Cruz,Persona,Regular,Buenos Aires,Argentina,ogarcia@example.org,2020-09-26,19.0
C32459,Eduar Alfonso,Anónimo,Anónimo,San Francisco,Estados Unidos,,2024-05-16,
C32460,Concepción Gras Barrio,Persona,Friends Plus,Monterrey,México,hernandezfredy@example.org,2022-01-10,57.0
C32461,Camilo Diego Salcedo,Persona,Regular,San Francisco,Estados Unidos,lbennett@example.net,2021-07-26,33.0
C32462,Zaida Cuenca Bernat,Persona,Regular,Monterrey,México,ogomez@example.net,2023-07-21,26.0
C32463,"Hall, Blankenship and Fischer",Empresa,Corporativo,Cali,Colombia,vicentaalfonso@transportes.com,2021-09-21,23.0
C32464,Anel Gamez,Anónimo,Anónimo, Monterrey,México,,2024-07-02,
C32465,Eustaquio Carreras,Anónimo,Anónimo,Cartagena,Colombia,,2025-05-10,
C32466,Sara Stone,Persona,Regular,Bogotá,Colombia,pamela40@example.com,2022-11-09,19.0
C32467,Lina Luisina Gallo Gonzalo,Persona,Regular,Boston,Estados Unidos,geronimocamacho@example.org,2023-10-24,44.0
C32468,Yvonne Rivera,Persona,Regular,Barranquilla,Colombia,gargalloodalys@example.net,2020-10-20,48.0
C32469,Carlos Ballesteros Suárez,Persona,Friends Plus, Los Ángeles,Estados Unidos,tgodoy@example.org,2025-03-05,57.0
C32470,Godofredo Abella Quesada,Persona,Regular,Valencia,España,shelia02@example.net,2021-02-09,18.0
C32471,Francy Martha Flórez,Persona,Regular,Querétaro,México,solorzanomariano@example.org,2020-02-03,22.0
C32472,Donna Rivers,Persona,Friends Plus,Barranquilla,Colombia,palmira73@example.org,2022-09-21,28.0
C32473,Severino Pintor-Bayo,Persona,Regular,Bogotá,Colombia,saraarguello@example.net,2024-11-22,32.0
C32474,Rosalva de Olivé,Anónimo,Anónimo,GUADALAJARA,México,,2025-03-22,
C32475,Antonio Herrera Castaño,Persona,Regular, Córdoba,Argentina,armandomoreno@example.net,2020-08-15,43.0
C32476,Paz-Carrera A.C.,Empresa,Corporativo,Boston,Estados Unidos,nancy97@proyectos.net,2020-10-14,62.0
C32477,Arturo Morera,Persona,Regular,Cali,Colombia,hcorrea@example.org,2024-01-02,52.0
C32478,Valentín Dueñas Galvez,Persona,Regular,Chicago,Estados Unidos,qcabanas@example.com,2020-04-26,51.0
C32479,Jeff Walter,Persona,Regular,San Francisco,Estados Unidos,mwilliams@example.org,2023-02-16,47.0
C32480,Viviana Mora,Persona,Friends Plus,Ciudad de México,México,monica77@example.net,2020-11-25,42.0
C32481,David Harding,Persona,Regular, Miami,Estados Unidos,padronyuridia@example.com,2022-03-28,32.0
C32482,Gervasio Llorente Miranda,Persona,Regular,Madrid,España,paulsalas@example.com,2023-12-26,38.0
C32483,Libardo Montoya,Persona,Regular,San Francisco,Estados Unidos,xvillegas@example.com,2024-01-04,51.0
C32484,Georgina Ágata Roselló Coloma,Persona,Regular,Cartagena,Colombia,espartacoquiroz@example.com,2024-12-28,47.0
C32485,Bruce Curtis,Persona,Regular,Los Ángeles,Estados Unidos,miguel01@example.net,2021-07-27,50.0
C32486,Stephanie Cohen,Persona,Regular,Buenos Aires,Argentina,ligia67@example.net,2025-05-06,22.0
C32487,Alberto Rendón Rincón,Persona,Regular,Sevilla,España,margarita82@example.net,2023-10-22,40.0
C32488,Chloe Torres,Persona,Friends Plus,Barranquilla,Colombia,estela79@example.com,2023-01-18,57.0
C32489,Jason Brown,Persona,Regular,Barcelona,España,jeffreycampbell@example.net,2025-05-07,24.0
C32490,Susan Jordan,Persona,Friends Plus,Madrid,España,stevenlong@example.net,2024-02-05,46.0
C32491,Augusto Antonio Carrillo,Persona,Friends Plus,Boston,Estados Unidos,hlopez@example.net,2024-01-14,24.0
C32492,Jeison Dario Pérez Benítez,Persona,Friends Plus,Miami,Estados Unidos,qvaladez@example.net,2024-12-30,35.0
C32493,Martín Vanegas Alvarado,Anónimo,Anónimo,Ciudad de México,México,,2023-02-02,
C32494,Virginia Anderson,Persona,Friends Plus,Córdoba,Argentina,grant69@example.net,2023-03-17,28.0
C32495,Daniel Campbell,Persona,Regular,Miami,Estados Unidos,ncandelaria@example.com,2021-01-19,59.0
C32496,Gisela Tamarit Granados,Persona,Regular,Córdoba,Argentina,reyesponce@example.net,2023-03-07,43.0
C32497,Carlos Torres Ospina,Persona,Regular,Chicago,Estados Unidos,luisa58@example.net,2023-07-08,24.0
C32498,Colleen Bradley,Persona,Regular,Querétaro,México,emelinaanaya@example.com,2022-11-28,58.0
C32499,Lic. Micaela Lira,Persona,Regular,Boston,Estados Unidos,jaimesanabria@example.net,2024-08-03,57.0
C32500,Kenneth Wright,Persona,Regular,Sevilla,España,bvalencia@example.com,2020-08-27,30.0
C32501,Gutiérrez-Cárdenas,Empresa,Corporativo,Cartagena,Colombia,gamboajonas@laboratorios.com,2025-02-12,61.0
C32502,Jos Vega,Persona,Regular,Seattle,Estados Unidos,guerrerocristina@example.org,2023-02-10,63.0
C32503,"Osorio, Orjuela and Villegas",Empresa,Corporativo,San Francisco,Estados Unidos,xglass@nelson.com,2020-01-25,32.0
C32504,Aurora Fernández Girona,Persona,Friends Plus,Buenos Aires,Argentina,ramospatricia@example.net,2022-10-29,59.0
C32505,Jennifer Anderson,Persona,Friends Plus,Mendoza,Argentina,acostatatiana@example.org,2022-07-07,38.0
C32506,Luisina del Arnau,Persona,Regular,Miami,Estados Unidos,manjonfabiola@example.org,2024-01-20,21.0
C32507,Aldo Almaraz,Anónimo,Anónimo,Seattle,Estados Unidos,,2022-06-28,
C32508,Bruno Óliver Alcaraz,Persona,Friends Plus,Austin,Estados Unidos,palaciosberta@example.com,2024-03-10,35.0
C32509,Sr. Mauro Naranjo,Persona,Friends Plus, Querétaro,México,magdalenaguillen@example.net,2024-11-20,39.0
C32510,Daniela Báez Portillo,Persona,Regular,Nueva York,Estados Unidos,francisco-javiervallejo@example.com,2024-01-02,63.0
C32511,Stephen Taylor,Anónimo,Anónimo,Cali,Colombia,,2020-11-01,
C32512,Derrick Warren,Persona,Regular,Rosario,Argentina,ucalderon@example.net,2021-04-22,53.0
C32513,Esmeralda Camila Valles Segura,Persona,Regular,Boston,Estados Unidos,adrianamartinez@example.net,2025-04-16,22.0
C32514,Donald Cross,Persona,Regular,Cali,Colombia,gnewton@example.com,2020-07-01,63.0
C32515,Citlali Karla Gaytán Gaytán,Persona,Regular, Medellín,Colombia,grojas@example.com,2022-06-14,23.0
C32516,Moisés Moraleda Ureña,Persona,Friends Plus,Rosario,Argentina,rubioalonso@example.com,2024-09-19,39.0
C32517,Delia Martínez Villa,Persona,Regular,Mendoza,Argentina,rmata@example.net,2022-05-11,57.0
C32518,April Rodriguez,Anónimo,Anónimo,Valencia,España,,2023-04-24,
C32519,Richard Williams,Persona,Regular,Ciudad de México,México,aidahernandez@example.org,2022-09-02,22.0
C32520,Yesid Carlos Gómez,Anónimo,Anónimo,Mérida,México,,2020-12-16,
C32521,Jeffrey Benjamin,Persona,Friends Plus,Buenos Aires,Argentina,kacedo@example.com,2022-08-12,52.0
C32522,Rodrigo Aragonés,Persona,Friends Plus,Valencia,España,juanitotorrecilla@example.com,2021-01-03,55.0
C32523,Alberto Agustín Chaparro Galeano,Persona,Friends Plus,Austin,Estados Unidos,ebaena@example.net,2021-09-25,45.0
C32524,Olga Amanda Díaz,Persona,Regular,Cancún ,México,alisha70@example.com,2023-06-03,63.0
C32525,Fernando Juan Cáceres Mosquera,Persona,Friends Plus,Bogotá,Colombia,diegocasemiro@example.net,2024-11-30,41.0
C32526,Marco Antonio Padrón,Persona,Regular,Los Ángeles,Estados Unidos,maldonadojorge-luis@example.net,2025-01-29,59.0
C32527,Frank Shelton,Persona,Regular,Nueva York,Estados Unidos,oleon@example.org,2023-09-05,27.0
C32528,Harold Sánchez Velásquez,Persona,Regular,Miami,Estados Unidos,fidel21@example.net,2020-11-17,63.0
C32529,Rasmussen Group,Empresa,Corporativo,Seattle,Estados Unidos,miltonrojas@corredor.com,2022-05-24,60.0
C32530,Ricardo Arturo Sánchez Flórez,Persona,Regular,Buenos Aires,Argentina,casemiro94@example.org,2023-03-16,60.0
C32531,David Hoz Molins,Persona,Regular,Austin,Estados Unidos,cgarcia@example.com,2020-02-10,58.0
C32532,Ibán Modesto Miralles Checa,Persona,Regular,Ciudad de México,México,gonzalo08@example.com,2020-01-11,53.0
C32533,Tulio Rueda Caballero,Persona,Regular,Boston,Estados Unidos,ggalindo@example.com,2021-09-12,25.0
C32534,Abel Eduardo Otero Espinal,Persona,Regular,Mendoza,Argentina,fwhite@example.org,2022-10-06,26.0
C32535,Emily Barrett,Anónimo,Anónimo,Bogotá,Colombia,,2021-03-23,
C32536,Elisabet Macias Asenjo,Persona,Regular,Cartagena,Colombia,isabelaarenas@example.org,2022-07-26,45.0
C32537,Michael Luna,Anónimo,Anónimo,Miami,Estados Unidos,,2024-11-16,
C32538,Emily Snow,Persona,Regular,Nueva York,Estados Unidos,german59@example.com,2022-10-30,51.0
C32539,Fabiola María Teresa Yáñez,Anónimo,Anónimo,Guadalajara ,México,,2023-01-04,
C32540,Ronald Bell,Persona,Regular,Buenos Aires,Argentina,esquivelmaria@example.net,2024-09-26,31.0
C32541,Agustina del Carrera,Persona,Regular,Córdoba,Argentina,carlos31@example.com,2022-05-08,63.0
C32542,Antonio Adrián Forero,Persona,Regular,Medellín,Colombia,nayibegarcia@example.net,2025-04-07,20.0
C32543,"Villarreal, Hubbard and Fritz",Empresa,Corporativo,Cancún,México,marco-antonio98@industrias.com,2021-01-24,52.0
C32544,Tommy Rush,Persona,Friends Plus,Miami,Estados Unidos,michelehill@example.org,2021-10-14,21.0
C32545,Gabino del Crespo,Persona,Regular,Córdoba,Argentina,tatiana29@example.net,2020-01-17,22.0
C32546,Daniela Prada,Persona,Friends Plus,Los Ángeles,Estados Unidos,storres@example.com,2020-11-26,37.0
C32547,Elizabeth May,Persona,Regular,Boston,Estados Unidos,andresmurillo@example.net,2020-10-21,27.0
C32548,Andrés Benavides Rodríguez,Persona,Regular,Cartagena,Colombia,florezcarlos@example.net,2024-07-15,21.0
C32549,Lupita Lupita Cobo Piña,Persona,Friends Plus,Querétaro,México,tgutierrez@example.net,2020-12-27,63.0
C32550,Pablo Pérez,Persona,Friends Plus,Monterrey,México,riberaconsuela@example.com,2024-03-01,25.0
C32551,Mabel Carolina Acosta,Persona,Friends Plus,Querétaro,México,tinawhite@example.com,2023-06-01,23.0
C32552,Macario Goñi,Persona,Regular,Querétaro,México,joaquin86@example.com,2024-03-05,30.0
C32553,Brad Miller,Persona,Regular,Monterrey,México,carla52@example.com,2020-09-24,41.0
C32554,Despacho Collazo-Solís,Empresa,Corporativo,Miami,Estados Unidos,nathantyler@mclean.net,2025-04-15,62.0
C32555,Donald Hernandez,Persona,Regular,Madrid,España,genarotijerina@example.com,2022-08-26,27.0
C32556,Barbara de la O Huerta,Persona,Regular,Merida,México,mayorgajose-maria@example.net,2021-07-11,36.0
C32557,Lilia Acevedo,Persona,Regular,Barcelona,España,ortizrosario@example.net,2021-06-01,38.0
C32558,Esperanza Bibiana Angarita Soto,Persona,Friends Plus,Cartagena,Colombia,israel07@example.com,2022-09-09,48.0
C32559,Basilio Bárcena-Montserrat,Persona,Regular,Monterrey,México,hansenhector@example.net,2024-11-27,49.0
C32560,Humberto Alfonso Salazar Bolaños,Persona,Friends Plus,Cali,Colombia,vanegasbenjamin@example.com,2025-05-09,36.0
C32561,Ofelia Arevalo,Persona,Friends Plus,Seattle,Estados Unidos,johanapineda@example.net,2023-07-03,28.0
C32562,José Alonso Torres Delgado,Persona,Regular,Cartagena,Colombia,gonzalo78@example.net,2021-10-13,50.0
C32563,Daniel Adolfo Bernal Jaramillo,Anónimo,Anónimo,Medellín,Colombia,,2025-03-17,
C32564,Isabel Cuellar,Persona,Regular,Buenos Aires,Argentina,camilosuarez@example.org,2021-10-10,26.0
C32565,Antonia Estela Esquivel García,Persona,Regular,Valencia,España,srojas@example.org,2021-11-15,46.0
C32566,Srita. Estela Gil,Persona,Regular,Guadalajara,México,nvilla@example.com,2024-06-18,59.0
C32567,Andrea Daniela Enríquez,Persona,Regular,Cali,Colombia,scottramsey@example.org,2025-05-28,58.0
C32568,Feliciano Anaya,Persona,Friends Plus,Cartagena,Colombia,bernardino53@example.com,2024-11-17,43.0
C32569,Itzel Fonseca,Persona,Regular,Buenos Aires,Argentina,riveraholly@example.com,2021-08-20,57.0
C32570,Araceli Márquez,Persona,Regular,Cali,Colombia,jhansen@example.com,2024-06-27,43.0
C32571,Elena Montero Carrera,Persona,Regular,San Francisco,Estados Unidos,melissa95@example.org,2020-06-27,53.0
C32572,Gloria Orosco Casillas,Persona,Regular,Barranquilla,Colombia,olivaresemiliano@example.com,2022-03-18,47.0
C32573,Donna Lopez,Persona,Regular,Cancún,México,velasquezalexis@example.org,2022-04-12,50.0
C32574,Laurie Graham,Persona,Regular, Chicago,Estados Unidos,vito75@example.com,2022-01-01,47.0
C32575,Isabel Castro,Persona,Friends Plus,Cartagena,Colombia,inesordonez@example.com,2021-10-25,45.0
C32576,Fabiola Arellano Arevalo,Persona,Regular,Cancún,México,alfredolongoria@example.org,2024-08-22,29.0
C32577,Rachel Whitney,Persona,Regular,Guadalajara,México,fernanda51@example.com,2023-02-13,28.0
C32578,Stephen Chen,Persona,Regular,Madrid,España,salcaraz@example.net,2021-11-22,51.0
C32579,Héctor Carreño Ríos,Persona,Regular,Cartagena,Colombia,iniguezcristina@example.com,2020-03-23,25.0
C32580,Judith Dulce Canales,Persona,Regular,BOSTON,Estados Unidos,tmonroy@example.com,2025-01-07,27.0
C32581,Luis Manuel Ramos Villaseñor,Persona,Friends Plus,Cartagena,Colombia,riojasfrancisca@example.net,2024-06-17,63.0
C32582,Indira Georgina Montañez Vallejo,Persona,Regular,Barcelona,España,olga05@example.net,2023-05-13,32.0
C32583,"Roybal, Valdivia y Llamas",Empresa,Corporativo,Madrid,España,torresagustin@mejia.net,2020-12-05,60.0
C32584,Michael George,Persona,Friends Plus,Medellín,Colombia,pozoariadna@example.com,2024-05-06,24.0
C32585,Sergio Rolando Bueno Espinosa,Persona,Regular,Barranquilla,Colombia,ppatterson@example.com,2023-04-08,45.0
C32586,Hannah Chang,Persona,Regular,Buenos Aires,Argentina,luz95@example.net,2024-06-05,49.0
C32587,Henry Atkins,Persona,Regular,Austin,Estados Unidos,perla24@example.com,2023-03-18,19.0
C32588,Juan Francisco Amo Arranz,Persona,Regular,San Francisco,Estados Unidos,olga21@example.org,2021-04-28,48.0
C32589,Carmen Silva López,Persona,Regular,Austin,Estados Unidos,pizarrobernardita@example.net,2022-01-25,18.0
C32590,Rogelio Goicoechea-Román,Anónimo,Anónimo,Miami,Estados Unidos,,2020-03-11,
C32591,Alfredo Elizondo,Persona,Regular,Sevilla,España,carmen28@example.com,2022-09-06,58.0
C32592,Bernarda Arana Torrijos,Persona,Regular,Miami,Estados Unidos,mateoszaida@example.org,2023-12-01,63.0
C32593,Andrea Valencia,Persona,Regular,Bogotá,Colombia,larsonmelissa@example.com,2025-05-10,18.0
C32594,Georgina Hilda Guevara,Persona,Regular,Los Ángeles,Estados Unidos,carranzasocorro@example.org,2023-01-28,22.0
C32595,Douglas Frazier,Persona,Friends Plus,San Francisco,Estados Unidos,edithmoreno@example.org,2020-04-23,20.0
C32596,Luz Sarmiento,Persona,Friends Plus,Monterrey,México,currotirado@example.net,2024-03-10,55.0
C32597,Michael Stone,Anónimo,Anónimo,Miami,Estados Unidos,,2023-06-17,
C32598,Orosco S.A. de C.V.,Empresa,Corporativo,Mendoza,Argentina,hernanroldan@navarrete-urena.biz,2023-09-16,59.0
C32599,Carmen Contreras Ramos,Persona,Friends Plus,SEVILLA,España,porfiriocervantes@example.com,2020-11-19,19.0
C32600,Juan Hugo Arenas,Persona,Regular,Querétaro,México,uarevalo@example.com,2023-02-14,41.0
C32601,Luis González,Persona,Regular,Medellín,Colombia,nlosada@example.org,2025-05-20,31.0
C32602,Victoria Anabel Henríquez Serrato,Anónimo,Anónimo,Mérida,México,,2024-03-20,
C32603,Josefina Catalina Ulloa Brito,Persona,Friends Plus,Seattle,Estados Unidos,wtolosa@example.net,2021-12-07,24.0
C32604,Adriana Tovar,Persona,Regular,Valencia,España,wvelasco@example.com,2023-08-14,25.0
C32605,Marín and Sons,Empresa,Corporativo,Mérida ,México,hernandezivan@garzon.com,2022-07-23,40.0
C32606,Dra. Marisela Laboy,Persona,Friends Plus,Bogotá,Colombia,bryan61@example.com,2023-04-27,55.0
C32607,Richard Wade,Persona,Regular,Sevilla,España,castillojesus@example.net,2021-12-07,45.0
C32608,Castañeda Inc,Empresa,Corporativo,Mérida,México,pvargas@bermudez.com,2022-08-04,27.0
C32609,Brittany Munoz,Persona,Friends Plus,Valencia,España,tomastorrijos@example.net,2022-07-11,37.0
C32610,Anthony Smith,Persona,Regular,Barcelona,España,elliottmegan@example.net,2023-09-05,22.0
C32611,Fito Oliveras-Ribas,Persona,Friends Plus,Cartagena,Colombia,mosquerasilvio@example.net,2023-06-16,62.0
C32612,Rubén Alcaraz,Persona,Friends Plus,Guadalajara,México,xayala@example.org,2024-10-06,51.0
C32613,Leidy Diana Ramírez Vélez,Anónimo,Anónimo,Barcelona,España,,2025-02-15,
C32614,Ashley Carter DVM,Anónimo,Anónimo,Cartagena,Colombia,,2022-03-30,
C32615,Kristin Ruiz,Persona,Regular,Buenos Aires,Argentina,scarlos@example.com,2025-04-15,63.0
C32616,Jaclyn Fletcher,Persona,Regular,Bilbao,España,carolina77@example.org,2020-05-10,41.0
C32617,Fidel Esquibel Lira,Persona,Friends Plus,Boston,Estados Unidos,qlopez@example.com,2020-06-07,33.0
C32618,Germán Jacinto Zamora,Persona,Regular,San Francisco,Estados Unidos,joaquinbarreto@example.net,2022-05-16,51.0
C32619,Sra. Miriam Carbajal,Persona,Friends Plus,Sevilla,España,delia66@example.org,2023-11-18,63.0
C32620,Eliana Verónica Moll Terrón,Persona,Regular,Los Ángeles,Estados Unidos,gdiaz@example.org,2024-08-26,41.0
C32621,Leandro Gaitán Vallejo,Anónimo,Anónimo,Bogotá,Colombia,,2024-08-01,
C32622,"Club Montaño, Piña y Loya",Empresa,Corporativo,Boston,Estados Unidos,epartida@raya.com,2022-12-01,54.0
C32623,Sara Hart,Persona,Regular,Cancún,México,lgutierrez@example.net,2023-03-13,53.0
C32624,Josep Corbacho Amaya,Persona,Regular,Nueva York,Estados Unidos,ordonezangela@example.org,2021-10-19,18.0
C32625,Juan Antonio Escamilla Llopis,Persona,Regular,Austin,Estados Unidos,rosa-maria14@example.org,2023-03-24,24.0
C32626,Lupe Vilalta Hierro,Persona,Regular,San Francisco,Estados Unidos,jacobopatino@example.org,2025-02-10,45.0
C32627,Charles Logan,Persona,Regular,Seattle,Estados Unidos,nchacon@example.org,2023-10-12,23.0
C32628,Ronal Javier Guzmán,Anónimo,Anónimo,Querétaro,México,,2021-10-25,
C32629,Benjamin Garcia,Persona,Regular,Sevilla,España,pmurray@example.net,2020-05-03,34.0
C32630,Leah Pennington,Anónimo,Anónimo,Monterrey,México,,2022-06-13,
C32631,Sindy Aura Bernal Pérez,Anónimo,Anónimo,BUENOS AIRES,Argentina,,2023-07-17,
C32632,Sandra Inés Díaz,Persona,Regular,VALENCIA,España,dbustamante@example.com,2022-01-22,35.0
C32633,Manuel Ramón Rodríguez Acevedo,Persona,Regular,Barcelona,España,ramonalmudena@example.net,2022-03-29,39.0
C32634,Alba Cárdenas Díaz,Persona,Regular,Guadalajara,México,jwilliams@example.org,2021-05-08,42.0
C32635,Martha Glover,Persona,Regular,MADRID,España,qquintero@example.net,2021-07-10,29.0
C32636,Isidora Frías Serrano,Anónimo,Anónimo,Boston,Estados Unidos,,2020-07-21,
C32637,Luisa Alejandra Farías Garibay,Persona,Regular,Cartagena,Colombia,climacomarin@example.net,2023-09-18,25.0
C32638,Nelly Valencia,Anónimo,Anónimo,Boston,Estados Unidos,,2021-04-22,
C32639,Julián Barceló Roldan,Anónimo,Anónimo,Barcelona,España,,2022-12-02,
C32640,Aurelio Cantú Montoya,Persona,Regular,Cartagena,Colombia,destiny93@example.net,2022-06-16,34.0
C32641,Ildefonso Villegas-Palomar,Persona,Friends Plus,Medellín,Colombia,maria-carmenjara@example.org,2020-12-28,47.0
C32642,Mitzy Guevara Elizondo,Persona,Regular,MONTERREY,México,denise13@example.org,2023-03-02,48.0
C32643,Derly Rosa Velásquez Mejía,Anónimo,Anónimo,Austin,Estados Unidos,,2021-09-12,
C32644,Martha Lucía Vanegas,Persona,Regular,Barranquilla,Colombia,xmurphy@example.net,2022-12-09,19.0
C32645,Luz Jimena Prat Juárez,Anónimo,Anónimo,Bogotá,Colombia,,2022-09-28,
C32646,Lic. Tania Pacheco,Persona,Regular,Madrid,España,escobardaniela@example.org,2022-12-09,36.0
C32647,Luz Torres,Persona,Regular,Los Ángeles ,Estados Unidos,smithjulie@example.com,2023-07-11,49.0
C32648,Derek Jones,Anónimo,Anónimo,Barranquilla,Colombia,,2023-09-25,
C32649,Valeria Garriga,Persona,Regular,Mérida,México,castillofernanda@example.com,2022-11-02,42.0
C32650,Shannon Martin,Persona,Regular,Bilbao,España,ediaz@example.org,2022-03-24,53.0
C32651,Gustavo Rivera,Persona,Regular,Barcelona,España,ulillo@example.net,2022-04-08,27.0
C32652,Julie Mateu-Barranco,Anónimo,Anónimo,Cali,Colombia,,2023-07-10,
C32653,Jill Johnson,Persona,Regular,Sevilla,España,valenciapablo@example.com,2022-02-28,42.0
C32654,Benito Efraín Casares Collado,Persona,Regular,Cancún,México,alexanderjames@example.net,2020-04-25,53.0
C32655,Lorenza Araujo Saura,Persona,Friends Plus,Buenos Aires,Argentina,mariatovar@example.net,2020-07-24,27.0
C32656,Matthew Jenkins,Anónimo,Anónimo,Austin,Estados Unidos,,2024-04-29,
C32657,Bradley Carrillo,Anónimo,Anónimo,Cali,Colombia,,2020-05-12,
C32658,Agapito Prieto Zamorano,Persona,Regular,Rosario,Argentina,javierfrancisco@example.org,2020-05-06,54.0
C32659,Paola Rodríguez Ávila,Persona,Regular,Guadalajara ,México,victorvall@example.net,2023-02-12,41.0
C32660,Esperanza Leonor Peralta,Persona,Friends Plus,Cartagena,Colombia,godofredo18@example.com,2020-10-10,52.0
C32661,Javier Sánchez Pabón,Persona,Regular,Bilbao,España,vanesa24@example.org,2023-02-01,20.0
C32662,"de la Rosa, Montero y Meza",Empresa,Corporativo,Nueva York,Estados Unidos,talaveraluis@tecnologias.es,2021-01-01,42.0
C32663,Purificación Gallardo Arnaiz,Persona,Regular,Barcelona,España,cvargas@example.com,2024-03-13,32.0
C32664,Eduardo Bustos,Persona,Regular,Mendoza,Argentina,amy64@example.net,2022-08-19,50.0
C32665,Ing. Antonio Vela,Persona,Friends Plus,San Francisco,Estados Unidos,david00@example.org,2024-03-20,23.0
C32666,Cory Reed,Persona,Regular,Austin,Estados Unidos,mcollado@example.com,2021-12-07,25.0
C32667,Kathy Brown,Persona,Regular,Guadalajara,México,dzavala@example.net,2024-05-27,62.0
C32668,Regina Potter,Persona,Regular,Monterrey,México,jose08@example.org,2021-03-13,42.0
C32669,Ing. Mauricio de León,Persona,Regular,Córdoba,Argentina,bperes@example.com,2021-06-27,24.0
C32670,Edward Smith,Persona,Regular,Ciudad de México,México,spencerbridget@example.net,2021-08-19,36.0
C32671,Plinio Castells Alcalá,Persona,Regular,Ciudad de México,México,doritacespedes@example.net,2021-12-26,44.0
C32672,Justin Ellis,Anónimo,Anónimo,Nueva York,Estados Unidos,,2024-06-13,
C32673,Matthew Andrade,Persona,Regular,CIUDAD DE MÉXICO,México,corraloswaldo@example.org,2020-04-14,25.0
C32674,Jaime Casillas,Persona,Regular,Los Ángeles,Estados Unidos,castellanosadriana@example.net,2024-05-30,50.0
C32675,Javier Luis Martínez Camargo,Persona,Regular,VALENCIA,España,johnmoreno@example.org,2025-05-07,59.0
C32676,Erasmo Soriano Sans,Persona,Regular,Austin ,Estados Unidos,davisbrianna@example.org,2021-10-31,52.0
C32677,Miguel Ángel Gerardo Alvarez de Anda,Anónimo,Anónimo,Miami,Estados Unidos,,2025-05-29,
C32678,Candelas Castells Acevedo,Persona,Friends Plus,Bilbao,España,mirelesjuan@example.com,2022-04-08,18.0
C32679,Paola Cristal Rivero Santacruz,Persona,Regular,Guadalajara,México,jennifer30@example.com,2021-02-11,19.0
C32680,Enrique Londoño,Persona,Friends Plus,Bogotá,Colombia,zaidadomenech@example.net,2024-02-25,21.0
C32681,Promociones RJ S.L.,Empresa,Corporativo,Seattle,Estados Unidos,cristinarueda@forero-olaya.com,2020-05-01,55.0
C32682,Arbey Ortiz,Persona,Friends Plus,Buenos Aires,Argentina,cidsocorro@example.net,2024-04-21,57.0
C32683,Jos Genaro Ulloa,Persona,Friends Plus,Los Ángeles,Estados Unidos,alfredosilva@example.com,2024-02-13,63.0
C32684,Janeth Yazmín Calderón,Persona,Regular,Querétaro,México,oanderson@example.com,2020-11-16,20.0
C32685,Casemiro Ruano,Persona,Regular,Miami,Estados Unidos,lazaro61@example.com,2023-08-17,45.0
C32686,Cecilia Bas,Persona,Regular,Rosario,Argentina,martinezteresa@example.org,2020-12-10,58.0
C32687,Matthew Mckenzie,Persona,Regular,Cartagena,Colombia,wgonzalez@example.org,2024-10-23,36.0
C32688,Hipólito de Arenas,Anónimo,Anónimo,Boston,Estados Unidos,,2025-03-13,
C32689,Fabio Óscar Vélez Rentería,Anónimo,Anónimo, Rosario,Argentina,,2023-01-13,
C32690,Julieth Alejandra García,Persona,Regular,Los Ángeles,Estados Unidos,jose13@example.com,2021-07-14,47.0
C32691,Eusebio Graciano Font Ochoa,Anónimo,Anónimo,Mérida,México,,2021-11-18,
C32692,Soledad Rosario Rael,Persona,Regular,SEVILLA,España,cordobapanfilo@example.org,2020-10-05,45.0
C32693,Leyre Martinez Abella,Persona,Regular, Bogotá,Colombia,antoniosolano@example.com,2021-08-03,52.0
C32694,Nancy Salinas,Persona,Regular,Mendoza,Argentina,isaaccastaneda@example.org,2020-10-06,23.0
C32695,Carlos Rodríguez Bermúdez,Anónimo,Anónimo,Querétaro,México,,2020-10-07,
C32696,Jeffrey Heath,Persona,Regular, Miami,Estados Unidos,esmeralda21@example.net,2020-04-26,28.0
C32697,Pilar Paola Chávez,Persona,Regular,Mérida ,México,buenaventura94@example.org,2024-12-04,55.0
C32698,Hotel Escamilla S.Coop.,Empresa,Corporativo,San Francisco,Estados Unidos,unaranjo@ruiz.biz,2024-11-16,30.0
C32699,Baudelio Oliveras Mata,Anónimo,Anónimo,Barranquilla,Colombia,,2021-01-08,
C32700,Isabela Adame,Persona,Friends Plus,Guadalajara,México,maria-jose14@example.com,2024-06-24,28.0
C32701,Garrett Sims,Persona,Friends Plus,Cartagena,Colombia,erodriguez@example.org,2022-11-12,29.0
C32702,María Teresa Sosa Tejeda,Persona,Regular,Buenos Aires,Argentina,scastillo@example.net,2022-10-12,41.0
C32703,Emily Jones,Anónimo,Anónimo,Cali,Colombia,,2025-04-09,
C32704,Dra. Jaqueline Solís,Persona,Regular,Austin,Estados Unidos,castelloestrella@example.net,2023-07-12,59.0
C32705,Marleny Antonia Acosta,Persona,Friends Plus,Querétaro,México,larsonwillie@example.net,2025-02-18,40.0
C32706,William Wilkerson,Persona,Regular,Sevilla,España,noguesadrian@example.com,2025-01-23,63.0
C32707,Eligia Cifuentes Tejero,Persona,Regular, Nueva York,Estados Unidos,castroreinaldo@example.net,2023-07-24,21.0
C32708,Remigio Lloret Roselló,Persona,Regular,Barranquilla,Colombia,pepita70@example.org,2021-07-04,47.0
C32709,Todd Russell,Persona,Regular,Cartagena,Colombia,holly44@example.com,2025-04-16,58.0
C32710,Elsa Patricia Torres,Persona,Friends Plus,Cali,Colombia,summermarsh@example.com,2022-04-16,36.0
C32711,Selena Arjona Riquelme,Persona,Friends Plus,Los Ángeles,Estados Unidos,ontiverosjos@example.org,2023-04-30,27.0
C32712,Pérez-Jiménez,Empresa,Corporativo,Madrid,España,julieta24@pintor.net,2024-07-19,28.0
C32713,Héctor Vladimir Soto,Persona,Regular,Medellín,Colombia,alma31@example.com,2021-10-05,41.0
C32714,Espiridión Blanch Menendez,Persona,Regular,Córdoba,Argentina,milena62@example.org,2022-06-10,61.0
C32715,Jon Henry,Anónimo,Anónimo,Barcelona,España,,2024-01-12,
C32716,Araceli Carolina Hernandes Zamudio,Persona,Regular,Ciudad de México,México,amalia95@example.net,2023-01-11,41.0
C32717,Abraham Matías Griego,Anónimo,Anónimo,Seattle ,Estados Unidos,,2020-05-09,
C32718,Esther Campo,Persona,Regular, Guadalajara,México,hstone@example.com,2020-03-25,19.0
C32719,Andrea Ortiz,Persona,Regular,Sevilla,España,william65@example.com,2024-02-25,53.0
C32720,John Miller,Persona,Friends Plus,Barcelona,España,sgrande@example.net,2023-01-24,64.0
C32721,Laura Weaver MD,Persona,Regular,Mérida,México,edithbernal@example.net,2020-01-20,18.0
C32722,León Pineda Palacios,Persona,Friends Plus,Medellin,Colombia,hernandezalbina@example.com,2023-07-24,58.0
C32723,Lorena Alba Gutiérrez Contreras,Persona,Friends Plus,Los Ángeles,Estados Unidos,agarcia@example.net,2021-10-26,56.0
C32724,Silvia Colomer Alvarado,Persona,Friends Plus,Miami,Estados Unidos,mirallesaurelia@example.org,2024-12-08,19.0
C32725,José Jhonatan Salazar Rivera,Persona,Regular,Monterrey,México,clarksandra@example.org,2024-09-28,64.0
C32726,Amarilis Pedraza-Sanmiguel,Persona,Regular,Sevilla,España,rochasofia@example.com,2023-02-06,56.0
C32727,Grupo Toro-Marrero,Empresa,Corporativo,Bogotá,Colombia,andrea14@ruiz.com,2024-06-14,48.0
C32728,Wilmer Prieto Jiménez,Persona,Regular,Ciudad de México,México,hurtadojenaro@example.org,2022-12-20,47.0
C32729,Víctor Nicolás Arrieta Rico,Anónimo,Anónimo,Miami,Estados Unidos,,2020-11-10,
C32730,Ing. Alfredo Leiva,Persona,Regular,Cali,Colombia,rosa12@example.com,2020-03-18,25.0
C32731,Esteban Eloy Villagómez,Persona,Regular,Mendoza,Argentina,martha95@example.org,2022-03-08,53.0
C32732,Emiliano Luis Luevano,Persona,Friends Plus, Monterrey,México,yhurley@example.net,2024-06-13,42.0
C32733,Diana Owens,Anónimo,Anónimo,Mérida,México,,2024-10-24,
C32734,Samantha Edwards,Anónimo,Anónimo,Chicago,Estados Unidos,,2021-11-23,
C32735,Molly Hernandez,Persona,Friends Plus, Cancún,México,kramirez@example.org,2024-11-15,61.0
C32736,Haydée Saura-Ropero,Persona,Regular,Querétaro ,México,marisol94@example.com,2023-10-19,26.0
C32737,William Sarmiento Buitrago,Anónimo,Anónimo,Nueva York ,Estados Unidos,,2021-08-02,
C32738,Jorge Ernesto Peralta,Anónimo,Anónimo,Rosario,Argentina,,2021-02-27,
C32739,Cristina Sánchez González,Anónimo,Anónimo,Ciudad de México,México,,2021-04-15,
C32740,Norma Pichardo Arellano,Persona,Regular,Boston,Estados Unidos,julio-cesaranguiano@example.org,2020-07-28,19.0
C32741,Graciela Cerezo-Pinilla,Persona,Regular,Bogotá,Colombia,haydee65@example.com,2022-05-14,26.0
C32742,"Mahoney, Browning and Weber",Empresa,Corporativo,Querétaro,México,cainemily@tucker.com,2022-01-30,29.0
C32743,Octavio Luis Manuel Sepúlveda,Persona,Regular,Nueva York,Estados Unidos,oliverafatima@example.com,2020-10-18,27.0
C32744,Hnos Ugarte S.C.P,Empresa,Corporativo,Madrid,España,almanzaomar@zedillo-uribe.org,2024-01-27,22.0
C32745,Jesús Gómez Quintero,Persona,Regular,Buenos Aires,Argentina,huntervalerie@example.org,2020-11-29,20.0
C32746,Natasha Smith,Persona,Regular,Valencia,España,gustavoaguirre@example.net,2024-09-04,47.0
C32747,Elba de Bautista,Persona,Regular, Cali,Colombia,xbello@example.com,2021-03-03,18.0
C32748,Fulgencio del Manuel,Persona,Regular,Mendoza,Argentina,lola72@example.org,2025-02-23,48.0
C32749,Beltran y Corral S.Coop.,Empresa,Corporativo,Rosario,Argentina,avilajasmine@may-alvarado.com,2024-02-11,60.0
C32750,Amador Jorge Holguín,Persona,Regular,Bogotá,Colombia,yenny41@example.net,2022-09-09,23.0
C32751,Abilio Iglesia Rivero,Anónimo,Anónimo,Ciudad de México,México,,2025-05-13,
C32752,Jennifer Pace,Persona,Regular,Miami,Estados Unidos,laurarojas@example.net,2023-11-21,48.0
C32753,Jáuregui y Abellán S.L.L.,Empresa,Corporativo,MENDOZA,Argentina,chaconfernando@hurtado.com,2023-04-12,63.0
C32754,Soraya Garriga Diaz,Persona,Regular,Monterrey,México,ana-mariajaquez@example.org,2023-03-26,40.0
C32755,Brandi Decker,Anónimo,Anónimo,San Francisco,Estados Unidos,,2023-01-28,
C32756,Adriana Luisa Romero Gómez,Anónimo,Anónimo,Chicago,Estados Unidos,,2020-07-04,
C32757,Jesús García,Persona,Regular,Chicago,Estados Unidos,xvillamizar@example.net,2023-11-06,52.0
C32758,James Smith,Persona,Regular,Cartagena,Colombia,phancock@example.com,2024-08-04,36.0
C32759,Patricia Acosta Lozano,Persona,Friends Plus,Bogotá,Colombia,erosales@example.org,2025-03-23,46.0
C32760,Daniel Carretero Pascual,Persona,Regular,Valencia,España,waynejohnson@example.net,2024-03-22,45.0
C32761,Mauricio Castrillón,Persona,Regular,Medellín,Colombia,onofre14@example.com,2022-11-29,21.0
C32762,Hannah Wright,Persona,Regular,Medellín,Colombia,bustosjose-eduardo@example.org,2021-07-06,36.0
C32763,Reginald Ortiz,Persona,Regular,Monterrey,México,irmarivero@example.com,2023-04-15,22.0
C32764,Asunción Arteaga Medrano,Persona,Regular,Guadalajara,México,araceli47@example.org,2025-04-26,54.0
C32765,María Rojas,Persona,Regular,Valencia,España,julianlopez@example.org,2020-06-16,60.0
C32766,Catherine Dennis,Persona,Regular,Medellín,Colombia,rodriguezisabel@example.org,2025-04-27,24.0
C32767,Lic. Abel Huerta,Persona,Regular,Bilbao,España,bcalderon@example.net,2021-12-27,34.0
C32768,Barrera-Escobar,Empresa,Corporativo,Mendoza,Argentina,teresaarguello@proyectos.info,2021-08-21,64.0
C32769,Telmo Morera,Persona,Regular,Cartagena,Colombia,fernando95@example.com,2025-04-09,25.0
C32770,Ing. Humberto Nájera,Persona,Regular,Madrid,España,adanmodesta@example.com,2024-02-17,22.0
C32771,Sr. Ramón Camacho,Persona,Regular,Valencia,España,zwilliams@example.com,2023-11-11,47.0
C32772,Rebekah Rice,Persona,Regular,Bogotá,Colombia,javiercatalan@example.net,2023-07-24,33.0
C32773,Graciano Flor-Roca,Persona,Regular,Monterrey,México,navarretejose-maria@example.net,2023-10-22,32.0
C32774,Esteban Castells Jurado,Persona,Regular,Córdoba,Argentina,ferrellhannah@example.org,2021-02-18,42.0
C32775,"Club Muñoz, Olvera y Carrión",Empresa,Corporativo,Monterrey,México,felipacuesta@angel.com,2021-05-31,32.0
C32776,Jimena Alexandra Luna Vera,Persona,Regular,Medellín,Colombia,mendozajose@example.org,2020-12-31,18.0
C32777,"Palacios, Hernández and Hernández",Empresa,Corporativo,Valencia,España,yohana00@ayala-salazar.biz,2023-08-26,40.0
C32778,Dean Hayes,Persona,Friends Plus,Mérida,México,isaldana@example.com,2024-03-14,56.0
C32779,Epifanio Marcos-Acosta,Persona,Regular,Chicago ,Estados Unidos,samuel04@example.org,2021-02-14,26.0
C32780,Jacinto Quezada,Persona,Friends Plus,Cali,Colombia,anthonyfrank@example.net,2020-07-29,57.0
C32781,Supermercados Fuente & Asociados S.L.N.E,Empresa,Corporativo,Barranquilla,Colombia,nguardado@gaona-olivo.info,2020-04-12,40.0
C32782,Juana Catalina Reyes,Persona,Regular,Querétaro,México,siglesias@example.org,2024-12-03,30.0
C32783,Estela Helena Zayas Gonzales,Persona,Regular,Miami,Estados Unidos,ovilalta@example.net,2021-08-04,30.0
C32784,Luis Hernández,Persona,Friends Plus, Cartagena,Colombia,jaqueline34@example.com,2023-01-01,37.0
C32785,Cristina Ayala,Persona,Regular,Sevilla,España,qburke@example.com,2020-06-19,24.0
C32786,Ernesto Gracia,Persona,Regular,Barranquilla,Colombia,marcela14@example.org,2020-02-07,64.0
C32787,Joan Carr,Persona,Regular,Rosario,Argentina,perezpatricia@example.org,2024-09-25,48.0
C32788,Lic. Elvia Medrano,Persona,Friends Plus,Guadalajara,México,paola76@example.net,2024-04-04,36.0
C32789,Gloria Soto Meneses,Anónimo,Anónimo,Cartagena,Colombia,,2022-02-24,
C32790,Monique Smith,Persona,Regular,Guadalajara,México,esantillan@example.com,2020-09-18,23.0
C32791,Estela Acero Losada,Persona,Regular,Rosario,Argentina,kmascarenas@example.org,2023-12-13,40.0
C32792,Lucía Patricia Carrillo,Persona,Regular,Cartagena,Colombia,rbaez@example.com,2022-08-20,60.0
C32793,Daniela Alma Gaytán Urrutia,Anónimo,Anónimo,Córdoba,Argentina,,2021-10-03,
C32794,Smith-Brown,Empresa,Corporativo,Rosario,Argentina,cannonmatthew@cameron.com,2023-04-04,34.0
C32795,Orlando Miguel Sánchez Guerrero,Persona,Regular,Ciudad de México,México,ncarrillo@example.com,2022-01-02,33.0
C32796,Cristal Susana Tamayo Cedillo,Persona,Regular,Boston,Estados Unidos,ulises25@example.net,2025-01-12,20.0
C32797,Gonzalo Sergio Figueroa Sepúlveda,Persona,Regular,Rosario,Argentina,weaverlaura@example.net,2020-12-15,53.0
C32798,Katherin Valencia,Anónimo,Anónimo,Nueva York,Estados Unidos,,2020-11-04,
C32799,Emilio Gurule Suárez,Persona,Regular,Valencia,España,uflores@example.com,2023-04-04,29.0
C32800,Patricia Adkins,Persona,Regular,Mendoza,Argentina,ppalacios@example.org,2023-11-15,37.0
C32801,Hermelinda Aida Soliz Barrios,Persona,Regular,Cartagena,Colombia,jpuentes@example.com,2023-04-19,20.0
C32802,Vanesa Esperanza Puga Montañez,Anónimo,Anónimo,Ciudad de México,México,,2022-11-12,
C32803,Marcelo Hidalgo Palacios,Anónimo,Anónimo,Buenos Aires,Argentina,,2022-06-20,
C32804,Michael Ruiz,Persona,Friends Plus,Madrid,España,rogelio44@example.net,2021-02-28,38.0
C32805,Derek Brown,Persona,Regular,Sevilla,España,virgilioferrandez@example.net,2022-08-24,64.0
C32806,Ángel Diego Serrano,Persona,Regular,Querétaro,México,hallstuart@example.com,2024-09-20,50.0
C32807,Lic. Yolanda Rico,Anónimo,Anónimo,Buenos Aires,Argentina,,2020-10-01,
C32808,Octavio Céspedes Padilla,Persona,Regular,Querétaro,México,brownelizabeth@example.net,2023-11-23,37.0
C32809,Jesusa Campillo Moraleda,Persona,Regular,Seattle,Estados Unidos,alejandra11@example.net,2024-02-14,64.0
C32810,Anthony Black,Persona,Regular,Ciudad de México,México,omarcavazos@example.org,2021-10-30,60.0
C32811,Andrey Miranda,Persona,Regular,Rosario,Argentina,bmanrique@example.net,2021-01-23,32.0
C32812,Kevin Bishop,Anónimo,Anónimo,CANCÚN,México,,2025-05-17,
C32813,Taylor Ltd,Empresa,Corporativo,Chicago ,Estados Unidos,lucasalmanza@barraza.com,2025-05-22,47.0
C32814,Camila Arévalo Arévalo,Anónimo,Anónimo,Bogotá,Colombia,,2020-05-10,
C32815,Miriam Andrea Ospina,Persona,Regular,Ciudad de México,México,alejandrasarmiento@example.org,2022-09-28,49.0
C32816,Carlos del Escrivá,Persona,Regular,Medellin,Colombia,jennifer47@example.org,2020-09-13,34.0
C32817,Macaria Martín-Niño,Persona,Regular,Valencia,España,sepulvedafanny@example.net,2024-12-07,28.0
C32818,Jimena Durán,Persona,Regular,Chicago ,Estados Unidos,joseph32@example.org,2024-12-21,25.0
C32819,Ramón Salvador Marti Pineda,Anónimo,Anónimo,San Francisco,Estados Unidos,,2022-03-11,
C32820,Loreto Padilla Girona,Persona,Regular,Madrid,España,elodiacheca@example.org,2022-11-12,54.0
C32821,Luz Lucía Díaz,Persona,Friends Plus,Austin,Estados Unidos,mcguirecynthia@example.com,2021-05-02,61.0
C32822,Daniel Jesús Márquez Arango,Persona,Regular,Cali,Colombia,guillermopineda@example.org,2021-03-16,20.0
C32823,Julio Adalberto Monroy,Persona,Regular,San Francisco,Estados Unidos,idelgado@example.org,2020-06-15,49.0
C32824,Hugo Alba Gimenez,Persona,Regular,Mérida,México,arangomaria@example.com,2024-04-14,19.0
C32825,Todd Parker,Anónimo,Anónimo,Córdoba ,Argentina,,2022-10-02,
C32826,Chad Hancock,Persona,Regular,Córdoba,Argentina,mhernandez@example.com,2021-02-04,52.0
C32827,Estela de Hervás,Anónimo,Anónimo,QUERÉTARO,México,,2023-06-28,
C32828,Salma Guajardo,Anónimo,Anónimo,Nueva York,Estados Unidos,,2022-06-09,
C32829,Juan Juan Ramírez,Persona,Friends Plus,Austin,Estados Unidos,montgomeryjonathan@example.net,2021-08-25,43.0
C32830,William Luis Contreras Maldonado,Persona,Regular,Bilbao,España,gbarba@example.com,2020-02-21,55.0
C32831,Jaime Monroe,Persona,Regular,Medellín,Colombia,lcorrales@example.com,2021-07-28,22.0
C32832,Maria Jones,Persona,Regular,Barcelona,España,lesterjoshua@example.net,2022-10-24,46.0
C32833,Pascuala Reyes,Anónimo,Anónimo,CALI,Colombia,,2025-01-31,
C32834,Robert Thomas,Persona,Regular,Austin,Estados Unidos,arojas@example.com,2021-05-19,56.0
C32835,Gladis Yéssica Pérez,Persona,Regular,Medellín,Colombia,david09@example.org,2020-10-31,31.0
C32836,Tomás Pons Galán,Persona,Friends Plus,Bogotá,Colombia,lbrown@example.com,2022-05-12,60.0
C32837,Judith Maldonado,Persona,Regular,Mérida,México,kelly15@example.com,2022-04-10,40.0
C32838,Dalila Montenegro Castell,Persona,Friends Plus,Monterrey,México,zdel-valle@example.org,2022-03-06,49.0
C32839,Aaron Reed,Persona,Regular,Cancún,México,castejonligia@example.org,2024-11-14,32.0
C32840,Armando Monsalve,Anónimo,Anónimo,Córdoba,Argentina,,2023-12-17,
C32841,Isabel Alsina Iglesias,Persona,Regular,Barranquilla,Colombia,nicholascastillo@example.org,2024-08-15,61.0
C32842,Gerónimo Fuentes Campo,Persona,Regular,Los Ángeles,Estados Unidos,carmelaelias@example.org,2021-07-29,46.0
C32843,Rosendo del Rivero,Persona,Regular,Miami,Estados Unidos,ymarquez@example.net,2020-10-31,40.0
C32844,José Castellanos Sánchez,Persona,Regular,Rosario,Argentina,brent70@example.net,2022-01-22,31.0
C32845,Jordan Fritz,Persona,Regular,AUSTIN,Estados Unidos,virginia00@example.com,2023-06-07,36.0
C32846,Sr. Manuel Almaraz,Persona,Regular,Barranquilla,Colombia,ymaldonado@example.net,2024-02-19,19.0
C32847,Marina Peiró Segarra,Persona,Regular,Valencia,España,larajoel@example.org,2020-04-28,46.0
C32848,Magaly García Muñoz,Persona,Regular,Austin,Estados Unidos,vanessasoto@example.org,2023-06-13,62.0
C32849,Cathy Holt,Persona,Regular,Medellín,Colombia,woodcharles@example.net,2022-03-27,52.0
C32850,de la Rosa-Quiroz,Empresa,Corporativo,Boston,Estados Unidos,kevin00@vargas.info,2022-01-15,61.0
C32851,Fabio Fabián Castillo Sierra,Persona,Regular,Boston,Estados Unidos,urangel@example.net,2023-05-22,63.0
C32852,John Johnson,Persona,Regular,Nueva York,Estados Unidos,renteriaalonso@example.com,2024-03-04,51.0
C32853,David Scott,Persona,Friends Plus,Cartagena,Colombia,gilbertofierro@example.net,2023-06-22,63.0
C32854,Sr. Samuel Valdivia,Persona,Regular,Monterrey,México,lgonzalez@example.net,2020-09-10,55.0
C32855,Nicholas Lawrence,Persona,Friends Plus,Nueva York,Estados Unidos,amber39@example.org,2025-03-11,44.0
C32856,Beatriz Iglesias Bas,Persona,Friends Plus,Cancún,México,qrincon@example.net,2020-09-18,44.0
C32857,Jaime Córdova Roldán,Persona,Friends Plus,Sevilla,España,ebrock@example.org,2023-09-25,49.0
C32858,Augusto Alexander Pabón Valderrama,Persona,Regular,Monterrey,México,ingramjoel@example.org,2024-11-04,38.0
C32859,Jorge Luis Corrales,Persona,Friends Plus,Medellín,Colombia,horaciobatista@example.com,2025-04-10,41.0
C32860,Luis Covarrubias Ávila,Anónimo,Anónimo,Barranquilla,Colombia,,2020-12-12,
C32861,Alondra Tejero Ródenas,Persona,Regular,Mérida ,México,seancruz@example.net,2020-12-03,62.0
C32862,Tina Patterson,Anónimo,Anónimo,Miami,Estados Unidos,,2020-11-20,
C32863,Espiridión de Lillo,Persona,Regular,Boston,Estados Unidos,ucasarez@example.org,2021-12-22,30.0
C32864,Jones Ltd,Empresa,Corporativo,Boston,Estados Unidos,solizporfirio@laboratorios.com,2024-10-06,51.0
C32865,Srita. Magdalena Suárez,Persona,Regular,Sevilla,España,domingueznerea@example.com,2024-09-29,32.0
C32866,Ciro Pellicer Osorio,Persona,Regular,Córdoba,Argentina,bruno26@example.com,2020-12-13,20.0
C32867,"Velasco, Ibarra and Barrios",Empresa,Corporativo,Guadalajara,México,irmapizarro@laboratorios.com,2021-11-29,49.0
C32868,Blanca Flor Iglesias,Persona,Regular,Austin,Estados Unidos,graciela62@example.net,2020-08-14,64.0
C32869,Ing. Felipe Arriaga,Anónimo,Anónimo,Cali,Colombia,,2024-03-23,
C32870,Alfonso Humberto Martínez Vanegas,Anónimo,Anónimo,Ciudad de México,México,,2024-07-14,
C32871,Maria Armstrong,Persona,Regular,Madrid,España,anderson08@example.com,2022-12-14,56.0
C32872,Minerva Nancy Toro,Persona,Regular,Cartagena,Colombia,aprilphillips@example.com,2024-09-11,58.0
C32873,Robert Davis,Persona,Friends Plus,Chicago,Estados Unidos,piercecathy@example.com,2022-03-06,61.0
C32874,Jessica Robinson,Anónimo,Anónimo,Barranquilla,Colombia,,2024-03-20,
C32875,Silvia Rivas,Persona,Regular,Boston,Estados Unidos,qdieguez@example.net,2024-06-24,48.0
C32876,Yago Piñeiro Guzman,Persona,Regular,Querétaro,México,jenaro97@example.org,2024-07-18,54.0
C32877,Roberta Cañas Romero,Persona,Regular,SEATTLE,Estados Unidos,tatiana32@example.org,2022-07-07,32.0
C32878,Ing. Luis Villaseñor,Persona,Friends Plus,Rosario,Argentina,javier93@example.com,2024-11-27,25.0
C32879,Ing. Darío Chávez,Persona,Regular,GUADALAJARA,México,candela50@example.com,2022-07-26,39.0
C32880,Tomasa Nilda Quintero Cisneros,Persona,Regular,Miami,Estados Unidos,hmurcia@example.org,2023-02-07,37.0
C32881,Mary Foster,Persona,Friends Plus,Austin,Estados Unidos,aznarbenjamin@example.org,2024-06-28,26.0
C32882,Olga Peñalver Álvarez,Persona,Friends Plus,Chicago,Estados Unidos,penajuan@example.com,2020-10-24,38.0
C32883,Iván Blanco Arias,Persona,Regular,Austin,Estados Unidos,doraloaiza@example.com,2021-10-07,20.0
C32884,Agustín Zacarías Meraz Mascareñas,Anónimo,Anónimo,Madrid,España,,2022-01-12,
C32885,Elvia Carla Salgado,Anónimo,Anónimo,Querétaro,México,,2023-03-13,
C32886,Liliana Romero,Persona,Regular,Ciudad de México,México,diego54@example.org,2022-04-26,47.0
C32887,Blanca Olga Valencia Caballero,Persona,Regular,Queretaro,México,gustavomartinez@example.net,2020-11-03,29.0
C32888,Perlita Mir-Rico,Persona,Friends Plus,Bogotá ,Colombia,saavedranatividad@example.com,2021-08-07,32.0
C32889,Hnos Samper S.Com.,Empresa,Corporativo,Sevilla,España,gbustamante@alimentacion.org,2024-01-17,53.0
C32890,Yadira García,Persona,Regular,Seattle,Estados Unidos,lpatel@example.org,2024-02-29,22.0
C32891,Dulce María Rolón Covarrubias,Persona,Regular,Querétaro,México,naguilar@example.com,2023-02-20,23.0
C32892,Gómez-Beltrán,Empresa,Corporativo,Medellín,Colombia,phillip33@peterson.biz,2023-11-11,22.0
C32893,Rafael Antonio Cerón,Anónimo,Anónimo,Chicago,Estados Unidos,,2023-07-06,
C32894,Alexis Johnson,Persona,Regular,Cali,Colombia,emarin@example.net,2024-12-13,48.0
C32895,Heidy González,Persona,Friends Plus,Madrid,España,annevans@example.net,2022-11-24,53.0
C32896,José Rubio,Persona,Regular,Nueva York,Estados Unidos,natalia57@example.com,2023-09-28,26.0
C32897,Joseph Burns,Persona,Friends Plus, Los Ángeles,Estados Unidos,rosalinaguardia@example.org,2022-07-19,39.0
C32898,Jennifer Delacruz,Persona,Regular,Austin,Estados Unidos,hugosaavedra@example.com,2021-07-08,26.0
C32899,Hugo Molina,Persona,Regular,Miami,Estados Unidos,barriosdavid@example.org,2025-05-30,47.0
C32900,Heather Flores,Persona,Regular,Los Ángeles,Estados Unidos,bbenavides@example.com,2021-06-09,55.0
C32901,Cristian Méndez-Manrique,Persona,Regular,Guadalajara,México,aurora74@example.com,2021-04-15,28.0
C32902,Magnolia Gabriela Palacios,Persona,Regular,Barranquilla,Colombia,tamaraalcalde@example.org,2021-05-11,21.0
C32903,Agustina Checa Cordero,Persona,Regular,Bogotá,Colombia,nramirez@example.net,2025-03-18,54.0
C32904,Armando Víctor Cervántez,Anónimo,Anónimo,Ciudad de México,México,,2020-02-04,
C32905,Jesús Rodolfo Guerrero Farías,Persona,Friends Plus,Mendoza,Argentina,celiatello@example.net,2022-12-26,47.0
C32906,Eladio Bernad-Nieto,Persona,Regular, Cancún,México,rosaquiroz@example.com,2024-02-13,52.0
C32907,Alberto Salgado López,Persona,Regular,GUADALAJARA,México,jorge-luis86@example.net,2020-01-01,38.0
C32908,Dr. Brian Solis MD,Anónimo,Anónimo, Ciudad de México,México,,2025-01-22,
C32909,Luisa Jenny Villa Monroy,Persona,Friends Plus,Mérida,México,esterpascual@example.com,2023-12-22,48.0
C32910,Antonia Mónica Rosado Urías,Persona,Regular,MADRID,España,margaret75@example.net,2023-07-31,64.0
C32911,Marisol Arellano,Persona,Regular,Ciudad de México,México,thompsontina@example.org,2021-10-23,53.0
C32912,Jacob Simpson,Persona,Friends Plus,Cancún,México,vilaltarufina@example.org,2020-08-24,55.0
C32913,Abigail Georgina Morales Sosa,Persona,Regular,Miami ,Estados Unidos,lilianarojas@example.org,2022-10-25,22.0
C32914,Hernán Molina Contreras,Persona,Regular,Querétaro ,México,esmeraldaresendez@example.net,2025-02-10,32.0
C32915,Fermín Lopez,Persona,Regular,Boston,Estados Unidos,francisco36@example.org,2024-06-18,42.0
C32916,Esmeralda Elsa Rivero,Anónimo,Anónimo,Miami,Estados Unidos,,2021-09-09,
C32917,López-Correa,Empresa,Corporativo,Buenos Aires,Argentina,jassoalicia@grupo.com,2020-10-25,34.0
C32918,Jennifer Bryant,Persona,Regular,Nueva York,Estados Unidos,mpons@example.net,2022-11-17,54.0
C32919,Penny Sanders,Persona,Regular,Bogotá,Colombia,brownsarah@example.com,2021-10-03,58.0
C32920,Adalberto Gurule,Persona,Regular,Medellín,Colombia,palomoestela@example.net,2020-10-08,59.0
C32921,Alta  Gracia Hernandes,Anónimo,Anónimo,Miami,Estados Unidos,,2024-04-28,
C32922,Robert Miller,Persona,Regular,Guadalajara,México,juan07@example.net,2023-07-19,63.0
C32923,Dafne Cruz Cantón,Persona,Regular,Mérida,México,gutierrezbarbara@example.org,2022-04-20,34.0
C32924,Serafín Manuel Durán,Persona,Regular,Los Ángeles,Estados Unidos,gzaragoza@example.org,2023-04-05,18.0
C32925,Mrs. Dana Martinez,Persona,Regular,Boston,Estados Unidos,xvaladez@example.com,2022-11-24,46.0
C32926,Maxi del Laguna,Persona,Regular,Sevilla,España,riossantiago@example.net,2023-08-21,53.0
C32927,Fabricio Caro Real,Persona,Regular,Monterrey ,México,itrujillo@example.org,2022-04-03,36.0
C32928,Mateo Heras Bernal,Persona,Friends Plus,MEDELLÍN,Colombia,xcastro@example.net,2020-07-08,46.0
C32929,David Patricio Ledesma Cortez,Persona,Friends Plus,San Francisco,Estados Unidos,larry78@example.com,2022-10-20,64.0
C32930,Jacinto Abreu Saiz,Persona,Regular,Bogotá,Colombia,eblanes@example.com,2024-06-12,34.0
C32931,Miguel William Gómez,Persona,Regular,Buenos Aires,Argentina,fernanda61@example.net,2023-12-11,40.0
C32932,Peter Dunn,Anónimo,Anónimo,Miami,Estados Unidos,,2021-03-10,
C32933,César Puentes,Anónimo,Anónimo,Miami,Estados Unidos,,2021-08-16,
C32934,Michael Davenport,Anónimo,Anónimo,Medellín,Colombia,,2021-02-28,
C32935,Soledad Orozco Almanza,Persona,Friends Plus,Mérida,México,expositoalejandra@example.com,2021-09-03,49.0
C32936,Cardozo-Ramírez,Empresa,Corporativo,Buenos Aires,Argentina,roxana80@grupo.org,2021-07-10,58.0
C32937,Joanne Bond,Persona,Friends Plus,Sevilla,España,wcoronado@example.com,2024-06-04,48.0
C32938,Lic. Modesto Sosa,Persona,Regular,Medellin,Colombia,kathyhall@example.org,2024-12-15,60.0
C32939,Mark Davis,Persona,Friends Plus,Barranquilla,Colombia,emiliano51@example.net,2022-11-17,36.0
C32940,"Corporacin Farías, Arroyo y Valdez",Empresa,Corporativo,Austin,Estados Unidos,mason69@simmons.com,2020-12-12,32.0
C32941,Charles Herrera,Persona,Regular,Nueva York,Estados Unidos,hduran@example.net,2022-06-21,36.0
C32942,Cuéllar and Sons,Empresa,Corporativo,BILBAO,España,carmenbarrios@ramirez.com,2023-04-05,36.0
C32943,Bridget Simmons,Persona,Regular,Cartagena,Colombia,davislauren@example.net,2020-06-01,40.0
C32944,Martín Mercader-Campo,Persona,Regular,Córdoba,Argentina,hquintero@example.net,2021-01-31,30.0
C32945,Mónica María Elena Collazo,Persona,Regular,Querétaro,México,freemanjonathan@example.com,2024-10-31,57.0
C32946,John Davis,Persona,Regular,Bogotá,Colombia,vargaspatricia@example.net,2020-05-24,34.0
C32947,"Castro, Meléndez y Quintero",Empresa,Corporativo,Buenos Aires ,Argentina,ntrejo@valencia.com,2025-02-07,49.0
C32948,Blanca Rangel Corona,Anónimo,Anónimo,Cartagena,Colombia,,2021-06-14,
C32949,Elvira Calleja Albero,Persona,Regular,Barranquilla,Colombia,tylercalvin@example.org,2020-09-12,57.0
C32950,Emilio Arana Vilanova,Persona,Regular,Córdoba,Argentina,pamela25@example.net,2020-01-28,18.0
C32951,Ariadna Rubio,Persona,Regular,Ciudad de México,México,osanmartin@example.com,2020-09-30,52.0
C32952,Ángel Ramiro Jiménez Quiñones,Persona,Regular,Querétaro,México,pabloadolfo@example.org,2024-10-23,55.0
C32953,Christopher Morgan,Persona,Regular,Mérida,México,lsierra@example.com,2021-05-06,58.0
C32954,Mayte Rangel Ramos,Persona,Regular,Medellín,Colombia,bzepeda@example.com,2021-02-13,64.0
C32955,Herberto Bonet Moliner,Persona,Friends Plus,Medellin,Colombia,jbanuelos@example.org,2022-08-25,22.0
C32956,Aida Peña Venegas,Anónimo,Anónimo,Medellín,Colombia,,2024-09-21,
C32957,Patricia Fabiola Correa,Anónimo,Anónimo,Madrid,España,,2020-09-26,
C32958,Aurelio Coloma Santos,Anónimo,Anónimo,Austin,Estados Unidos,,2024-11-28,
C32959,Jessica Smith,Anónimo,Anónimo,Barranquilla,Colombia,,2024-04-13,
C32960,Estela García Franco,Anónimo,Anónimo,Barcelona,España,,2023-08-30,
C32961,Joaquín Gonzalo Valenzuela,Anónimo,Anónimo,Monterrey,México,,2020-04-07,
C32962,Augusto Alzate,Persona,Regular,San Francisco,Estados Unidos,anthony76@example.com,2020-02-24,51.0
C32963,Michael Roberts,Persona,Friends Plus,Mérida,México,steinkylie@example.org,2022-01-15,39.0
C32964,Michael Higgins,Persona,Regular,Cartagena,Colombia,shawn05@example.org,2024-03-16,25.0
C32965,Reynaldo Sanches Tamez,Persona,Regular,Chicago,Estados Unidos,blanca65@example.net,2020-05-29,18.0
C32966,Espartaco Lucio de la Rosa,Persona,Regular,Los Ángeles,Estados Unidos,collinsstephen@example.org,2020-05-29,43.0
C32967,Joshua Butler,Persona,Regular,Mérida,México,yolanda02@example.com,2021-02-13,51.0
C32968,Israel Márquez Méndez,Persona,Regular,Austin,Estados Unidos,ramirezmauricio@example.net,2022-09-04,61.0
C32969,Patricia Santamaria Ortuño,Persona,Regular,Bogotá,Colombia,asenjomarcelo@example.net,2021-12-18,22.0
C32970,Joshua Estrada,Anónimo,Anónimo, Cartagena,Colombia,,2022-04-21,
C32971,Maira Galindo Ardila,Persona,Regular,Cancún,México,silvaingrid@example.net,2021-01-31,64.0
C32972,Guiomar Cadenas Lladó,Persona,Regular,Boston ,Estados Unidos,robert50@example.org,2021-05-04,42.0
C32973,Bailey LLC,Empresa,Corporativo,Mérida,México,pcummings@richardson.com,2024-09-29,50.0
C32974,Fernanda Pérez Rueda,Persona,Regular,Mérida,México,gloriapedrero@example.org,2025-04-27,51.0
C32975,Dra. Olivia Navarrete,Anónimo,Anónimo,Guadalajara,México,,2024-11-25,
C32976,Fernanda Toro,Persona,Friends Plus,Boston,Estados Unidos,yuliethbejarano@example.org,2022-02-19,64.0
C32977,Frank Jones,Persona,Regular, Guadalajara,México,amesa@example.org,2024-10-30,44.0
C32978,Aurora Castañeda Tomas,Persona,Regular,Valencia,España,francisca67@example.net,2021-01-06,61.0
C32979,Abril Plana Buendía,Persona,Regular,Cordoba,Argentina,nuriamarti@example.net,2020-09-21,40.0
C32980,Isaac Barón Quintana,Persona,Friends Plus, Barranquilla,Colombia,pgaviria@example.net,2020-10-23,42.0
C32981,Marcela Esmeralda Romero,Persona,Regular,Seattle,Estados Unidos,ortegamanuel@example.org,2020-01-02,64.0
C32982,Carlos Jaramillo Oviedo,Persona,Regular,Seattle,Estados Unidos,reinazambrano@example.com,2023-01-08,21.0
C32983,Yuri Carmen Hernández,Persona,Regular,Madrid,España,bautistarios@example.org,2025-05-25,25.0
C32984,Jhon Niño Rangel,Persona,Friends Plus,Los Ángeles,Estados Unidos,gpulido@example.net,2024-07-30,35.0
C32985,Juan Smith,Persona,Regular,Buenos Aires,Argentina,norma09@example.com,2021-12-15,53.0
C32986,María Sánchez,Persona,Friends Plus, Bogotá,Colombia,christopher00@example.net,2024-10-09,55.0
C32987,Alimentación YRTY S.Com.,Empresa,Corporativo,Medellín,Colombia,andresdiaz@suarez.com,2021-09-19,23.0
C32988,Industrias Ricart & Asociados S.L.U.,Empresa,Corporativo,Los Ángeles,Estados Unidos,natalio93@briones.es,2020-11-19,63.0
C32989,Quirino Amores-Estrada,Anónimo,Anónimo,Valencia,España,,2021-11-07,
C32990,Tristán Uría-Valderrama,Persona,Friends Plus,Boston,Estados Unidos,charo22@example.com,2022-04-02,29.0
C32991,Yolima Vélez,Persona,Regular,Nueva York,Estados Unidos,alicia28@example.org,2021-03-17,21.0
C32992,Jonatan Company Pedrosa,Persona,Friends Plus,Cali,Colombia,nicolepalmer@example.com,2021-01-15,36.0
C32993,Tony Mitchell,Persona,Regular,Cartagena,Colombia,tamara18@example.org,2022-02-02,40.0
C32994,Steven Stone,Persona,Regular,Mendoza,Argentina,mezatatiana@example.org,2022-09-26,43.0
C32995,Daniela Ospina Ramírez,Persona,Regular,Cartagena ,Colombia,ignaciobarajas@example.net,2023-07-15,30.0
C32996,Audrey Perry,Persona,Regular,NUEVA YORK,Estados Unidos,tolosaaurea@example.com,2022-05-13,63.0
C32997,Georgina Alcántara Escolano,Persona,Regular,Guadalajara,México,cerdajesusa@example.com,2023-08-01,63.0
C32998,Donna Mcdonald,Persona,Regular,San Francisco,Estados Unidos,antoniocontreras@example.org,2022-07-05,43.0
C32999,Ismael Ribes Fortuny,Persona,Friends Plus,Miami,Estados Unidos,albanieto@example.org,2020-03-07,20.0
C33000,Amy Simmons,Persona,Regular,Medellín,Colombia,brookebutler@example.com,2024-06-23,57.0
C33001,Isaac Reyes,Persona,Friends Plus,Bilbao,España,carrillolorenzo@example.net,2023-11-12,51.0
C33002,Srita. Julia Gurule,Persona,Regular,Buenos Aires,Argentina,osoriorodrigo@example.net,2021-08-31,63.0
C33003,Cecilia Inés Espitia,Persona,Regular,Boston,Estados Unidos,teobaldomanzanares@example.net,2021-01-08,54.0
C33004,Héctor Carlos Martínez Pérez,Anónimo,Anónimo,Cali,Colombia,,2022-11-22,
C33005,William Riley,Persona,Friends Plus,San Francisco,Estados Unidos,rafael34@example.com,2021-07-13,47.0
C33006,Rodrigo Porfirio Riojas,Persona,Friends Plus,Seattle,Estados Unidos,camila54@example.com,2021-08-21,48.0
C33007,Fortunato Larrea Ureña,Persona,Friends Plus,Querétaro,México,angelino13@example.com,2023-06-07,31.0
C33008,Sra. Eloisa Esquivel,Persona,Regular,Barcelona,España,giraldogustavo@example.org,2022-08-27,53.0
C33009,Luis Jorge Romero Mendoza,Persona,Regular,Valencia,España,vergaraedna@example.org,2021-11-16,58.0
C33010,Ing. Tomás León,Persona,Friends Plus,Ciudad de México,México,soriajeremias@example.com,2021-04-17,52.0
C33011,Jennifer Butler,Persona,Regular,Monterrey,México,samantha55@example.net,2021-04-27,48.0
C33012,Anel Josefina Zelaya,Anónimo,Anónimo,Valencia,España,,2025-05-25,
C33013,Joseph Gray,Anónimo,Anónimo,Cali,Colombia,,2020-11-28,
C33014,Jesús Eduardo Chaparro Gonzáles,Persona,Regular,Bogotá,Colombia,zapatatomas@example.com,2023-04-17,64.0
C33015,Serafina Agustina Suárez Guzmán,Anónimo,Anónimo,Sevilla,España,,2020-11-15,
C33016,"Anguiano, Griego y Ramos",Empresa,Corporativo, Seattle,Estados Unidos,ana41@amoros.com,2024-03-29,53.0
C33017,Luis Manuel Estrada Gallardo,Persona,Regular,Nueva York,Estados Unidos,kingchris@example.org,2020-01-23,30.0
C33018,Josefina Amanda Pedro Espinosa,Persona,Regular,Bilbao,España,knevarez@example.org,2020-07-24,60.0
C33019,Valeria Alcolea-Bejarano,Persona,Regular,Barranquilla,Colombia,bernalana@example.org,2020-04-04,20.0
C33020,Rufino Franco Valverde,Persona,Regular,Valencia ,España,rafaelpalacios@example.org,2023-06-16,35.0
C33021,Brittney Martinez,Anónimo,Anónimo,Austin,Estados Unidos,,2021-04-21,
C33022,"Nielsen, Thomas and Short",Empresa,Corporativo,Miami,Estados Unidos,escalonaluisa@exposito.es,2023-11-01,41.0
C33023,Michael Bell MD,Persona,Regular, Bilbao,España,alejandra72@example.org,2023-01-28,36.0
C33024,Ing. Araceli Manzanares,Persona,Regular,Chicago,Estados Unidos,montoyamichael@example.com,2020-03-26,36.0
C33025,Jordana Villalba Bernad,Anónimo,Anónimo,San Francisco,Estados Unidos,,2020-03-22,
C33026,Ángela Judith Rodríguez Matos,Persona,Friends Plus,San Francisco,Estados Unidos,molivera@example.com,2020-03-18,31.0
C33027,Lalo Terrón Tirado,Persona,Regular,Querétaro,México,ramonzapata@example.net,2024-11-09,35.0
C33028,Perla Concepción Velasco,Anónimo,Anónimo,Bogotá,Colombia,,2024-04-06,
C33029,Cañete y Mayoral S.Coop.,Empresa,Corporativo, Guadalajara,México,felicianocarlota@corporacin.com,2022-03-04,56.0
C33030,Cristina Nieves Acevedo,Persona,Regular,Cartagena,Colombia,rosario92@example.org,2023-07-11,60.0
C33031,Maristela Abigaíl Amor Escrivá,Persona,Regular,Ciudad de México,México,michael47@example.net,2024-04-02,46.0
C33032,Hilario Leal Bello,Persona,Regular,Seattle,Estados Unidos,williamsann@example.net,2021-02-12,33.0
C33033,Jose Francisco Palacio Riera,Persona,Regular,Nueva York,Estados Unidos,john08@example.org,2024-06-12,38.0
C33034,Inmobiliaria Internacionales S.Coop.,Empresa,Corporativo,Mérida,México,esther77@aguirre.com,2023-06-16,52.0
C33035,Bartolomé Echevarría Valle,Persona,Regular,Medellín,Colombia,svazquez@example.com,2020-08-21,44.0
C33036,Nelly Sandra Cruz,Persona,Friends Plus,Córdoba,Argentina,oliverajaviera@example.org,2022-05-20,32.0
C33037,Deborah West,Persona,Regular,Rosario,Argentina,ramirezaurelio@example.net,2022-03-27,36.0
C33038,Giovanni Álvarez González,Anónimo,Anónimo,Rosario,Argentina,,2024-03-08,
C33039,Reinel Rodríguez Morales,Anónimo,Anónimo,Medellín,Colombia,,2020-09-04,
C33040,Anacleto Benitez Asenjo S.L.N.E,Empresa,Corporativo,Mendoza,Argentina,ortizchristine@carlson.com,2022-12-19,55.0
C33041,Andrés Cardona,Persona,Friends Plus,Bogotá,Colombia,dianasanford@example.org,2023-06-30,39.0
C33042,Vanessa Kramer,Persona,Regular,Ciudad de México,México,diana86@example.com,2022-03-19,54.0
C33043,Linda Palomino Zamora,Persona,Regular,Cartagena,Colombia,lucero98@example.com,2024-08-07,30.0
C33044,Alfonso Arturo Concepción,Persona,Regular,Guadalajara,México,alfredogaribay@example.com,2023-07-28,33.0
C33045,Ferney Gabriel Silva,Persona,Regular,Chicago,Estados Unidos,wrosas@example.net,2020-06-27,53.0
C33046,Alfonso Jhon Zapata Sierra,Persona,Regular,Barranquilla,Colombia,angel94@example.org,2023-10-18,22.0
C33047,Cándido Aguiló,Persona,Regular,Madrid,España,frida44@example.com,2023-08-09,54.0
C33048,Encarnacion Melania Barco Fajardo,Persona,Regular,Boston,Estados Unidos,tmadrigal@example.net,2022-08-05,18.0
C33049,Fernando Henry Guevara,Persona,Friends Plus,BARCELONA,España,joseph09@example.org,2025-04-10,45.0
C33050,Tony Gray,Persona,Regular,Mérida,México,ramoscristina@example.org,2024-12-08,45.0
C33051,Matthew Hoffman,Persona,Regular,Medellín,Colombia,ihenriquez@example.net,2024-03-07,56.0
C33052,Sr. Mauro Ureña,Persona,Friends Plus,Mendoza,Argentina,kperea@example.org,2022-07-20,32.0
C33053,Aristides Madrigal-Llobet,Persona,Regular,CARTAGENA,Colombia,montoyaluke@example.org,2020-06-12,19.0
C33054,David Catalán-Villalobos,Persona,Regular,Boston,Estados Unidos,staffordlori@example.com,2023-02-22,20.0
C33055,Joe Baker,Persona,Regular,Barcelona,España,angelicaramos@example.com,2022-04-30,25.0
C33056,Itzel Naranjo,Persona,Regular,Valencia,España,stella63@example.org,2023-04-22,51.0
C33057,Alfonso Salazar Guzmán,Persona,Regular,Guadalajara,México,terrazaswilfrido@example.com,2023-07-15,32.0
C33058,Alvarez Group,Empresa,Corporativo,Cartagena,Colombia,isidoradiez@comercializadora.es,2023-11-02,47.0
C33059,Nora Medina Torres,Persona,Regular,Austin,Estados Unidos,doris68@example.com,2021-12-09,56.0
C33060,Silvestre Tamayo Bernad,Anónimo,Anónimo,Ciudad de México,México,,2023-05-31,
C33061,Dulce Marisela Olivera,Persona,Regular,Barcelona,España,sanchezjose@example.org,2020-07-01,49.0
C33062,Anthony Anderson,Persona,Friends Plus,Cartagena,Colombia,robertocastillo@example.com,2023-06-25,43.0
C33063,Mateo Aguilar Mondragón,Persona,Regular,Mérida,México,flaviacarretero@example.com,2023-04-15,26.0
C33064,Justin Garcia,Persona,Friends Plus,Barcelona,España,torocarlos@example.net,2020-08-06,35.0
C33065,Lina Nancy Quiroz,Persona,Friends Plus,Miami,Estados Unidos,andrademaximo@example.net,2022-06-17,51.0
C33066,Anabel Estrada,Anónimo,Anónimo,Bogotá,Colombia,,2024-12-04,
C33067,Maite Alcaraz Llanos,Persona,Regular,Rosario ,Argentina,carterelizabeth@example.org,2021-03-23,39.0
C33068,James Hunter,Persona,Regular,Mérida,México,gonzalezsandra@example.net,2021-08-01,61.0
C33069,Kelly Manrique Luna,Anónimo,Anónimo,LOS ÁNGELES,Estados Unidos,,2023-05-07,
C33070,Jeffrey Rodriguez,Anónimo,Anónimo,Sevilla,España,,2024-02-26,
C33071,John Mcgee,Persona,Regular,Bogotá,Colombia,rene05@example.net,2022-12-11,49.0
C33072,Apolinar Acosta Catalán,Anónimo,Anónimo,Chicago,Estados Unidos,,2025-05-04,
C33073,Pánfilo Luis Martorell Miralles,Persona,Friends Plus,Querétaro,México,arboledapablo@example.com,2021-02-18,34.0
C33074,Arteaga-de Jesús S. R.L. de C.V.,Empresa,Corporativo,Cancún,México,flavio04@danilo.com,2022-09-01,26.0
C33075,Helena Hurtado,Persona,Regular,Valencia,España,jose84@example.org,2020-10-08,21.0
C33076,María Astrid Marín Jaramillo,Persona,Regular,Nueva York,Estados Unidos,ninonydia@example.com,2020-11-04,29.0
C33077,Mauro Diego Bañuelos,Persona,Regular,Valencia,España,segoviagonzalo@example.net,2022-09-14,57.0
C33078,Denise Sanchez,Persona,Regular,Merida,México,timothy63@example.org,2024-01-04,49.0
C33079,"Vincent, White and Smith",Empresa,Corporativo,Cali,Colombia,octavio85@correa-rodriguez.org,2023-07-04,59.0
C33080,Luz Marisol Villalpando,Persona,Regular,Mendoza,Argentina,castellanospepito@example.com,2022-10-23,21.0
C33081,Srita. Esmeralda Rascón,Persona,Friends Plus,Mérida,México,ipera@example.com,2021-11-08,48.0
C33082,Andrés Gil Patiño,Persona,Regular,Mérida,México,luis39@example.org,2024-01-06,24.0
C33083,Mariela Cifuentes Páez,Persona,Friends Plus,Austin,Estados Unidos,owelch@example.org,2022-06-17,33.0
C33084,Andrea Julia Sánchez Cárdenas,Persona,Friends Plus,Mendoza,Argentina,avargas@example.net,2023-01-08,33.0
C33085,Alejandra Beatriz Espinosa Caballero,Persona,Regular,Barranquilla,Colombia,lupevendrell@example.com,2021-06-22,36.0
C33086,Timoteo Gerardo Garrido,Persona,Regular,Seattle,Estados Unidos,galalujan@example.org,2021-05-31,40.0
C33087,Jenny Bas Salazar,Persona,Regular,Barranquilla,Colombia,lpolanco@example.com,2022-04-24,63.0
C33088,Jeffrey Petersen,Persona,Friends Plus,Querétaro,México,emiliano58@example.org,2020-06-23,58.0
C33089,Lourdes Oquendo Galarza,Persona,Regular,Miami,Estados Unidos,bdieguez@example.com,2024-11-22,50.0
C33090,Chelo Galiano Polo,Persona,Friends Plus,Valencia,España,oriana60@example.com,2025-05-07,60.0
C33091,David Kim,Persona,Regular,Sevilla,España,jeffery21@example.org,2023-01-09,54.0
C33092,King Inc,Empresa,Corporativo,Cali,Colombia,merazadalberto@club.info,2020-11-10,61.0
C33093,Lago y Juárez S.L.,Empresa,Corporativo,Medellín,Colombia,claudiogarcia@inmobiliaria.es,2022-06-22,58.0
C33094,Sergio Sepúlveda Zelaya,Persona,Regular,Boston,Estados Unidos,cindy83@example.net,2022-05-26,22.0
C33095,Sra. Eugenia Holguín,Persona,Regular,Monterrey,México,gcummings@example.com,2022-11-22,44.0
C33096,Felicidad Belmonte Vives S.L.N.E,Empresa,Corporativo,Querétaro,México,leonelvasquez@bravo-gonzalez.biz,2023-04-24,62.0
C33097,David Vargas,Persona,Regular,Barranquilla,Colombia,sjaramillo@example.net,2020-03-06,60.0
C33098,Andrés Torres Méndez,Persona,Regular, Córdoba,Argentina,amyroman@example.org,2025-03-09,22.0
C33099,Nathan Ellis,Persona,Regular,Cali,Colombia,acook@example.com,2024-07-22,36.0
C33100,Nelson Antonio Melo Rodríguez,Persona,Regular,Mérida,México,kbotella@example.net,2023-11-19,22.0
C33101,Marissa Preston,Anónimo,Anónimo,Cartagena,Colombia,,2021-01-24,
C33102,Eugenia Valverde Benavídez,Persona,Regular,Ciudad de México,México,adiez@example.org,2022-08-28,18.0
C33103,Perla Adán,Persona,Regular,Guadalajara,México,mikewatkins@example.com,2022-09-03,53.0
C33104,Hotel Castellana S.A.T.,Empresa,Corporativo,Madrid,España,knavarrete@carranza.com,2025-02-11,26.0
C33105,Andrea Gómez Mendoza,Persona,Regular,Bogotá,Colombia,vivianacorbacho@example.net,2024-12-04,41.0
C33106,Jennifer Rodriguez,Anónimo,Anónimo,San Francisco,Estados Unidos,,2023-05-12,
C33107,Rice Ltd,Empresa,Corporativo,Chicago,Estados Unidos,lmorrison@pace.com,2024-09-30,53.0
C33108,Roberto Adán Gómez Lebrón,Anónimo,Anónimo,Miami,Estados Unidos,,2021-04-25,
C33109,William Carter,Persona,Friends Plus, Medellín,Colombia,rodrigo46@example.net,2020-02-20,47.0
C33110,Javier Rendón,Persona,Friends Plus,Monterrey,México,lsoriano@example.org,2020-08-22,28.0
C33111,Rico Torralba Mínguez,Anónimo,Anónimo,Guadalajara,México,,2025-02-17,
C33112,Jose Francisco Vilalta,Anónimo,Anónimo,Mendoza,Argentina,,2024-11-26,
C33113,Leonardo Calderón,Persona,Regular,Miami,Estados Unidos,antoniade-la-fuente@example.org,2024-12-25,43.0
C33114,Lorenzo Darío Alfaro Apodaca,Anónimo,Anónimo,Barranquilla,Colombia,,2022-05-03,
C33115,Sra. Josefina Matos,Persona,Friends Plus,Chicago,Estados Unidos,enrique16@example.org,2021-04-13,35.0
C33116,Noemí Natividad Avilés Carmona,Persona,Regular,Chicago,Estados Unidos,juliovelasco@example.net,2022-07-23,21.0
C33117,Stella Alejandra Morales Rojas,Persona,Friends Plus,VALENCIA,España,gala99@example.org,2023-02-01,49.0
C33118,Luna-Martínez,Empresa,Corporativo,Querétaro,México,bernarditamiro@rene.com,2024-06-15,29.0
C33119,Donald Chaney,Persona,Regular,Los Ángeles,Estados Unidos,macaria56@example.net,2020-10-30,28.0
C33120,Maira Patiño,Persona,Regular,Bilbao,España,jgarza@example.com,2023-08-16,30.0
C33121,César Alberto Monsalve,Anónimo,Anónimo,Valencia,España,,2020-02-23,
C33122,Sr. Federico Palacios,Persona,Friends Plus,Mérida,México,wbaez@example.org,2021-02-26,56.0
C33123,Roberto Bernal,Persona,Regular,Cartagena,Colombia,joshua31@example.org,2020-02-12,37.0
C33124,Alberto Segura Miranda,Persona,Friends Plus,Barcelona,España,ines17@example.org,2024-03-13,42.0
C33125,Michael Evans,Persona,Friends Plus,San Francisco,Estados Unidos,fajardoangel@example.org,2020-04-20,57.0
C33126,Serafín Mario Montaño,Persona,Regular,Los Ángeles,Estados Unidos,harrieta@example.org,2021-07-19,40.0
C33127,Raúl Niño,Persona,Regular,Boston,Estados Unidos,marinasanchez@example.org,2020-05-20,55.0
C33128,Inés Fernanda Sánchez,Persona,Regular,Ciudad de México,México,mccarthynicole@example.net,2024-09-15,19.0
C33129,Sr. Héctor Quintero,Persona,Regular,Bilbao,España,imoya@example.org,2023-09-18,58.0
C33130,Gloria Amanda Arevalo Murillo,Anónimo,Anónimo,Monterrey ,México,,2022-03-13,
C33131,Eduardo Muñoz,Anónimo,Anónimo,Sevilla,España,,2020-07-10,
C33132,María Mosquera,Anónimo,Anónimo,Mérida,México,,2025-01-26,
C33133,Dimas Fabra Estevez,Persona,Friends Plus,San Francisco,Estados Unidos,marmolemelina@example.org,2021-10-06,40.0
C33134,Domingo Alberto Pacheco,Persona,Friends Plus,Mérida,México,fuenteclarisa@example.org,2024-01-19,47.0
C33135,Roberto Federico Morales,Persona,Regular,Bogotá,Colombia,sandra78@example.com,2022-08-09,45.0
C33136,Mercedes María Teresa Quiñones Rascón,Persona,Friends Plus,Bogotá,Colombia,violeta00@example.com,2020-11-14,53.0
C33137,Marcela Caicedo,Persona,Regular,Madrid,España,edgar46@example.com,2024-03-17,40.0
C33138,Estefanía Menchaca Fernández,Persona,Regular,Austin,Estados Unidos,stellaflorez@example.net,2020-12-26,33.0
C33139,Sebastián Yair Hoyos,Persona,Regular,Chicago,Estados Unidos,bautistalaura@example.com,2022-03-11,38.0
C33140,Zorrilla y Bilbao S.L.N.E,Empresa,Corporativo,Valencia,España,pastortorrecilla@consultoria.com,2022-12-21,22.0
C33141,Débora Solorio Loya,Persona,Regular,Los Ángeles,Estados Unidos,castrojonathan@example.net,2025-03-12,47.0
C33142,Naranjo Group,Empresa,Corporativo,Guadalajara,México,tbolanos@cordoba-lozano.com,2023-02-10,22.0
C33143,Fernando Roldán Ortega,Persona,Regular,Rosario,Argentina,rsales@example.org,2023-07-26,57.0
C33144,Julio Donaire Rebollo,Persona,Regular,Austin,Estados Unidos,aldonza13@example.com,2022-09-08,48.0
C33145,Lilia Corredor,Persona,Regular,Los Ángeles,Estados Unidos,lcannon@example.net,2023-06-05,34.0
C33146,Srita. Soledad Paredes,Persona,Regular,CIUDAD DE MÉXICO,México,joshuahoward@example.com,2022-11-06,46.0
C33147,Cardenas y Bonilla y Asociados,Empresa,Corporativo, Ciudad de México,México,vasquezdanielle@martinez.com,2023-11-15,25.0
C33148,Rueda-Orozco,Empresa,Corporativo,Medellín,Colombia,yruiz@compania.net,2024-05-04,53.0
C33149,Miranda Lee,Persona,Regular,Querétaro,México,gomezalberto@example.org,2020-01-18,50.0
C33150,Mason Newman,Persona,Friends Plus,Austin,Estados Unidos,joanna97@example.com,2020-07-11,28.0
C33151,Anastasia Salazar Quirós,Persona,Regular,CANCÚN,México,riveramaria@example.org,2025-03-28,43.0
C33152,Marleny Beltrán,Persona,Regular,Medellín,Colombia,moreno65@example.com,2021-10-29,56.0
C33153,Concepción Tafoya,Persona,Regular,Nueva York,Estados Unidos,gonzalesjohn@example.net,2024-03-04,41.0
C33154,Courtney Patel,Persona,Regular,Ciudad de México,México,rbarbosa@example.net,2023-10-05,48.0
C33155,Andrea Valencia,Anónimo,Anónimo,Cartagena,Colombia,,2020-10-16,
C33156,Victor Manuel de Oliva,Persona,Regular,Monterrey,México,jose-luis25@example.org,2022-02-19,43.0
C33157,Ana María Acosta,Anónimo,Anónimo, Buenos Aires,Argentina,,2020-08-06,
C33158,Harol Gómez Estrada,Persona,Regular,BUENOS AIRES,Argentina,martinvigil@example.org,2023-11-06,56.0
C33159,Peter Scott,Persona,Regular,Bogotá,Colombia,nicolasariadna@example.org,2020-11-07,32.0
C33160,Paca Serrano Vives,Persona,Regular,Boston,Estados Unidos,nubia93@example.com,2021-12-04,50.0
C33161,Barbara Reyes DDS,Persona,Regular,Monterrey,México,maximilianoozuna@example.org,2021-05-07,47.0
C33162,Alberto Font Sebastián,Persona,Regular,Cancún,México,juan-luis14@example.net,2022-11-30,59.0
C33163,Encarnacion Hernández Llorente,Persona,Regular,Ciudad de México,México,palaciosadriana@example.net,2020-06-02,56.0
C33164,Alicia Castells Gomez,Persona,Regular,Sevilla,España,posadazulma@example.org,2022-04-15,26.0
C33165,Astrid Romero García,Persona,Regular,Chicago,Estados Unidos,brandon54@example.net,2023-05-05,64.0
C33166,Lic. Alta  Gracia de Anda,Persona,Regular,Cali,Colombia,nperez@example.net,2023-05-02,26.0
C33167,Wilfrido Emilio Mena,Anónimo,Anónimo,Cartagena,Colombia,,2023-12-03,
C33168,Roberta Whitehead,Persona,Regular,Córdoba,Argentina,cisneroseliana@example.com,2022-07-12,47.0
C33169,Kimberly Evans,Persona,Friends Plus,Cartagena ,Colombia,estelacabrera@example.net,2022-04-20,35.0
C33170,Daniel Gould,Persona,Friends Plus,Rosario,Argentina,msanchez@example.com,2020-12-04,45.0
C33171,Austin Small,Persona,Friends Plus,Valencia,España,adalbertofortuny@example.com,2022-07-07,25.0
C33172,Merche Arcelia Ordóñez Cordero,Persona,Regular,Bogotá,Colombia,velascopatricia@example.org,2021-11-07,24.0
C33173,Jacob Garner,Persona,Friends Plus,Chicago,Estados Unidos,edwin27@example.net,2020-03-02,23.0
C33174,Hernán Fredy Medina,Persona,Regular,Córdoba,Argentina,karinavergara@example.org,2024-02-10,24.0
C33175,Wayne James,Persona,Regular,Madrid,España,leecharles@example.org,2025-01-23,56.0
C33176,Octavio Amaya,Persona,Regular,Ciudad de México,México,lmontserrat@example.com,2024-06-16,53.0
C33177,Lic. Laura Botello,Persona,Regular,QUERÉTARO,México,mariabenavides@example.org,2021-04-05,59.0
C33178,Isidoro Porcel-Pintor,Persona,Regular,Ciudad de México,México,jennifer98@example.net,2024-09-15,49.0
C33179,Andrés Julián Parra,Persona,Regular,Barcelona,España,rafaela15@example.org,2025-04-29,45.0
C33180,Carlos Enrique Romero,Persona,Regular,Miami,Estados Unidos,saparicio@example.net,2021-06-26,22.0
C33181,Candelaria Calatayud Martín,Persona,Friends Plus,Madrid,España,mariaperez@example.org,2023-09-25,59.0
C33182,Claudio Villanueva,Anónimo,Anónimo,Cali,Colombia,,2020-06-07,
C33183,Libardo Óscar Rivera Navarro,Persona,Regular,Barranquilla,Colombia,andres94@example.net,2024-01-07,28.0
C33184,Amador Marco Antonio Guevara Baca,Persona,Friends Plus,Monterrey,México,ozamudio@example.net,2021-10-15,57.0
C33185,James Miranda,Anónimo,Anónimo,Cali,Colombia,,2023-05-16,
C33186,Mrs. Sarah Bowman,Persona,Friends Plus,Monterrey,México,tiburcio04@example.com,2021-12-29,60.0
C33187,Salamanca-Cruz,Empresa,Corporativo,San Francisco,Estados Unidos,alemanymohamed@inversiones.net,2020-04-02,29.0
C33188,Manuela Miriam García Prada,Anónimo,Anónimo,Madrid,España,,2022-08-08,
C33189,Fernando Julián González,Persona,Regular,Barcelona ,España,urodenas@example.com,2020-03-22,43.0
C33190,Tatiana Díaz García,Persona,Friends Plus,Miami,Estados Unidos,rprada@example.net,2024-06-04,19.0
C33191,Perla Vázquez Meléndez,Anónimo,Anónimo,Sevilla,España,,2022-11-27,
C33192,Héctor Jonathan Mercado Ramos,Persona,Regular,Nueva York,Estados Unidos,antonio05@example.org,2024-11-15,44.0
C33193,Óscar Camacho Restrepo,Persona,Regular,Nueva York,Estados Unidos,juan-pablo54@example.com,2020-10-18,22.0
C33194,Apolinar Felipe Blasco Mora,Anónimo,Anónimo, Sevilla,España,,2024-08-27,
C33195,Patricio Montes Solano,Persona,Friends Plus,Cancún ,México,yuridiavaldes@example.net,2021-03-22,34.0
C33196,Guillermo José Carlos Arredondo,Persona,Friends Plus,Madrid,España,kcastro@example.net,2021-04-05,19.0
C33197,Stiven Iván Figueroa Mora,Anónimo,Anónimo,Bogotá,Colombia,,2023-08-05,
C33198,José María Ramón Cortés Salgado,Persona,Regular,Nueva York,Estados Unidos,veronicarivera@example.net,2024-03-19,62.0
C33199,John Dickson,Anónimo,Anónimo,Bogotá,Colombia,,2024-08-16,
C33200,Martín Gómez,Persona,Regular,Seattle,Estados Unidos,francisco-javier36@example.org,2023-12-19,48.0
C33201,Janneth Sandra Martínez Zapata,Anónimo,Anónimo,Bilbao,España,,2023-05-12,
C33202,Dora Hernández Pérez,Anónimo,Anónimo,Chicago,Estados Unidos,,2023-01-09,
C33203,Alicia María Ríos,Anónimo,Anónimo,Buenos Aires,Argentina,,2020-02-28,
C33204,Alyssa Bishop,Anónimo,Anónimo,Nueva York,Estados Unidos,,2021-05-07,
C33205,Ana Nubia León Gómez,Anónimo,Anónimo,Miami ,Estados Unidos,,2023-01-23,
C33206,Terry Bauer,Persona,Friends Plus,Seattle,Estados Unidos,perrymorgan@example.org,2023-04-17,23.0
C33207,Paco Pol Madrigal,Persona,Friends Plus,Bilbao,España,chapmankayla@example.org,2022-12-08,32.0
C33208,Andrés Ríos Pérez,Persona,Regular,Monterrey,México,bserna@example.org,2025-01-17,27.0
C33209,Rocío Pamela Sotelo,Persona,Regular,Nueva York,Estados Unidos,ljurado@example.com,2023-06-14,42.0
C33210,"Club Soto, Tijerina y Casas",Empresa,Corporativo,Chicago,Estados Unidos,carlotaarmendariz@longoria.com,2025-04-01,20.0
C33211,Amalia Mascaró Mascaró,Persona,Friends Plus,SEVILLA,España,trevor28@example.com,2024-05-25,41.0
C33212,Robin Kelly,Persona,Regular,Monterrey,México,anacruz@example.org,2024-12-16,40.0
C33213,Nelly María Contreras,Persona,Regular,Monterrey,México,nalberdi@example.org,2023-06-09,63.0
C33214,Rosalía del Arroyo,Anónimo,Anónimo,Querétaro,México,,2021-02-26,
C33215,Yadira Valencia,Persona,Regular,CHICAGO,Estados Unidos,rocio94@example.net,2020-10-10,43.0
C33216,Nayeli Lucía Lemus,Persona,Regular,Barranquilla,Colombia,linjennifer@example.net,2024-04-05,25.0
C33217,Jos Francisco Javier Abreu,Persona,Friends Plus,Barcelona,España,estherzedillo@example.net,2020-04-27,34.0
C33218,Geraldo Montalbán-Peñalver,Persona,Regular,Querétaro,México,cllorens@example.org,2020-06-17,24.0
C33219,Arturo Edinson Hernández Carvajal,Persona,Regular,Madrid,España,anelrios@example.com,2020-04-26,58.0
C33220,Alan Sanders,Persona,Regular,Guadalajara,México,inocencio24@example.org,2024-01-05,28.0
C33221,Jessica Holmes,Persona,Regular,Buenos Aires,Argentina,kennedymeghan@example.net,2020-09-16,51.0
C33222,Maricela Corbacho Amor,Persona,Regular, Córdoba,Argentina,mendezvictor@example.org,2023-12-26,45.0
C33223,Luz Mendoza,Persona,Friends Plus,Bogota,Colombia,jose61@example.org,2022-01-08,57.0
C33224,Susanita Cabrera Palomar,Persona,Friends Plus,Córdoba,Argentina,heathermccoy@example.com,2021-02-21,22.0
C33225,Morgan-Cook,Empresa,Corporativo,Mérida,México,luz16@giraldo-lara.org,2022-12-16,20.0
C33226,Andrea Antonia Medina,Anónimo,Anónimo,Barranquilla,Colombia,,2023-11-19,
C33227,Carmina Soto-Ávila,Anónimo,Anónimo,Austin,Estados Unidos,,2023-12-11,
C33228,Courtney Smith,Persona,Regular,Bilbao,España,marcelabustamante@example.net,2025-01-10,42.0
C33229,Maricela Estévez Arellano,Persona,Regular,Cancún,México,hilda28@example.net,2022-03-06,26.0
C33230,Janneth Deyanira Torres Reyes,Anónimo,Anónimo,Querétaro,México,,2021-10-09,
C33231,Hnos Salamanca S.A.,Empresa,Corporativo,Medellín,Colombia,ramonrolando@corporacin.com,2022-04-29,64.0
C33232,Andrés Óliver Tamez,Persona,Friends Plus,Los Ángeles,Estados Unidos,tania09@example.net,2023-07-01,64.0
C33233,Jacob Hunt,Persona,Regular,Rosario,Argentina,olgaarenas@example.org,2020-03-04,43.0
C33234,Juan Molina,Persona,Regular,Cali,Colombia,olivia53@example.net,2023-11-06,57.0
C33235,Adriana Estela Jaramillo Romero,Anónimo,Anónimo,Chicago,Estados Unidos,,2020-11-09,
C33236,Ibarra A.C.,Empresa,Corporativo,Barranquilla,Colombia,ciriaco57@nacho.es,2022-08-28,27.0
C33237,"Cabrera, Ramos and Barrios",Empresa,Corporativo,Boston ,Estados Unidos,rfry@williams.net,2021-06-02,43.0
C33238,Leonor Roca-Miralles,Anónimo,Anónimo,Madrid,España,,2024-12-15,
C33239,Víctor Córdova,Persona,Regular,Córdoba,Argentina,williammontoya@example.com,2021-04-27,63.0
C33240,"Nguyen, Salazar and Marquez",Empresa,Corporativo,Buenos Aires,Argentina,andersonrobert@mccarthy.com,2021-05-21,19.0
C33241,Poncio Hierro Alvarez,Persona,Friends Plus,Austin,Estados Unidos,melaniefox@example.net,2023-07-31,63.0
C33242,Matthew Benitez,Persona,Regular,Cali,Colombia,rosauradalmau@example.org,2022-01-30,18.0
C33243,Fernanda Claudia Parra López,Persona,Regular,San Francisco,Estados Unidos,tcabrera@example.net,2022-01-18,60.0
C33244,Silva-Powell,Empresa,Corporativo,Austin,Estados Unidos,angelinochico@distribuciones.com,2021-03-08,28.0
C33245,Reyes Jiménez Vives,Persona,Regular, Boston,Estados Unidos,abel08@example.net,2024-06-19,44.0
C33246,Edwin Carlos Moreno,Anónimo,Anónimo,Mérida,México,,2020-02-21,
C33247,Beatriz Bianca Trejo Vela,Persona,Regular,Barranquilla,Colombia,michael19@example.net,2020-04-19,37.0
C33248,José Alexis Barrios Rodríguez,Anónimo,Anónimo,Miami,Estados Unidos,,2021-12-27,
C33249,Ryan Delgado,Persona,Friends Plus,Bilbao,España,oadame@example.org,2022-06-15,37.0
C33250,Cristhian Esneider Escobar,Persona,Regular,Seattle,Estados Unidos,smunoz@example.com,2024-04-02,41.0
C33251,Jesús Olivárez,Persona,Regular, Valencia,España,aitortormo@example.net,2021-07-19,40.0
C33252,Basilio Reyes Boada,Persona,Regular,Madrid,España,arroyodiana@example.net,2020-01-12,41.0
C33253,Larry Nichols,Persona,Friends Plus,San Francisco,Estados Unidos,msierra@example.net,2023-01-12,29.0
C33254,Julio Raúl Morales Martínez,Persona,Friends Plus,Monterrey,México,marco-antoniosaenz@example.com,2020-10-18,24.0
C33255,Milena Mariela Montoya,Persona,Regular,Barranquilla,Colombia,violetajimenez@example.net,2021-04-19,59.0
C33256,Cirino Marín,Persona,Regular,Medellín,Colombia,eric88@example.com,2024-02-11,33.0
C33257,Yulieth Ana Rodríguez Romero,Anónimo,Anónimo,Miami ,Estados Unidos,,2024-07-04,
C33258,Charles Miller,Persona,Friends Plus,Los Ángeles,Estados Unidos,torrenschus@example.net,2022-05-12,41.0
C33259,Patricia Camila Ariza Benítez,Persona,Regular,Austin,Estados Unidos,hgomez@example.org,2020-08-10,51.0
C33260,Jorge Luis Gabino Valladares,Persona,Regular,Nueva York,Estados Unidos,drincon@example.com,2020-10-03,27.0
C33261,Ámbar Figuerola Mulet,Persona,Regular,Guadalajara,México,claraportillo@example.org,2020-11-11,27.0
C33262,Pamela Mora,Persona,Regular,Barranquilla,Colombia,serranopia@example.org,2024-08-30,38.0
C33263,Lopez and Sons,Empresa,Corporativo,Valencia,España,caicedodaniel@mesa.info,2023-01-13,50.0
C33264,Angelita Guillén-Aramburu,Anónimo,Anónimo,Madrid,España,,2022-02-03,
C33265,Matthew Reed,Persona,Regular, Querétaro,México,qiglesia@example.org,2024-10-14,22.0
C33266,Óliver Feliciano,Persona,Regular,Córdoba,Argentina,matthew61@example.net,2021-06-04,38.0
C33267,Brooke Hughes,Persona,Regular,Mérida,México,mperea@example.com,2020-12-09,31.0
C33268,Carlota Marisela Patiño,Persona,Regular,Medellín,Colombia,avalenzuela@example.com,2024-02-13,54.0
C33269,Isabel Zapata Uribe,Persona,Regular,Chicago,Estados Unidos,rvizcaino@example.com,2025-02-03,50.0
C33270,Ángel Dario Carvajal Galvis,Persona,Regular,Austin,Estados Unidos,sabrinafox@example.net,2024-03-28,31.0
C33271,Mauricio Londoño,Persona,Regular,Monterrey,México,alejandraramirez@example.org,2022-02-03,35.0
C33272,Patricio Mariano Segovia Colunga,Persona,Friends Plus,Cordoba,Argentina,fernandarios@example.net,2021-06-06,61.0
C33273,Abel Bernardo Raya Gurule,Persona,Regular,Medellín,Colombia,bibiana89@example.net,2025-04-16,37.0
C33274,Quirino Carnero Prat,Persona,Regular,Chicago,Estados Unidos,christopher94@example.com,2023-04-17,56.0
C33275,Claudia Mares,Persona,Regular,Córdoba,Argentina,christopher44@example.net,2023-01-25,61.0
C33276,Mark Adkins,Anónimo,Anónimo,Sevilla,España,,2020-01-13,
C33277,Carrie Brooks,Persona,Friends Plus, Chicago,Estados Unidos,romeroemilio@example.net,2021-02-06,57.0
C33278,Rogelio Falcón Novoa,Anónimo,Anónimo,Los Ángeles,Estados Unidos,,2020-01-24,
C33279,Dulce Cantero-Lobo,Persona,Regular,Sevilla,España,terebarreda@example.org,2023-03-26,27.0
C33280,Joel Robinson,Persona,Regular,Valencia,España,david45@example.org,2024-10-20,50.0
C33281,María Elena Lara,Anónimo,Anónimo,Valencia,España,,2022-04-28,
C33282,Walter Robinson,Anónimo,Anónimo,Ciudad de México,México,,2021-07-11,
C33283,Víctor Patricio Fuentes,Persona,Regular,Barranquilla,Colombia,manuelmosquera@example.net,2024-03-01,33.0
C33284,Luz López Estrada,Persona,Regular,Madrid,España,iker41@example.org,2022-07-11,42.0
C33285,Eufemia Aramburu Aznar,Anónimo,Anónimo,Miami,Estados Unidos,,2022-06-08,
C33286,Christine Bishop DDS,Persona,Regular,Chicago,Estados Unidos,felipe44@example.com,2021-12-01,18.0
C33287,"Craig, Estes and Christensen",Empresa,Corporativo,Cartagena,Colombia,josejimenez@giraldo.info,2025-05-09,38.0
C33288,Adriana Amalia Pedroza,Persona,Friends Plus, Madrid,España,marinmaria-elena@example.net,2025-04-18,35.0
C33289,Felipe Reynaldo Nájera,Anónimo,Anónimo,Buenos Aires,Argentina,,2022-03-14,
C33290,Javier Buendía Revilla S.L.,Empresa,Corporativo,Chicago,Estados Unidos,uriajuanito@hermanos.com,2024-01-05,47.0
C33291,Esperanza Buitrago Sandoval,Persona,Regular,Miami,Estados Unidos,qfry@example.com,2021-09-15,61.0
C33292,Mitzy Karla Irizarry Moya,Persona,Regular,Boston,Estados Unidos,xpreciado@example.net,2022-10-13,60.0
C33293,Lady Pinto Palacios,Persona,Regular,Austin,Estados Unidos,susana36@example.net,2023-11-14,50.0
C33294,Estefanía Estefanía Villanueva Casillas,Anónimo,Anónimo,Seattle,Estados Unidos,,2023-08-08,
C33295,Hermelinda Ledesma Gurule,Persona,Regular,Valencia,España,teresa69@example.com,2022-03-31,19.0
C33296,Ariadna Carolina Ocampo Saldivar,Persona,Friends Plus,Buenos Aires,Argentina,ramirezsarah@example.com,2025-01-29,26.0
C33297,Adam Green,Persona,Friends Plus,Guadalajara,México,connerdavid@example.com,2022-04-04,48.0
C33298,Hermelinda Yolanda Aguilar Rivas,Anónimo,Anónimo,Bogotá,Colombia,,2024-02-20,
C33299,Kurt Wagner,Persona,Regular,Rosario,Argentina,evita54@example.org,2023-10-13,64.0
C33300,Héctor Aurelio Jiménez Guzmán,Persona,Regular,Monterrey,México,qnicolau@example.net,2021-06-05,43.0
C33301,Ing. Diego Iglesias,Persona,Regular,Nueva York,Estados Unidos,estefaniasolis@example.net,2024-10-23,29.0
C33302,Antonio Ignacio Martínez Jiménez,Persona,Regular,Medellin,Colombia,eliasherrera@example.net,2021-04-16,19.0
C33303,Guillermo Ayala Reyes,Persona,Regular,Cartagena,Colombia,david78@example.org,2022-07-20,43.0
C33304,Aldo Armas,Anónimo,Anónimo,Guadalajara,México,,2020-07-19,
C33305,Matthew Hunt,Persona,Regular,Valencia,España,simoncontreras@example.org,2025-01-28,58.0
C33306,Antonio Guerrero López,Persona,Regular,Buenos Aires,Argentina,judith67@example.org,2022-03-04,24.0
C33307,Andrés Ernesto Cruz Pineda,Persona,Regular,Seattle,Estados Unidos,daniellecarter@example.net,2023-06-16,41.0
C33308,Stacey Nelson,Persona,Regular,Sevilla,España,schroederchristian@example.org,2022-10-28,57.0
C33309,Edier Fabián Zambrano,Anónimo,Anónimo,Querétaro,México,,2025-05-23,
C33310,Rocío Esther Menéndez,Persona,Regular,Miami,Estados Unidos,jose18@example.com,2023-06-08,35.0
C33311,Sra. Cristal Matos,Persona,Regular,Madrid,España,mary24@example.com,2022-05-20,18.0
C33312,Apolonia Sabina Reguera Puig,Persona,Regular,Barranquilla,Colombia,johnsontodd@example.org,2020-11-06,47.0
C33313,Edgar Mauricio González González,Persona,Friends Plus,Bogota,Colombia,elisabet97@example.com,2022-04-23,18.0
C33314,Diana Murillo Fuentes,Anónimo,Anónimo,Valencia,España,,2021-09-30,
C33315,Manolo Tamayo Valbuena,Persona,Regular,Medellín,Colombia,hpina@example.net,2021-04-14,22.0
C33316,Theresa Sanders,Anónimo,Anónimo,Boston,Estados Unidos,,2024-05-22,
C33317,Ulibarri-Gollum,Empresa,Corporativo,Mérida,México,mauriciomontanez@despacho.info,2020-07-01,23.0
C33318,Esther Osorio Salazar,Persona,Regular,Cali,Colombia,bcastro@example.org,2023-06-15,57.0
C33319,Corey Hoover,Anónimo,Anónimo, Miami,Estados Unidos,,2020-03-26,
C33320,"Davis, Sullivan and Berry",Empresa,Corporativo,Valencia,España,richard04@lee-gates.com,2024-02-11,41.0
C33321,Coral Canales Azorin,Persona,Friends Plus,Querétaro,México,rebecamateo@example.org,2025-05-05,35.0
C33322,Vera Adán Valbuena,Persona,Friends Plus,Seattle,Estados Unidos,angela74@example.net,2021-01-22,46.0
C33323,Betty Margarita Zapata Marín,Persona,Regular,Nueva York,Estados Unidos,millermelissa@example.net,2021-09-13,26.0
C33324,Perla Angélica Verduzco,Persona,Regular,Rosario,Argentina,augustovanegas@example.org,2023-05-01,57.0
C33325,Aurelio Regalado Santana,Persona,Regular,BILBAO,España,martinsalcedo@example.net,2020-01-23,60.0
C33326,Maximiliano Agullo Pagès,Persona,Friends Plus,Medellín,Colombia,tsantillan@example.org,2025-02-02,52.0
C33327,Claudio Iván Negrón Hidalgo,Persona,Friends Plus,Boston,Estados Unidos,olgaarias@example.org,2023-08-19,45.0
C33328,Linda Daniels,Persona,Regular,Cali,Colombia,gil95@example.org,2024-12-22,32.0
C33329,Morgan-Parker,Empresa,Corporativo,Mérida,México,cardenasjonas@club.com,2022-04-22,50.0
C33330,Dolores Celia Reynoso Villegas,Persona,Friends Plus,Ciudad de México,México,mateoanabel@example.net,2023-11-07,55.0
C33331,Dr. Armando Chapa,Anónimo,Anónimo,Guadalajara,México,,2021-10-16,
C33332,Ana Sofía de Laguna,Persona,Regular,Rosario,Argentina,esterpalomo@example.net,2021-10-03,29.0
C33333,Megan Williamson,Persona,Regular,Buenos Aires,Argentina,aldonza74@example.org,2020-01-01,55.0
C33334,Aurelia Roig,Persona,Friends Plus,Madrid,España,vallesaldo@example.org,2023-11-29,19.0
C33335,Jairo Mauricio González,Persona,Regular,Barranquilla ,Colombia,leopoldo41@example.com,2022-01-07,49.0
C33336,María Paola Rojas,Persona,Regular,Bogotá,Colombia,josefinagodoy@example.org,2022-10-01,35.0
C33337,Luis Cristian Bravo Solano,Persona,Regular,Medellín,Colombia,cynthialopez@example.com,2020-09-29,32.0
C33338,Bradley Duncan,Persona,Regular,Rosario,Argentina,jean62@example.com,2022-12-03,31.0
C33339,Julio Arredondo López,Persona,Friends Plus,Cartagena,Colombia,fisherjulie@example.net,2024-10-27,50.0
C33340,Gregory Cross,Persona,Regular,Barranquilla,Colombia,encarnacionhervas@example.com,2020-01-10,45.0
C33341,Felipe Parra García,Persona,Regular,Barranquilla,Colombia,kyle41@example.com,2020-11-12,34.0
C33342,Camilo Almaraz Bermúdez,Persona,Friends Plus,Cartagena,Colombia,emontoya@example.org,2023-02-08,36.0
C33343,Robert Davis,Persona,Friends Plus,Bogotá,Colombia,martinbarbera@example.org,2022-08-27,56.0
C33344,Dylan Berger,Persona,Regular,Mérida,México,miguel92@example.net,2025-04-17,52.0
C33345,Jessica Carr,Persona,Regular,San Francisco,Estados Unidos,wilmar31@example.net,2022-09-08,34.0
C33346,América Acedo,Persona,Friends Plus,Barranquilla,Colombia,ingramlisa@example.net,2023-05-28,25.0
C33347,Adrián Luis Ávila Mendoza,Anónimo,Anónimo,Córdoba,Argentina,,2020-03-18,
C33348,Carmen Liseth Rentería Arenas,Anónimo,Anónimo,Bilbao,España,,2022-01-12,
C33349,Angélica Apolonia Batalla Aroca,Persona,Regular,Buenos Aires,Argentina,riojasjose-maria@example.org,2021-06-27,47.0
C33350,Hugo Rufino Casal Jiménez,Anónimo,Anónimo,Barcelona,España,,2020-09-18,
C33351,Manu Batlle,Anónimo,Anónimo,Cali,Colombia,,2020-04-03,
C33352,Severiano Godoy Piñeiro,Persona,Regular,San Francisco,Estados Unidos,bortiz@example.org,2021-01-02,59.0
C33353,Kathy Aguirre,Persona,Regular,Boston,Estados Unidos,cardonaantonio@example.com,2024-10-22,36.0
C33354,Olegario Girón Pazos,Anónimo,Anónimo,Bilbao,España,,2024-08-13,
C33355,Fidel Valenzuela Páez,Persona,Friends Plus,Chicago,Estados Unidos,lucianaasenjo@example.net,2022-06-14,18.0
C33356,Julieth Montoya,Persona,Friends Plus,Medellín,Colombia,bustosaitor@example.com,2020-02-02,30.0
C33357,Rosa Irma Valencia,Anónimo,Anónimo,Rosario,Argentina,,2025-02-08,
C33358,Rocío Michel Parada,Persona,Regular,Cali,Colombia,milena85@example.org,2021-10-30,58.0
C33359,Hernán Morales,Persona,Friends Plus,Chicago,Estados Unidos,srojas@example.org,2021-10-25,21.0
C33360,José de la O,Anónimo,Anónimo,Madrid,España,,2021-09-21,
C33361,Donna Anderson,Persona,Regular,Querétaro,México,stantonlawrence@example.com,2020-04-23,63.0
C33362,Glauco Galan,Persona,Regular,Cali,Colombia,hcarreno@example.org,2023-04-03,37.0
C33363,Luis Barrera,Persona,Regular,Querétaro,México,kcano@example.com,2022-05-03,25.0
C33364,Socorro Francy Cano Cortés,Persona,Regular,Cartagena,Colombia,lucianovalverde@example.org,2023-10-21,38.0
C33365,Vallejo and Sons,Empresa,Corporativo,Bilbao,España,guillermo81@sanchez-quintero.info,2022-01-10,39.0
C33366,Juan Vargas,Persona,Friends Plus,Valencia,España,cosmetorrens@example.net,2020-08-12,39.0
C33367,Mary Levy,Persona,Regular,San Francisco,Estados Unidos,peraltanicolas@example.net,2025-05-06,63.0
C33368,Graham PLC,Empresa,Corporativo,LOS ÁNGELES,Estados Unidos,dennis02@stanton.com,2024-03-17,29.0
C33369,Ana María Pineda Montaño,Persona,Regular,Barranquilla,Colombia,vasquezivan@example.net,2024-01-19,44.0
C33370,Maritza Solano,Persona,Friends Plus,Barranquilla,Colombia,roberthunt@example.org,2021-06-10,32.0
C33371,Lic. Celia Caraballo,Anónimo,Anónimo,Boston,Estados Unidos,,2022-11-19,
C33372,Michael Stewart,Persona,Regular,Los Ángeles,Estados Unidos,garciadolores@example.net,2020-06-06,41.0
C33373,Rojas and Sons,Empresa,Corporativo,SAN FRANCISCO,Estados Unidos,edgar68@sanchez-paz.com,2023-12-26,38.0
C33374,Club Concepción y Méndez,Empresa,Corporativo,Madrid,España,alegreamancio@pascual.com,2025-04-02,36.0
C33375,Ashley Berry,Persona,Regular,Bilbao,España,albaviana@example.org,2024-03-10,56.0
C33376,Lic. Augusto Ulibarri,Persona,Regular,Cali,Colombia,ahernandez@example.net,2022-04-10,34.0
C33377,Hilda Aznar,Anónimo,Anónimo,Austin,Estados Unidos,,2023-03-12,
C33378,Julio César Laureano,Persona,Regular,Austin,Estados Unidos,del-riosusana@example.net,2024-02-04,23.0
C33379,"Moore, Williams and Johnson",Empresa,Corporativo,Barranquilla,Colombia,nedwards@fowler.com,2022-09-01,25.0
C33380,Ana Belén Julie Ferrera Clemente,Anónimo,Anónimo,San Francisco,Estados Unidos,,2023-06-09,
C33381,Omar Pérez Malave,Persona,Regular,Guadalajara,México,velazquezjose-emilio@example.net,2025-02-08,41.0
C33382,Amelia Paredes,Persona,Friends Plus, Nueva York,Estados Unidos,victoria87@example.org,2022-08-13,52.0
C33383,Iván Montalvo,Anónimo,Anónimo,Cartagena,Colombia,,2020-04-02,
C33384,Horacio Peña Álvaro,Anónimo,Anónimo,Buenos Aires,Argentina,,2025-05-03,
C33385,"Ballesteros, Santacruz y Irizarry",Empresa,Corporativo,Valencia,España,william30@edwards.com,2022-08-20,55.0
C33386,Adriana Lorena Ortiz Márquez,Anónimo,Anónimo,Cancún,México,,2020-11-11,
C33387,Dario Pineda Martínez,Persona,Regular,Buenos Aires,Argentina,jtovar@example.net,2025-02-16,18.0
C33388,Patricia Hicks,Anónimo,Anónimo,Medellín,Colombia,,2024-04-01,
C33389,David Padilla,Persona,Regular,Cancún,México,kkim@example.com,2021-06-23,26.0
C33390,Hannah Baker,Persona,Regular,Guadalajara,México,hugocintron@example.com,2021-02-27,21.0
C33391,Marcio Buendía-Cueto,Persona,Regular,Valencia,España,mariagutierrez@example.com,2021-02-21,21.0
C33392,Long-Villa,Empresa,Corporativo,Querétaro ,México,christophermcguire@meyer.com,2023-10-18,60.0
C33393,Francisca Isabela Ponce Soto,Persona,Regular,Miami,Estados Unidos,atilio22@example.com,2021-06-05,25.0
C33394,Antonio Oller Gonzalez,Persona,Friends Plus,Cancún,México,cifuentesrocio@example.com,2023-07-27,21.0
C33395,Macarena Sarabia Romeu,Persona,Friends Plus,Seattle,Estados Unidos,nloaiza@example.com,2021-09-28,37.0
C33396,Manuel Rodolfo Barela,Persona,Regular,Rosario,Argentina,angelagonzalez@example.org,2020-02-09,19.0
C33397,César Aurelio Domínguez,Persona,Regular,Chicago,Estados Unidos,dianaarango@example.com,2024-08-03,44.0
C33398,David Ríos Arribas,Persona,Regular,Nueva York,Estados Unidos,crespoolga@example.com,2020-10-02,44.0
C33399,Wilder Ángel Gómez Torres,Persona,Regular,Bogotá,Colombia,michaelcollier@example.com,2023-12-03,61.0
C33400,Ian Romero,Persona,Regular,Mérida,México,cristian66@example.net,2024-07-21,49.0
C33401,Denise Moore,Anónimo,Anónimo,Los Ángeles,Estados Unidos,,2020-11-01,
C33402,Asunción Pomares Fuertes,Persona,Regular,Barcelona,España,awong@example.com,2024-12-28,32.0
C33403,Teresa Guerra Navarrete,Persona,Regular,Nueva York,Estados Unidos,rufinoexposito@example.org,2023-10-31,55.0
C33404,Esther Romero Moreno,Persona,Regular,Medellín,Colombia,lbedoya@example.org,2023-05-27,43.0
C33405,Ivonne Alcaraz,Persona,Regular,Sevilla,España,lauren18@example.net,2023-02-19,47.0
C33406,Dra. Lucía Laboy,Persona,Regular,San Francisco,Estados Unidos,milenagallego@example.com,2024-06-27,49.0
C33407,Orlando Alonso Jiménez Montenegro,Persona,Regular,Buenos Aires,Argentina,mabel93@example.org,2023-01-19,26.0
C33408,Tania Palacio Pelayo,Anónimo,Anónimo,Bogotá,Colombia,,2020-05-15,
C33409,Armando León Toro,Anónimo,Anónimo,Austin,Estados Unidos,,2024-12-25,
C33410,Merino-Quiñones,Empresa,Corporativo, Los Ángeles,Estados Unidos,molinajose@salazar.com,2020-09-18,23.0
C33411,Miriam Cornejo Sauceda,Persona,Regular,Seattle,Estados Unidos,renecalvillo@example.net,2020-04-10,49.0
C33412,Rodrigo Ardila García,Persona,Friends Plus,Medellín,Colombia,gaspar02@example.com,2021-12-13,47.0
C33413,Ignacio Marco Antonio Jiménez,Persona,Regular,Bogotá,Colombia,ogoni@example.org,2022-11-21,41.0
C33414,Salma Carolina Castro,Persona,Regular,Los Ángeles,Estados Unidos,elviabeltran@example.net,2022-06-06,54.0
C33415,Srita. Florencia Benítez,Anónimo,Anónimo,Los Ángeles,Estados Unidos,,2024-01-19,
C33416,Adelardo Tena Prieto,Anónimo,Anónimo,Seattle,Estados Unidos,,2023-08-29,
C33417,Sofía Durán Salas,Persona,Regular,Medellín,Colombia,rmurillo@example.org,2020-05-14,30.0
C33418,María Elena Ana María Urías Melgar,Anónimo,Anónimo,Medellín,Colombia,,2024-07-29,
C33419,Brown Inc,Empresa,Corporativo,Bilbao,España,ballardtammie@hunter.com,2020-09-21,36.0
C33420,Venegas e Hijos,Empresa,Corporativo, Guadalajara,México,marina07@bejarano.com,2023-11-29,51.0
C33421,Oswaldo Pérez,Persona,Regular,Cartagena,Colombia,fredy24@example.org,2023-01-14,62.0
C33422,Olga Esther Ávalos,Persona,Friends Plus,Boston,Estados Unidos,giljose@example.org,2023-03-28,29.0
C33423,Celia Véliz,Anónimo,Anónimo,Córdoba,Argentina,,2022-08-16,
C33424,Concepción Judith Rojo López,Persona,Regular,Valencia,España,ojedaelias@example.net,2022-08-12,35.0
C33425,Soluciones Goñi S.Coop.,Empresa,Corporativo,Austin,Estados Unidos,zacarias13@grupo.info,2023-08-18,26.0
C33426,Ortega S.A.,Empresa,Corporativo,Austin,Estados Unidos,hgibson@newton.com,2023-03-21,57.0
C33427,Asunción Suarez Abad S.L.L.,Empresa,Corporativo,Austin,Estados Unidos,lopezesteban@melo.org,2024-03-12,50.0
C33428,María Gallego Rodríguez,Persona,Regular,Los Ángeles,Estados Unidos,ivan38@example.org,2024-08-21,33.0
C33429,Carlota Mondragón Munguía,Persona,Friends Plus,Monterrey,México,zzimmerman@example.org,2024-10-23,64.0
C33430,Federico Carlos Sauceda Cavazos,Anónimo,Anónimo,QUERÉTARO,México,,2021-04-06,
C33431,Anthony Smith,Persona,Regular,Cali,Colombia,kcruz@example.net,2021-03-03,35.0
C33432,Alondra del Bermudez,Persona,Friends Plus,Buenos Aires,Argentina,castroalejandro@example.com,2022-08-11,36.0
C33433,Melissa Reed,Persona,Regular,Boston,Estados Unidos,nrico@example.org,2020-02-04,24.0
C33434,Wyatt Jackson,Persona,Regular,Boston,Estados Unidos,karlabaca@example.com,2021-09-21,53.0
C33435,Atilio Carro Rocha,Persona,Regular,Ciudad de México,México,xrestrepo@example.com,2023-10-11,40.0
C33436,Paulina Quintana Polanco,Persona,Regular,Monterrey,México,ana70@example.org,2021-01-15,47.0
C33437,Marta Salud Izaguirre Cerro,Persona,Regular,Madrid,España,laboyabraham@example.org,2021-05-22,39.0
C33438,Dr. Jake Martinez DDS,Anónimo,Anónimo,Querétaro ,México,,2022-07-29,
C33439,Esther María Cardenas Mateo,Persona,Regular,Bilbao,España,bjimenez@example.net,2024-10-19,31.0
C33440,Anita Sabater Bas,Anónimo,Anónimo,Bilbao,España,,2023-07-12,
C33441,Manolo Ponce,Anónimo,Anónimo,Sevilla,España,,2023-07-16,
C33442,Fito de Canet,Persona,Regular,Mendoza,Argentina,haley72@example.org,2020-10-31,25.0
C33443,Barbara Gillespie,Persona,Friends Plus,Chicago,Estados Unidos,olivoagustin@example.org,2020-07-02,18.0
C33444,Williams-Watkins,Empresa,Corporativo,Barranquilla,Colombia,vanessasmith@cooper.net,2024-06-20,52.0
C33445,Barry Sullivan,Anónimo,Anónimo,Boston,Estados Unidos,,2023-02-13,
C33446,Irene Teresa Jiménez,Anónimo,Anónimo,Mérida,México,,2023-06-10,
C33447,María José Sandoval,Persona,Regular,Madrid,España,carrillojose@example.net,2022-11-03,64.0
C33448,Claudia Fuentes Grijalva,Anónimo,Anónimo,Barcelona,España,,2023-02-11,
C33449,David Barnes,Persona,Regular,Valencia,España,jessica62@example.net,2024-03-22,49.0
C33450,Dra. Georgina Puga,Anónimo,Anónimo,Madrid,España,,2021-09-08,
C33451,Alberto Daniel Duarte Fernández,Persona,Regular,San Francisco,Estados Unidos,ingridpinol@example.net,2022-09-18,22.0
C33452,Benito Iglesias Matas,Persona,Friends Plus,Seattle,Estados Unidos,antonio99@example.net,2025-03-12,36.0
C33453,Bibiana Genoveva Polo Serna,Persona,Regular,Córdoba,Argentina,losadacosme@example.org,2024-01-17,39.0
C33454,Ligia Castejón Maza,Persona,Friends Plus,Boston,Estados Unidos,eva53@example.net,2024-12-20,49.0
C33455,Fernando Marlon Rivas Franco,Anónimo,Anónimo,Chicago ,Estados Unidos,,2023-07-05,
C33456,Amaya Bastida Valenzuela,Persona,Friends Plus,Bilbao,España,ernesto54@example.org,2021-08-12,62.0
C33457,Jordan Vazquez,Persona,Regular,Los Ángeles,Estados Unidos,maria-del-carmenborrell@example.com,2020-07-25,61.0
C33458,Joaquín de la Crúz,Anónimo,Anónimo,Cancún,México,,2020-09-01,
C33459,Lic. Iván Salcido,Persona,Regular,Querétaro,México,kristine60@example.net,2023-10-12,38.0
C33460,Carla del Sancho,Persona,Regular,Cartagena,Colombia,aurora90@example.org,2021-11-12,57.0
C33461,Michael Lamb,Persona,Regular,Monterrey,México,carrionaida@example.com,2021-06-17,44.0
C33462,Shawn Green,Persona,Regular,Ciudad de México,México,tomasmarcial@example.org,2022-02-07,34.0
C33463,Ana Belén Barral Arteaga,Anónimo,Anónimo,Mérida,México,,2022-10-22,
C33464,Logística Guitart & Asociados S.L.L.,Empresa,Corporativo,Medellín,Colombia,aleida27@martinez-castano.com,2022-06-13,59.0
C33465,Rodríguez-Castillo,Empresa,Corporativo,Madrid,España,ana-belen33@luque.com,2022-08-21,23.0
C33466,Juan Carlos Agudelo,Persona,Friends Plus,Chicago,Estados Unidos,faguirre@example.org,2024-05-05,33.0
C33467,José Pablo Quintero Sepúlveda,Anónimo,Anónimo,Nueva York,Estados Unidos,,2023-11-04,
C33468,Sonia Castañeda,Persona,Regular,Cancún,México,felipemontero@example.net,2022-09-18,30.0
C33469,Ana Suárez,Persona,Regular,Austin,Estados Unidos,valleoliver@example.com,2022-08-08,58.0
C33470,Nicole Elliott,Persona,Regular,Los Ángeles ,Estados Unidos,crystalwilson@example.org,2020-03-27,45.0
C33471,Alexandra González Medina,Persona,Regular,Mérida,México,johnstephens@example.net,2024-06-28,27.0
C33472,Shelby Bates,Anónimo,Anónimo,Querétaro,México,,2023-11-17,
C33473,Norma Vela,Persona,Regular,Bilbao,España,violeta73@example.com,2020-04-27,38.0
C33474,Nicholas Campbell,Persona,Regular,Boston,Estados Unidos,kathryn90@example.org,2023-03-07,20.0
C33475,Libia Calderón,Persona,Regular,San Francisco,Estados Unidos,rodriguezcecilia@example.net,2023-12-15,37.0
C33476,Reginald Johnson,Persona,Regular, Querétaro,México,estela90@example.net,2024-03-31,51.0
C33477,Orlando Cuéllar Aguirre,Persona,Regular,Bogotá,Colombia,tijerinaanel@example.net,2025-02-12,58.0
C33478,Bonilla and Sons,Empresa,Corporativo,Nueva York ,Estados Unidos,charlene88@mejia.info,2022-07-14,32.0
C33479,Griselda de Alsina,Persona,Friends Plus,Buenos Aires,Argentina,armengoladela@example.org,2021-01-22,63.0
C33480,Sra. Amalia Bétancourt,Persona,Friends Plus,Nueva York,Estados Unidos,eloisagallardo@example.com,2024-01-31,30.0
C33481,Beatriz Machado Lobo,Persona,Regular,Cancún,México,nereida38@example.net,2024-07-14,57.0
C33482,Alberto Sergio Figueroa,Persona,Regular,Austin,Estados Unidos,paz76@example.org,2022-09-24,60.0
C33483,Kristina Patrick,Persona,Regular,Valencia,España,glauco89@example.org,2021-06-11,24.0
C33484,Jennifer Kelly,Persona,Regular,Austin,Estados Unidos,caridad07@example.org,2024-04-15,27.0
C33485,Reyes Toro,Persona,Regular,Cancún,México,abelcolunga@example.net,2020-10-09,36.0
C33486,Irene Villegas Chacón,Persona,Friends Plus,Los Ángeles,Estados Unidos,adriana95@example.com,2020-12-23,35.0
C33487,Sandra Ruth Murillo Pineda,Persona,Regular,Rosario,Argentina,camiloleal@example.com,2024-09-09,55.0
C33488,Selena Cifuentes Villanueva,Persona,Regular, Sevilla,España,englishjesus@example.net,2023-09-26,22.0
C33489,Keith Hall,Persona,Regular,Nueva York ,Estados Unidos,lovatomitzy@example.org,2024-04-30,52.0
C33490,Gastón Villa Botella,Persona,Regular,Austin,Estados Unidos,molesesteban@example.com,2022-02-16,61.0
C33491,Kimberly Peck,Persona,Regular,Buenos Aires,Argentina,angela54@example.com,2022-08-21,33.0
C33492,Jill Walker,Persona,Regular, Miami,Estados Unidos,rocio93@example.net,2021-02-26,53.0
C33493,Rosa Tamayo Rodríguez,Persona,Regular,Los Ángeles,Estados Unidos,wbailey@example.com,2020-09-07,60.0
C33494,Osvaldo Óscar Gómez Pinto,Persona,Friends Plus,Querétaro,México,blanca48@example.com,2020-05-02,39.0
C33495,Steven Castro Murcia,Persona,Regular,Seattle,Estados Unidos,paredesangelina@example.net,2020-02-01,25.0
C33496,Christine Rice,Anónimo,Anónimo,Cali,Colombia,,2023-01-04,
C33497,Aitana Pablo Solsona,Persona,Regular,Mérida,México,lisbethzapata@example.org,2023-11-11,64.0
C33498,Christina White,Persona,Friends Plus,Bogotá ,Colombia,theresa54@example.org,2023-04-24,19.0
C33499,Cárdenas and Sons,Empresa,Corporativo,Miami,Estados Unidos,martinezdeborah@moreno-duncan.com,2024-12-21,28.0
C33500,Alma Luisa Lara Martínez,Persona,Friends Plus,Querétaro,México,zsilva@example.org,2020-09-18,20.0
C33501,Eliseo del Benet,Persona,Friends Plus,Mendoza,Argentina,tmartinez@example.com,2024-11-18,29.0
C33502,Eustaquio Francisco Guerra,Persona,Regular,Los Ángeles,Estados Unidos,carrilloagapito@example.org,2023-07-28,21.0
C33503,Elvira Aurora Arriaga,Persona,Friends Plus,Córdoba,Argentina,qbarraza@example.org,2020-03-23,19.0
C33504,Bethany Anthony,Persona,Regular,Buenos Aires,Argentina,ernestotudela@example.com,2022-06-02,45.0
C33505,Nicolasa Luján Álamo S.Coop.,Empresa,Corporativo,Madrid,España,yvillareal@despacho.com,2020-10-12,24.0
C33506,Ing. Mariana Treviño,Persona,Regular,Cali,Colombia,cristobalrico@example.org,2024-08-10,28.0
C33507,Fernanda Alejandra Correa,Persona,Regular, Los Ángeles,Estados Unidos,marthacolon@example.com,2023-02-07,49.0
C33508,Cynthia Parra Monroy,Persona,Regular,Mérida,México,fpascual@example.org,2021-09-26,60.0
C33509,Courtney Morris,Persona,Friends Plus,Sevilla,España,juanvanegas@example.org,2022-08-14,55.0
C33510,Juan Germán Valenzuela,Anónimo,Anónimo, Ciudad de México,México,,2022-02-22,
C33511,"Garrison, Pham and Jensen",Empresa,Corporativo,Medellín,Colombia,falejandro@chavarria-guzman.com,2024-03-06,54.0
C33512,David Yair Barrios,Persona,Friends Plus,Seattle,Estados Unidos,samuelprieto@example.net,2024-10-17,25.0
C33513,Magdalena Sandra Madrigal,Persona,Regular,Monterrey,México,tejedaoswaldo@example.org,2024-08-24,39.0
C33514,Esther Caro Aguirre,Persona,Regular,Miami,Estados Unidos,davidjimenez@example.org,2025-01-14,59.0
C33515,Glenn Koch,Persona,Regular,Cartagena,Colombia,milenaramirez@example.net,2023-05-25,29.0
C33516,Ofelia Beatriz Pelayo Rosales,Persona,Regular,Mendoza,Argentina,thomaswalls@example.net,2020-01-03,55.0
C33517,Jhoan Stiven Quintero,Persona,Regular,Barranquilla,Colombia,gervasiomoya@example.net,2020-05-29,60.0
C33518,Mary Karen Velasco Guzmán,Persona,Regular,Ciudad de México,México,haynesgina@example.net,2020-08-17,40.0
C33519,Luisa Tomé Gabaldón,Anónimo,Anónimo,Ciudad de México,México,,2025-04-02,
C33520,Alejandra Daniela Leal,Persona,Friends Plus, Mendoza,Argentina,martha25@example.org,2023-04-15,54.0
C33521,Lic. Marisol Ceballos,Persona,Regular,Bogotá,Colombia,florencio00@example.com,2024-04-13,33.0
C33522,Stephen Mahoney,Persona,Regular,Mérida,México,tporta@example.com,2023-05-22,32.0
C33523,Leocadia Fátima Gargallo Jordá,Persona,Regular,San Francisco,Estados Unidos,walkereric@example.net,2021-11-30,31.0
C33524,Yamile Carmen García Guzmán,Persona,Regular,Ciudad de México,México,ealvarez@example.org,2024-01-22,24.0
C33525,Sr. Mauro Colón,Anónimo,Anónimo,Bilbao,España,,2023-03-08,
C33526,Dario Castaño Sierra,Persona,Friends Plus,Cali ,Colombia,brooksdillon@example.com,2021-05-20,46.0
C33527,José Manuél Archuleta,Anónimo,Anónimo, Mendoza,Argentina,,2023-08-16,
C33528,Noemí Poza Ramis,Persona,Regular,Bilbao,España,hernandezdavid@example.org,2021-07-19,28.0
C33529,Christina Ortiz,Persona,Regular,Cartagena,Colombia,francopedro@example.org,2025-04-03,42.0
C33530,Juan Omar Peña,Anónimo,Anónimo,San Francisco ,Estados Unidos,,2023-06-22,
C33531,Evangelina Falcó Montaña,Persona,Regular,Madrid,España,afuentes@example.net,2023-04-11,50.0
C33532,Becky Holland,Persona,Regular,Ciudad de México,México,dalton28@example.net,2021-03-28,46.0
C33533,Sra. Conchita Palacios,Persona,Regular,Rosario,Argentina,carroglauco@example.net,2020-12-05,18.0
C33534,Ruiz Ltd,Empresa,Corporativo,Ciudad de México ,México,tracy85@king-knight.com,2022-03-28,37.0
C33535,Norberto Barreto Zambrano,Persona,Regular,Valencia,España,brian91@example.org,2024-09-03,62.0
C33536,Jovita Segovia Hierro S.A.,Empresa,Corporativo,Bilbao,España,rufinovelazquez@despacho.com,2022-08-24,32.0
C33537,Luis Jesús Arias Escobar,Persona,Regular,Austin,Estados Unidos,maria-teresaalejandro@example.com,2020-01-18,54.0
C33538,Luz Álvarez Bedoya,Persona,Regular,Bogotá,Colombia,mitzy78@example.org,2024-07-13,59.0
C33539,Ariadna Carolina Jimínez,Persona,Regular,Barranquilla,Colombia,molinamireya@example.net,2022-07-05,43.0
C33540,Raimundo Pomares Bou,Persona,Regular,Medellín,Colombia,elvira99@example.org,2023-04-30,39.0
C33541,Edu Rovira Enríquez,Anónimo,Anónimo,Ciudad de México,México,,2024-06-08,
C33542,Judith Beatriz Saiz,Anónimo,Anónimo,Buenos Aires,Argentina,,2024-02-06,
C33543,David Gutiérrez Gutiérrez,Anónimo,Anónimo,Rosario,Argentina,,2023-07-12,
C33544,Lori Payne,Anónimo,Anónimo,Cartagena,Colombia,,2024-02-07,
C33545,Maximino Nando Ayala Ripoll,Persona,Regular,Monterrey,México,ferreroestela@example.org,2023-01-09,51.0
C33546,Esther Meléndez Hernando,Anónimo,Anónimo,Rosario,Argentina,,2023-09-03,
C33547,Maura Segura Garcia,Persona,Regular,Sevilla,España,aguadosonia@example.net,2025-04-15,63.0
C33548,Wilfredo Rosales Miranda,Persona,Friends Plus,Monterrey,México,fabriciobou@example.org,2024-02-26,32.0
C33549,Vanessa Juana Guerrero Oviedo,Persona,Regular,Ciudad de México,México,franciscalebron@example.net,2022-11-01,22.0
C33550,Maura Abril-Huguet,Anónimo,Anónimo,Monterrey,México,,2021-04-10,
C33551,Jamie Henry,Persona,Regular,Monterrey,México,moniquebrooks@example.net,2020-09-02,49.0
C33552,Melchor Donato Zamora Benet,Persona,Regular,Cali,Colombia,debra45@example.org,2020-10-13,44.0
C33553,Hotel Castellana S.L.,Empresa,Corporativo,Córdoba,Argentina,arreguiazucena@acero.es,2022-07-04,33.0
C33554,Amy Ritter,Persona,Regular,Sevilla,España,david61@example.org,2020-01-06,45.0
C33555,Martin Victorino Blazquez Benavides,Persona,Regular,Miami,Estados Unidos,jill64@example.org,2023-02-13,62.0
C33556,Teodosio Quirós Caparrós,Persona,Friends Plus,Seattle,Estados Unidos,augustoaguilar@example.com,2022-02-14,43.0
C33557,Óliver Heredia Sevilla,Persona,Regular,Valencia,España,currofont@example.net,2024-10-27,21.0
C33558,Bonnie Bishop,Persona,Regular,Bogotá,Colombia,stacygonzalez@example.com,2022-10-09,49.0
C33559,Ximena Peñalver Mendizábal,Persona,Regular,Cali,Colombia,diazmaria@example.net,2024-11-19,44.0
C33560,Estela Lugo Rojas,Persona,Regular,Nueva York,Estados Unidos,sfranco@example.org,2021-02-21,33.0
C33561,Medrano y Chavarría A.C.,Empresa,Corporativo,Córdoba,Argentina,peralalejandra@salome.com,2023-12-02,33.0
C33562,Laura Merino Ferrer,Persona,Friends Plus,Cali,Colombia,arredondoporfirio@example.com,2023-08-26,38.0
C33563,Kimberly Anderson,Persona,Regular,Nueva York,Estados Unidos,qgarrett@example.org,2023-08-19,58.0
C33564,Susana Anel Trejo,Persona,Regular,Barranquilla,Colombia,mduran@example.com,2024-11-17,49.0
C33565,Juan Manuel Molina,Persona,Regular,Buenos Aires,Argentina,qgonzalez@example.net,2021-04-17,48.0
C33566,Karla Mesa,Persona,Regular,Madrid,España,stella70@example.org,2021-04-06,54.0
C33567,Gustavo Jhon Monroy,Persona,Friends Plus,Boston,Estados Unidos,dariozapata@example.com,2024-03-03,50.0
C33568,Lic. Ramón Esquibel,Persona,Regular,Chicago,Estados Unidos,ynino@example.org,2021-10-24,51.0
C33569,William Lopez,Persona,Regular,Madrid,España,maria03@example.net,2020-03-05,48.0
C33570,Consultoría Alvarez S.A.T.,Empresa,Corporativo,Bogotá,Colombia,dvelasquez@morales.biz,2024-10-21,48.0
C33571,Segismundo Adadia Lucena,Persona,Regular,Querétaro,México,padillajuan@example.com,2021-04-06,34.0
C33572,Carmen Prieto Rojas,Persona,Friends Plus,Austin,Estados Unidos,edgar58@example.org,2023-10-04,39.0
C33573,Fernando Acuña Moreno,Persona,Regular,San Francisco,Estados Unidos,gvasquez@example.com,2022-02-27,47.0
C33574,Aurora Rivas,Persona,Friends Plus, Medellín,Colombia,ysanchez@example.com,2022-12-29,44.0
C33575,Humberto Luis Mosquera,Persona,Friends Plus,Rosario,Argentina,doralopez@example.org,2024-12-19,35.0
C33576,Paulina Mascareñas,Persona,Friends Plus,Cartagena,Colombia,andreamontoya@example.org,2023-06-04,52.0
C33577,Eduardo Gómez,Persona,Friends Plus,Valencia,España,ypena@example.com,2021-02-01,40.0
C33578,Mayte Orellana,Anónimo,Anónimo,San Francisco,Estados Unidos,,2023-12-29,
C33579,Morán y Valle S.Coop.,Empresa,Corporativo,Querétaro ,México,vicente67@carbajal.net,2020-09-12,19.0
C33580,Alfredo Héctor Samaniego,Persona,Regular,Barcelona,España,esutton@example.org,2023-09-03,45.0
C33581,Barrios-Lugo,Empresa,Corporativo,CANCÚN,México,vsmith@taylor-morgan.com,2024-09-30,43.0
C33582,Yésica Francisco Zapata,Anónimo,Anónimo,Boston,Estados Unidos,,2023-12-14,
C33583,Dra. Micaela Pabón,Anónimo,Anónimo,Los Ángeles,Estados Unidos,,2025-04-08,
C33584,Samantha Griffin,Anónimo,Anónimo,Los Ángeles,Estados Unidos,,2023-03-29,
C33585,Elias Jorge Luis Alvarez,Persona,Regular,Austin,Estados Unidos,cristiansabater@example.net,2021-03-25,35.0
C33586,Dario Andrés Gallego,Persona,Regular,Valencia,España,wmartinez@example.org,2022-11-04,33.0
C33587,Allen LLC,Empresa,Corporativo,CARTAGENA,Colombia,wisewilliam@reyes.com,2023-01-22,62.0
C33588,Bernardino Gordillo Bonet,Anónimo,Anónimo,Guadalajara,México,,2020-03-25,
C33589,Donald Shelton,Persona,Regular,Medellín,Colombia,penasestela@example.com,2021-05-30,56.0
C33590,Gladis Lady Cuéllar,Persona,Regular,Los Ángeles,Estados Unidos,ryan17@example.net,2023-08-02,30.0
C33591,Poncio Sanjuan-Zapata,Persona,Regular,San Francisco,Estados Unidos,youngkathleen@example.org,2024-02-19,59.0
C33592,León Diéguez,Persona,Friends Plus,Cancún,México,cristianacevedo@example.org,2022-09-02,42.0
C33593,Mauricio Echeverría Paz,Persona,Friends Plus,BILBAO,España,rsuarez@example.net,2022-05-19,55.0
C33594,Martin Osborn,Persona,Friends Plus,Miami,Estados Unidos,emilse29@example.net,2023-08-08,52.0
C33595,Sebastián Ardila Escobar,Anónimo,Anónimo,Barcelona,España,,2025-03-21,
C33596,Sra. Nelly Amador,Persona,Regular,Bogotá,Colombia,espinosasalomon@example.com,2021-01-16,61.0
C33597,Imelda de Nadal,Anónimo,Anónimo,Cancún,México,,2021-12-02,
C33598,Pili de Pellicer,Persona,Regular,Cartagena,Colombia,valerie54@example.com,2021-08-31,24.0
C33599,Arley Martínez Orozco,Persona,Regular,Cali,Colombia,gamblejoe@example.com,2020-04-16,24.0
C33600,Natalia Karina Morales Rodrígez,Persona,Friends Plus,Barcelona,España,olimpiapi@example.net,2020-05-12,53.0
C33601,Benito Roldán,Anónimo,Anónimo,Rosario,Argentina,,2023-03-25,
C33602,Salvador Miguel Zapata Cintrón,Persona,Friends Plus,Barcelona,España,camila39@example.com,2022-03-22,39.0
C33603,Mark Wright,Persona,Regular,Cancún,México,qdiaz@example.net,2024-07-23,43.0
C33604,Perez-Horton,Empresa,Corporativo,Guadalajara,México,valeria91@arenas.com,2020-08-07,27.0
C33605,Omar Quiñones Mercado,Persona,Regular,Madrid,España,ortaivan@example.org,2024-08-24,23.0
C33606,María González,Persona,Regular,Buenos Aires,Argentina,webstermitchell@example.com,2024-04-23,34.0
C33607,Mauricio Sánchez,Persona,Regular,Seattle,Estados Unidos,stephaniequinn@example.com,2023-05-13,29.0
C33608,Ana Tamayo,Persona,Regular,Guadalajara,México,lina01@example.org,2022-04-24,56.0
C33609,White-Bolton,Empresa,Corporativo,Mendoza,Argentina,martinberto@valderrama.es,2020-12-30,18.0
C33610,Arsenio Pons Sedano,Persona,Regular,Barcelona,España,iespinal@example.org,2020-06-07,43.0
C33611,Milena Alfonso Rivas,Persona,Regular,Mérida,México,kjohnson@example.com,2023-03-31,53.0
C33612,Zachary West,Anónimo,Anónimo,Barcelona,España,,2020-11-07,
C33613,Leticia Salma Arredondo,Persona,Regular,Mendoza ,Argentina,maria-joseduran@example.net,2021-07-13,43.0
C33614,Juliana Luisa Hernández,Persona,Regular,Cancún,México,mitchelldylan@example.org,2024-03-01,28.0
C33615,María Belén Alcalá Mateos,Persona,Regular,Chicago,Estados Unidos,anita04@example.com,2022-10-02,63.0
C33616,Daniel Danny Cruz,Persona,Friends Plus,Austin,Estados Unidos,marcos12@example.net,2023-07-05,64.0
C33617,Abril Lourdes Cruz,Persona,Friends Plus,Bilbao,España,phamvanessa@example.com,2022-07-08,55.0
C33618,Eric Ray,Persona,Friends Plus,Queretaro,México,seve86@example.com,2024-05-26,20.0
C33619,Nayeli Rosalia Mena,Anónimo,Anónimo,Mendoza,Argentina,,2021-05-18,
C33620,Benito Sierra,Persona,Friends Plus,Rosario ,Argentina,zsmith@example.com,2021-07-13,22.0
C33621,Marcus Ramsey,Persona,Regular,Rosario,Argentina,rodriguezluz@example.org,2024-07-27,53.0
C33622,Lucía Máxima Barberá Sanmartín,Persona,Regular,Austin,Estados Unidos,zmurray@example.org,2023-12-14,43.0
C33623,Dr. Rolando Cornejo,Persona,Regular,Cartagena,Colombia,hurtadorafael@example.org,2022-08-20,33.0
C33624,Maxi Araceli Cárdenas Blasco,Persona,Friends Plus,Seattle,Estados Unidos,matthew13@example.com,2022-05-06,20.0
C33625,Angie Harris,Persona,Regular,Bogotá,Colombia,john23@example.org,2025-03-28,51.0
C33626,Abel Abellán Echeverría,Persona,Regular,Madrid,España,avilla@example.com,2021-01-26,20.0
C33627,Blas Gras Gargallo,Anónimo,Anónimo,Madrid,España,,2024-11-04,
C33628,"Parrish, Jackson and Smith",Empresa,Corporativo,Boston,Estados Unidos,acostamaria-del-carmen@ordonez-morales.biz,2021-07-13,57.0
C33629,Taylor Ponce,Persona,Regular,Cali,Colombia,vrovira@example.com,2021-11-30,57.0
C33630,Rocío Oviedo,Anónimo,Anónimo,Barcelona,España,,2025-03-23,
C33631,Srita. Dulce Pelayo,Persona,Regular,Bilbao,España,daniel37@example.org,2021-01-08,54.0
C33632,Patricia Leydi Díaz Calderón,Persona,Regular,Mérida,México,garciaandres@example.com,2021-08-29,36.0
C33633,Alejandro Dillon,Persona,Regular,Mérida,México,kcampos@example.com,2022-10-05,45.0
C33634,Juan Carvajal,Persona,Friends Plus,Guadalajara,México,rubenalcolea@example.com,2021-08-22,22.0
C33635,Michael Dougherty,Anónimo,Anónimo,Boston,Estados Unidos,,2021-09-06,
C33636,Melissa Byrd,Persona,Regular,Cancún,México,hescobar@example.net,2021-11-09,23.0
C33637,"Wilson, Lambert and Williams",Empresa,Corporativo,Cancún,México,yhall@taylor.net,2023-05-12,59.0
C33638,Luis César Ortiz,Persona,Regular,Boston,Estados Unidos,wroa@example.net,2020-06-25,18.0
C33639,Verónica Menchaca,Anónimo,Anónimo,Mérida,México,,2020-10-04,
C33640,Jay Collins,Anónimo,Anónimo,Sevilla,España,,2020-03-27,
C33641,Daniel Pérez Pérez,Persona,Regular,Cali,Colombia,baileywest@example.net,2020-07-24,52.0
C33642,Srita. Sofía Vanegas,Persona,Friends Plus,Nueva York,Estados Unidos,fgomez@example.org,2022-06-06,47.0
C33643,Iván Botella-Exposito,Persona,Regular,Cali,Colombia,jhoancruz@example.com,2022-09-16,43.0
C33644,Dra. Araceli Ledesma,Persona,Friends Plus,San Francisco,Estados Unidos,aurelianovalle@example.net,2022-01-11,22.0
C33645,Cristina Lorenzo Huerta,Anónimo,Anónimo,Cali,Colombia,,2024-09-15,
C33646,Michael Mckenzie,Persona,Regular,Chicago,Estados Unidos,wbarajas@example.org,2023-05-22,30.0
C33647,Jason Morgan,Persona,Regular,Cancún,México,anahoyos@example.org,2020-05-07,46.0
C33648,María Fanny Ramírez Cerón,Anónimo,Anónimo,Querétaro,México,,2022-11-13,
C33649,Bethany Le,Persona,Friends Plus,Cancún,México,leonardomeneses@example.com,2021-06-01,34.0
C33650,Lisa Campbell PhD,Anónimo,Anónimo, Sevilla,España,,2023-02-12,
C33651,José Gerson Salamanca Pedraza,Persona,Regular,Ciudad de México,México,ycriado@example.org,2021-10-09,40.0
C33652,Jacinto Toro Campillo,Persona,Regular,Madrid,España,cristobalbernad@example.com,2025-01-14,21.0
C33653,Soledad Montañez,Anónimo,Anónimo,Mendoza,Argentina,,2022-07-10,
C33654,John Morales,Persona,Friends Plus,Córdoba,Argentina,rodney17@example.com,2024-01-18,64.0
C33655,Samantha Lyons,Persona,Friends Plus,Bogotá,Colombia,gomezcarmen@example.org,2023-08-16,38.0
C33656,Emelina Zorrilla Planas,Anónimo,Anónimo,Barcelona,España,,2021-04-11,
C33657,Salvador Garica Alonso,Persona,Regular,Guadalajara,México,hicksamy@example.org,2024-04-15,48.0
C33658,Joseph Ramsey,Persona,Regular, Cancún,México,sotoalberto@example.org,2021-03-02,45.0
C33659,Heidi Richards,Persona,Regular, Cali,Colombia,amayaluis-manuel@example.com,2022-11-30,61.0
C33660,Jesús Valderrama Guerrero,Persona,Regular,Cali,Colombia,sonia03@example.com,2022-01-14,55.0
C33661,Rufino Aguirre-Giménez,Persona,Regular, Monterrey,México,matajonas@example.org,2020-10-16,44.0
C33662,Travis Brown,Persona,Regular,Nueva York,Estados Unidos,palominoangela@example.com,2023-03-18,29.0
C33663,Robin Mann,Anónimo,Anónimo,Guadalajara,México,,2020-05-14,
C33664,Eugenia Nadia Tovar Estrada,Persona,Regular,Monterrey,México,macarenajorda@example.org,2022-08-27,40.0
C33665,Geraldine Amparo Acosta Lozano,Anónimo,Anónimo,Cali,Colombia,,2024-02-22,
C33666,Custodia Juárez Pacheco,Persona,Regular,Ciudad de México,México,spombo@example.org,2020-03-07,23.0
C33667,Andrés Botello Burgos,Persona,Friends Plus,Chicago,Estados Unidos,rubioaida@example.net,2020-04-20,45.0
C33668,Abelardo Emilio Barragán,Persona,Friends Plus,Monterrey,México,alta-graciasuarez@example.com,2020-03-06,18.0
C33669,Rufina Acevedo Aranda,Anónimo,Anónimo,Boston,Estados Unidos,,2023-06-10,
C33670,Mercedes López,Persona,Regular,Monterrey,México,milenajimenez@example.com,2023-01-20,28.0
C33671,Farmaceútica Armengol S.L.U.,Empresa,Corporativo,Madrid,España,fvalencia@acosta.info,2021-11-26,62.0
C33672,Carlota Yolanda Ornelas Almonte,Persona,Regular,Chicago,Estados Unidos,adrienne80@example.org,2023-08-09,29.0
C33673,Ing. Victoria Márquez,Persona,Regular,Bilbao,España,jperello@example.org,2023-01-26,43.0
C33674,Doris Rubiela Romero,Persona,Regular,Medellín,Colombia,zescobar@example.org,2021-07-30,62.0
C33675,Freddy Duarte,Persona,Regular,Los Ángeles,Estados Unidos,casarezkarla@example.com,2024-10-15,49.0
C33676,Manuel Alcalde Mosquera S.L.N.E,Empresa,Corporativo,San Francisco,Estados Unidos,whurtado@zedillo.net,2023-08-14,46.0
C33677,Benito Piña,Anónimo,Anónimo,Bilbao,España,,2022-02-15,
C33678,Pérez PLC,Empresa,Corporativo,GUADALAJARA,México,alejandrovergara@portilla-martinez.org,2023-09-16,49.0
C33679,"Barrera, Salcedo and López",Empresa,Corporativo,Cartagena,Colombia,fcaldera@club.com,2023-11-19,48.0
C33680,María Adadia Montoya,Persona,Regular,Cali,Colombia,dollyhurtado@example.com,2020-09-30,60.0
C33681,Gustavo Cavazos Naranjo,Persona,Regular,Ciudad de México,México,martinashlee@example.net,2024-07-16,19.0
C33682,Josué Otero-Carro,Persona,Friends Plus,Rosario,Argentina,harrisonkristen@example.org,2020-10-27,22.0
C33683,Nicolás Romero,Anónimo,Anónimo,Barranquilla,Colombia,,2022-09-09,
C33684,María Rincón,Persona,Regular,Nueva York,Estados Unidos,monica55@example.com,2023-04-02,40.0
C33685,Christian Walker,Anónimo,Anónimo,Mérida,México,,2022-04-29,
C33686,James Williams,Persona,Regular,Cartagena,Colombia,franciscosaiz@example.net,2023-01-13,58.0
C33687,Cristal Perea,Persona,Friends Plus,San Francisco,Estados Unidos,juliekeller@example.net,2021-10-01,37.0
C33688,Colleen Nelson,Persona,Friends Plus,Barcelona,España,kotero@example.org,2023-02-11,32.0
C33689,José Manuél Gilberto Girón Negrete,Persona,Regular,Bogotá,Colombia,iroque@example.net,2024-08-28,40.0
C33690,Phillip Holt,Persona,Regular, Cartagena,Colombia,higuerasosvaldo@example.org,2021-08-31,57.0
C33691,Vladimir Wilfrido Rojas Ávila,Persona,Regular,Cancún,México,mitchell70@example.net,2023-07-09,39.0
C33692,Luciano del Pellicer,Persona,Regular,Rosario,Argentina,cuellarkatherin@example.org,2021-12-22,54.0
C33693,Bryan Huang,Persona,Regular,Ciudad de México,México,ryanjackson@example.com,2024-09-07,46.0
C33694,Soraya Abril-Figueras,Persona,Regular,Barranquilla,Colombia,hardyabigail@example.org,2024-03-25,64.0
C33695,Wayne Baker,Anónimo,Anónimo,Ciudad de México,México,,2022-05-07,
C33696,Iván Caicedo Gómez,Anónimo,Anónimo,Bogotá,Colombia,,2021-04-15,
C33697,Jose Antonio del Albero,Persona,Regular,Rosario,Argentina,bquevedo@example.com,2020-11-16,49.0
C33698,Cheryl Schwartz,Persona,Regular,Cartagena,Colombia,luiscarbonell@example.com,2020-10-18,23.0
C33699,Crescencia Roldán Campoy,Persona,Regular,Medellín,Colombia,monsalvemaritza@example.com,2022-02-14,31.0
C33700,Jordan Sanchez,Persona,Friends Plus,VALENCIA,España,rubiojair@example.org,2020-05-06,20.0
C33701,Adriana Vergara Solano,Anónimo,Anónimo,Nueva York,Estados Unidos,,2025-01-28,
C33702,Nicole Doyle,Persona,Regular,Barcelona,España,woodjames@example.com,2025-04-01,48.0
C33703,Yeison Ever Gómez Burbano,Persona,Regular,Buenos Aires,Argentina,javierguardado@example.net,2025-02-11,34.0
C33704,Itzel Rael,Persona,Regular,Querétaro,México,manuelmercado@example.org,2022-04-18,57.0
C33705,Terry Smith,Persona,Regular,Sevilla,España,kmartinez@example.org,2023-12-13,60.0
C33706,Juan Moreno,Persona,Regular,Bilbao,España,zmartinez@example.org,2024-01-16,52.0
C33707,"Carrera, Dávila y Rosas",Empresa,Corporativo,Cancún,México,ydunn@warren.com,2022-02-14,37.0
C33708,Alfonso Óscar Sánchez Fajardo,Persona,Regular,Cordoba,Argentina,onofregranados@example.com,2021-01-04,21.0
C33709,Antonio Escobar,Persona,Regular,Mérida,México,vpartida@example.org,2022-04-15,19.0
C33710,Jesus Bates,Persona,Regular,Cali,Colombia,gblair@example.net,2020-01-01,36.0
C33711,Gloria Duque Prieto,Persona,Regular,Valencia,España,ramirezconsuelo@example.org,2020-07-21,35.0
C33712,Daniel Caballero Suárez,Persona,Regular,Medellín,Colombia,xrojas@example.net,2025-03-23,48.0
C33713,Robert Moyer,Persona,Friends Plus,Córdoba,Argentina,xroldan@example.net,2020-05-08,37.0
C33714,Steven Miller,Persona,Regular, Chicago,Estados Unidos,kevin47@example.org,2024-01-21,55.0
C33715,Esteban Matías Villalba Pallarès,Persona,Friends Plus,Sevilla,España,joseramos@example.org,2020-08-04,63.0
C33716,Luciana Farré Calatayud,Persona,Regular,Chicago ,Estados Unidos,eloisatome@example.org,2021-02-10,40.0
C33717,Sra. Lucía Pelayo,Anónimo,Anónimo,SEVILLA,España,,2020-08-12,
C33718,"Rodríguez, Restrepo and Meneses",Empresa,Corporativo,Querétaro,México,whiterachel@floyd-glover.biz,2020-08-06,57.0
C33719,Ronald Williams,Persona,Regular,Sevilla,España,andrescruz@example.org,2023-11-17,60.0
C33720,Rocío Anel Calderón,Anónimo,Anónimo,Cali,Colombia,,2021-05-18,
C33721,"Perales, Guzmán y Jasso",Empresa,Corporativo, Ciudad de México,México,luispujadas@promociones.org,2022-08-29,53.0
C33722,Servicios Gascón S.A.,Empresa,Corporativo,Rosario,Argentina,smartinez@bermudez.com,2020-01-06,25.0
C33723,Luz Judith Orozco Martínez,Persona,Regular,Austin,Estados Unidos,timoteovalencia@example.com,2023-11-19,56.0
C33724,Sr. Gustavo Mojica,Persona,Regular,Bogotá,Colombia,salvadorrodriguez@example.com,2021-01-06,41.0
C33725,Jacob Sanders,Persona,Regular,Sevilla,España,gbaker@example.net,2024-05-21,44.0
C33726,Eugenio de Gallart,Persona,Regular,Los Ángeles,Estados Unidos,cameron14@example.org,2022-06-05,46.0
C33727,Carlos Tomás Miró,Persona,Regular,Cartagena,Colombia,mpatino@example.net,2024-04-05,36.0
C33728,Sosa-Saiz,Empresa,Corporativo,Monterrey,México,toddjensen@lindsey.org,2022-09-25,43.0
C33729,Julie Taylor,Persona,Friends Plus,Monterrey,México,vmora@example.net,2022-11-20,27.0
C33730,Abraham José Carlos Sotelo de la Rosa,Anónimo,Anónimo,Boston,Estados Unidos,,2024-07-07,
C33731,Josefina del Montenegro,Persona,Friends Plus,Chicago,Estados Unidos,iglesiaseugenia@example.org,2020-06-02,51.0
C33732,Lorenza Prat Estrada,Persona,Regular,Ciudad de México,México,barrientosramon@example.com,2022-01-16,49.0
C33733,Isabel Arévalo,Persona,Regular,Rosario ,Argentina,martinsarah@example.org,2023-06-12,19.0
C33734,Fernando Robinson Sánchez,Persona,Regular,Chicago,Estados Unidos,alejandro65@example.org,2022-07-14,31.0
C33735,César Javier Uribe Ramírez,Persona,Friends Plus,Seattle,Estados Unidos,carlotasantana@example.net,2022-12-17,63.0
C33736,Ing. Carla Vera,Persona,Regular,CALI,Colombia,maribel09@example.net,2022-03-10,60.0
C33737,Martha Rubiela Vargas Pérez,Persona,Regular,Los Ángeles,Estados Unidos,jennynelson@example.org,2020-04-13,62.0
C33738,Dr. Kelly Mclean,Anónimo,Anónimo,Los Ángeles,Estados Unidos,,2022-09-12,
C33739,Lic. Susana Olivo,Persona,Regular,Ciudad de México,México,arnulfo94@example.org,2022-07-07,33.0
C33740,Maureen White,Persona,Regular,Monterrey,México,anamorales@example.org,2024-05-24,52.0
C33741,Fernando Julio Díaz,Persona,Regular,Austin,Estados Unidos,bvelazquez@example.org,2025-03-02,27.0
C33742,Concepción Arco Planas,Anónimo,Anónimo,Bogotá,Colombia,,2020-01-25,
C33743,Dr. Pascual Iglesias,Persona,Friends Plus,Barranquilla,Colombia,robert92@example.com,2020-08-17,62.0
C33744,Sandra Tucker,Anónimo,Anónimo,Sevilla,España,,2024-07-23,
C33745,Ernest Watts,Persona,Regular,Madrid,España,whitejasmine@example.org,2022-05-01,56.0
C33746,Minerva Celia Solano Becerra,Persona,Friends Plus,Madrid,España,princemichelle@example.org,2021-02-18,37.0
C33747,María Alfonso,Persona,Regular,Rosario,Argentina,uterrell@example.com,2022-11-08,32.0
C33748,Melissa Greene,Persona,Regular, Cali,Colombia,hayesjulie@example.com,2020-03-27,50.0
C33749,Nicanor Fajardo-Pazos,Persona,Regular,Bogotá,Colombia,jserrano@example.com,2022-06-14,49.0
C33750,Jorge Velásquez,Anónimo,Anónimo,Barranquilla,Colombia,,2023-06-19,
C33751,Gail Price,Persona,Regular,Querétaro,México,imena@example.com,2020-11-29,42.0
C33752,Regina Bailey,Persona,Friends Plus,Querétaro,México,humberto67@example.com,2023-07-26,28.0
C33753,Alberto Muñoz,Persona,Regular,Medellín,Colombia,loida84@example.com,2024-08-28,27.0
C33754,Carlos Sánchez Guzmán,Persona,Regular,Medellín,Colombia,lllopis@example.org,2023-11-18,60.0
C33755,Verónica Angélica Castañeda,Persona,Friends Plus,Bilbao,España,donatomorales@example.com,2022-02-13,22.0
C33756,Pilar Bianca Padilla Narváez,Persona,Regular,Ciudad de México,México,paulina51@example.com,2023-01-20,42.0
C33757,Juliana de Tamarit,Persona,Regular,Monterrey,México,ameliacaraballo@example.net,2025-04-27,59.0
C33758,César Vergara,Anónimo,Anónimo,Medellín,Colombia,,2022-06-17,
C33759,Mary Garzón Prada,Anónimo,Anónimo,Cali,Colombia,,2022-02-24,
C33760,Nelson Ángel Jiménez,Anónimo,Anónimo,Medellín,Colombia,,2020-05-14,
C33761,Gustavo José Hernández,Persona,Regular,Bogotá,Colombia,lavalos@example.com,2022-07-24,45.0
C33762,Connor Pace,Persona,Regular,Querétaro,México,reynaldo31@example.net,2024-03-01,57.0
C33763,Gary Greene,Anónimo,Anónimo,Austin,Estados Unidos,,2021-10-02,
C33764,José José Hernández,Persona,Regular,Querétaro,México,cristina13@example.com,2020-02-12,30.0
C33765,Nereida Vilanova,Persona,Regular,Barranquilla,Colombia,uarnold@example.net,2024-06-16,51.0
C33766,Leidy Carvajal,Anónimo,Anónimo,Buenos Aires,Argentina,,2020-05-23,
C33767,Chelsea Morrison,Anónimo,Anónimo,Buenos Aires,Argentina,,2022-01-22,
C33768,Olimpia Murcia Bayona,Persona,Friends Plus,Bilbao,España,npardo@example.com,2024-04-14,38.0
C33769,David Williams,Persona,Regular,Cancún,México,fernandezjairo@example.net,2025-04-25,48.0
C33770,Hernando Mata Pedraza,Anónimo,Anónimo,Valencia,España,,2023-09-06,
C33771,Álvaro Peñalver-Roig,Persona,Regular,Los Ángeles,Estados Unidos,everettjennifer@example.com,2024-03-24,52.0
C33772,Rose King,Persona,Regular,Miami,Estados Unidos,timoteoalvarez@example.com,2023-07-31,24.0
C33773,Jared Norman,Anónimo,Anónimo,Guadalajara,México,,2023-03-11,
C33774,Yeni Daniela Lucio,Persona,Regular,Monterrey,México,diana00@example.net,2020-02-06,18.0
C33775,Carrie Taylor,Persona,Regular,Miami ,Estados Unidos,almagroleocadia@example.org,2024-02-05,28.0
C33776,Rufina Morante Murcia,Anónimo,Anónimo,Chicago,Estados Unidos,,2021-11-16,
C33777,Cruz Antúnez Ropero,Persona,Regular,Madrid,España,wnieto@example.net,2022-03-22,35.0
C33778,Felix Arreola,Persona,Regular,Madrid,España,jennifer10@example.net,2021-12-16,22.0
C33779,Taylor Ortiz,Anónimo,Anónimo, San Francisco,Estados Unidos,,2021-08-20,
C33780,Pérez-Buitrago,Empresa,Corporativo,Seattle,Estados Unidos,isabel06@galindo-reyes.info,2024-11-04,63.0
C33781,Heriberto Gras,Persona,Regular,Ciudad de México,México,eveliodel-rio@example.net,2023-07-22,34.0
C33782,Mr. Sean Gilbert,Anónimo,Anónimo,Cali,Colombia,,2024-07-16,
C33783,"Ocasio, Pedraza y Cedillo",Empresa,Corporativo,Querétaro,México,nereanicolau@feliciana.net,2021-05-20,55.0
C33784,Albeiro Mejía Vargas,Persona,Regular,Cancún,México,ncarrillo@example.com,2023-11-18,57.0
C33785,María Fernanda de Sánchez,Anónimo,Anónimo,CALI,Colombia,,2022-03-28,
C33786,Alejandra Whitaker,Anónimo,Anónimo,Valencia,España,,2023-03-01,
C33787,Ricardo Donato Nicolau Morante,Persona,Regular,Austin,Estados Unidos,noelia63@example.com,2024-06-04,18.0
C33788,Reina Florencia Montalvo Villegas,Persona,Regular,Monterrey,México,gcline@example.net,2024-07-02,41.0
C33789,Olga Fajardo,Persona,Regular,Bogotá,Colombia,hsalazar@example.net,2023-11-14,22.0
C33790,Bethany Graves,Persona,Friends Plus,Miami,Estados Unidos,joslucio@example.org,2022-08-09,61.0
C33791,Jenna Jensen,Persona,Regular,Chicago,Estados Unidos,aureliacazorla@example.org,2022-05-03,47.0
C33792,Lucas Reyes,Persona,Regular,Guadalajara,México,albertfigueroa@example.org,2021-11-22,51.0
C33793,María Luisa Linda Barraza Méndez,Anónimo,Anónimo,Bogotá,Colombia,,2025-04-28,
C33794,Albert de Verdejo,Persona,Regular,Querétaro,México,kbusquets@example.net,2021-07-11,29.0
C33795,Alejandro González,Persona,Regular,Guadalajara,México,oteroleire@example.com,2025-05-03,49.0
C33796,Calista Colom Rueda S.L.N.E,Empresa,Corporativo,Medellin,Colombia,isaac43@tecnologias.org,2025-03-26,55.0
C33797,Remigio Conesa Borja,Persona,Regular,Austin,Estados Unidos,garzaroberto@example.org,2020-03-22,35.0
C33798,Isaac Robledo Bañuelos,Persona,Regular,Mérida,México,fortiz@example.net,2021-12-26,45.0
C33799,Jean Obando Sánchez,Persona,Regular,Córdoba,Argentina,wrightjoshua@example.net,2024-06-05,60.0
C33800,Gisela González,Persona,Regular,Barranquilla,Colombia,riveragaspar@example.net,2025-04-10,56.0
C33801,Christopher Clark,Persona,Regular,Nueva York ,Estados Unidos,luisgomez@example.com,2025-02-24,55.0
C33802,Griselda Gámez,Persona,Regular, Córdoba,Argentina,lorenza70@example.org,2021-12-27,19.0
C33803,Dr. Susan Harris,Persona,Regular,Mendoza,Argentina,edisonramirez@example.com,2024-10-10,51.0
C33804,Irene Pastor Catalán,Persona,Friends Plus,Cartagena,Colombia,edelmirabarbera@example.org,2023-11-08,33.0
C33805,María Meneses,Persona,Regular,Boston,Estados Unidos,dcastano@example.org,2022-09-09,51.0
C33806,Nancy Valverde,Persona,Friends Plus,Madrid,España,hudsoncraig@example.org,2022-08-07,61.0
C33807,José Espitia,Persona,Friends Plus,Sevilla,España,ines56@example.org,2023-12-11,18.0
C33808,Proyectos Orosco y Mesa,Empresa,Corporativo,Monterrey,México,david66@mack.net,2024-02-02,52.0
C33809,Consuelo Rivera-Ibáñez,Persona,Friends Plus,Ciudad de México,México,lermabegona@example.org,2021-02-04,62.0
C33810,Claudia Ruth Torres Castro,Persona,Regular,Miami,Estados Unidos,jonesbruce@example.com,2023-05-24,37.0
C33811,Andrea Fajardo,Anónimo,Anónimo,Barranquilla,Colombia,,2021-03-24,
C33812,Mario Simpson,Persona,Regular,Guadalajara,México,rruiz@example.org,2024-07-21,22.0
C33813,Victoria Mena Páez,Persona,Regular,MÉRIDA,México,zacharybrown@example.com,2025-03-01,33.0
C33814,Abraham Negrete Serna,Persona,Regular,Miami,Estados Unidos,timothyarnold@example.com,2020-10-19,33.0
C33815,Arturo Lara Zapata,Persona,Regular, Valencia,España,vmyers@example.org,2023-04-02,20.0
C33816,Sessa Virginia Escalante,Persona,Regular,Ciudad de México,México,aprilgraves@example.net,2020-11-07,31.0
C33817,María María García Bermúdez,Persona,Regular,Madrid,España,vanesaamat@example.org,2022-03-20,51.0
C33818,Ashley Chen,Anónimo,Anónimo,Monterrey,México,,2022-07-16,
C33819,Diana Freeman,Persona,Regular,Austin,Estados Unidos,hgalvan@example.org,2024-07-02,61.0
C33820,Dra. Alta  Gracia Orta,Persona,Regular,QUERÉTARO,México,corey24@example.net,2021-04-23,46.0
C33821,Nayeli Mayte Espinoza,Persona,Friends Plus,Chicago,Estados Unidos,alfonso18@example.org,2024-06-19,19.0
C33822,Héctor Fernando Miranda Sánchez,Persona,Regular,Boston,Estados Unidos,federicocarreon@example.com,2020-03-16,36.0
C33823,Luis Víctor Medina,Persona,Regular,Cartagena,Colombia,amor03@example.com,2025-01-15,37.0
C33824,Angie Daniela Zuluaga Velásquez,Anónimo,Anónimo,Nueva York,Estados Unidos,,2021-09-22,
C33825,Sra. Jaqueline Palacios,Persona,Regular,Barranquilla,Colombia,judithde-anda@example.net,2021-07-09,30.0
C33826,Maria Hernandez,Persona,Regular,QUERÉTARO,México,polomario@example.com,2023-04-01,63.0
C33827,Heidi Schwartz,Anónimo,Anónimo,Bilbao,España,,2025-02-04,
C33828,Elvira María Ramos,Anónimo,Anónimo,Boston,Estados Unidos,,2021-10-13,
C33829,Ayala-Arévalo,Empresa,Corporativo,Madrid,España,sosaartemio@hermanos.es,2020-12-31,31.0
C33830,Kelly Torres,Persona,Regular,Sevilla,España,alberolafelix@example.org,2024-06-05,54.0
C33831,Lilia Gallegos,Persona,Regular,Seattle,Estados Unidos,luzotero@example.com,2020-06-13,38.0
C33832,Ramiro Burgos Bonet,Persona,Regular,Ciudad de México,México,ggonzales@example.org,2020-06-05,61.0
C33833,Brian Brown,Persona,Regular,Bogotá,Colombia,ospinaluz@example.net,2022-07-07,59.0
C33834,Matthew Simmons,Persona,Regular,Cancún,México,teresa55@example.net,2025-03-15,48.0
C33835,Lucía Olivia Prieto,Persona,Friends Plus,Chicago,Estados Unidos,montalvosusana@example.org,2021-12-05,22.0
C33836,Camila Cecilia Gaviria Pineda,Persona,Regular,Medellín,Colombia,jeronimo20@example.net,2025-02-09,57.0
C33837,Harrison-Howard,Empresa,Corporativo,Nueva York,Estados Unidos,albertolozano@trujillo.org,2020-12-21,46.0
C33838,Christopher Cook,Persona,Regular,San Francisco,Estados Unidos,kennethmoore@example.net,2024-07-28,25.0
C33839,Jhonatan Dario Palacios,Persona,Regular,Cali,Colombia,helenagil@example.org,2022-11-27,36.0
C33840,Pablo Londoño,Persona,Regular,Barcelona,España,jacobsstephen@example.org,2024-03-22,62.0
C33841,Irene Jiménez,Persona,Friends Plus,Sevilla,España,kevin01@example.net,2021-10-03,53.0
C33842,Kevin Clark,Persona,Regular,Barranquilla,Colombia,timoteocervantes@example.org,2023-08-15,34.0
C33843,Fredy Fernando Rodríguez Serna,Persona,Regular,Barcelona,España,loreto42@example.org,2020-11-25,60.0
C33844,Diana Eugenia Narváez,Anónimo,Anónimo,Bilbao,España,,2024-05-30,
C33845,Camilo Guillermo Morales Sierra,Persona,Regular,Barcelona,España,vmanzanares@example.com,2020-04-10,45.0
C33846,María Fabiola Godínez,Persona,Friends Plus,Boston,Estados Unidos,rodriguezesther@example.org,2020-07-26,61.0
C33847,Yesenia Laura Padilla,Persona,Regular,Austin ,Estados Unidos,veraisabel@example.com,2024-05-24,38.0
C33848,Linda Cortés Giraldo,Anónimo,Anónimo,Guadalajara,México,,2021-09-10,
C33849,Gabriel Rael,Anónimo,Anónimo,Mérida,México,,2023-02-12,
C33850,Rafa Jurado Rincón,Anónimo,Anónimo,Córdoba,Argentina,,2020-09-03,
C33851,Fernanda Carmen Angulo,Persona,Friends Plus,Bogotá,Colombia,dennislopez@example.com,2021-07-18,58.0
C33852,Minerva Claudia Barrios Tovar,Persona,Regular,Cali,Colombia,bernardatamayo@example.org,2024-04-14,62.0
C33853,Angela Yoder,Anónimo,Anónimo,Sevilla,España,,2025-03-29,
C33854,Larry Miller,Persona,Regular,Monterrey,México,sotoana-maria@example.com,2024-12-15,49.0
C33855,Luis Ángel Evaristo Blázquez Salcedo,Anónimo,Anónimo, Querétaro,México,,2021-06-04,
C33856,Hayden Ross,Persona,Regular,Boston,Estados Unidos,eduardogarcia@example.com,2021-10-29,27.0
C33857,Sr. Cristian Miramontes,Anónimo,Anónimo,Cartagena,Colombia,,2020-09-05,
C33858,Francisco Felipe González,Persona,Regular,Chicago,Estados Unidos,leonardosanchez@example.org,2020-09-14,30.0
C33859,Hernán David Bohórquez López,Persona,Regular,Querétaro,México,dani28@example.com,2024-12-11,60.0
C33860,David Henry,Persona,Regular,San Francisco,Estados Unidos,nlawrence@example.com,2022-03-28,64.0
C33861,Ángel Esteban Castillo Camacho,Persona,Regular,Madrid,España,fabiolanoriega@example.com,2024-09-26,47.0
C33862,Carolina Muñoz Sierra,Persona,Regular,Miami,Estados Unidos,anthony83@example.com,2021-03-16,33.0
C33863,Jason Jackson,Persona,Friends Plus,Seattle,Estados Unidos,aaroncarmona@example.com,2022-11-06,31.0
C33864,Julia Cantero Silva,Anónimo,Anónimo,Cartagena,Colombia,,2023-09-11,
C33865,Erin Parker,Persona,Friends Plus,Medellín,Colombia,palmira90@example.org,2021-10-20,28.0
C33866,Brittany Barton,Persona,Regular,Seattle ,Estados Unidos,humberto58@example.org,2023-08-02,63.0
C33867,Curiel-Orosco S.A.,Empresa,Corporativo,Mendoza,Argentina,martin33@alvarado-casanova.com,2024-08-13,42.0
C33868,Luz Toro García,Persona,Friends Plus, Monterrey,México,robinson59@example.org,2022-11-16,43.0
C33869,Ana Álvarez Sánchez,Anónimo,Anónimo,Córdoba,Argentina,,2020-07-11,
C33870,Michael Moore,Persona,Regular,Monterrey,México,portillomaria-pilar@example.org,2022-11-29,51.0
C33871,Begoña Gálvez Porras,Anónimo,Anónimo, San Francisco,Estados Unidos,,2022-05-31,
C33872,Óscar Toro,Persona,Friends Plus, Barranquilla,Colombia,hurtadocarlos@example.org,2023-12-21,39.0
C33873,Erik Woods,Persona,Regular,Miami,Estados Unidos,rubiowilson@example.com,2023-04-04,39.0
C33874,Mary Mills,Persona,Regular,Los Ángeles,Estados Unidos,nathan20@example.org,2021-01-16,23.0
C33875,Sr. Rafaél Páez,Persona,Friends Plus,Seattle,Estados Unidos,jacobgonzalez@example.net,2020-09-22,52.0
C33876,Jos Zelaya,Persona,Regular,San Francisco,Estados Unidos,prietonatalia@example.com,2024-02-15,40.0
C33877,Jairo Javier Cardozo,Anónimo,Anónimo,San Francisco,Estados Unidos,,2022-01-24,
C33878,Jessica Summers,Persona,Friends Plus,Guadalajara,México,xcervantes@example.com,2022-02-25,32.0
C33879,Junior Vega,Persona,Friends Plus, Madrid,España,pmorgan@example.org,2021-01-26,28.0
C33880,Carolina Yulieth Marín,Persona,Regular,Boston,Estados Unidos,gjuarez@example.org,2024-10-24,57.0
C33881,Randy Andersen,Persona,Regular,Cali,Colombia,utodd@example.net,2022-07-28,21.0
C33882,Sandra Simpson,Persona,Regular,Valencia,España,esteban76@example.net,2023-11-09,18.0
C33883,Francis Lyons,Persona,Regular,BARRANQUILLA,Colombia,almatellez@example.net,2024-10-21,44.0
C33884,Logística del Sur S.A.,Empresa,Corporativo,Cartagena,Colombia,eliana12@pena.info,2023-01-14,18.0
C33885,Sharon Cannon,Persona,Regular,Boston ,Estados Unidos,robertrodgers@example.org,2022-02-25,47.0
C33886,Gerardo Jacobo Bustos Figueroa,Persona,Friends Plus,VALENCIA,España,arriagabernabe@example.org,2021-02-26,22.0
C33887,Ariel Alemany,Persona,Regular,Chicago,Estados Unidos,rvasquez@example.org,2020-12-05,56.0
C33888,Sra. Rosalia Amaya,Persona,Regular, Nueva York,Estados Unidos,milagros52@example.com,2020-03-02,40.0
C33889,Andrés Víctor Castañeda Romero,Persona,Friends Plus,Sevilla,España,hamiltonkelli@example.com,2022-01-28,33.0
C33890,Bernardo David Zambrano,Persona,Friends Plus,Mendoza,Argentina,mendozamercedes@example.com,2021-07-21,42.0
C33891,Sonya Stanton,Persona,Regular,Austin,Estados Unidos,ztrevino@example.org,2020-07-03,54.0
C33892,Deborah Hill MD,Persona,Regular,NUEVA YORK,Estados Unidos,adoracion12@example.com,2024-03-12,64.0
C33893,Cecilia Bustamante,Persona,Regular,Barranquilla,Colombia,susanagamez@example.org,2023-07-13,50.0
C33894,Dra. Rocío Nájera,Persona,Regular,BARCELONA,España,usanchez@example.net,2021-11-22,50.0
C33895,Irene Duarte Mayoral,Persona,Regular,Buenos Aires,Argentina,cazaresfrancisca@example.com,2022-03-10,43.0
C33896,Benjamin Burns,Anónimo,Anónimo,Bogotá,Colombia,,2025-03-17,
C33897,Julio Juan Guillen Anaya,Persona,Regular,Mendoza,Argentina,avalverde@example.org,2023-03-10,31.0
C33898,Mercedes Rodríguez,Persona,Regular,SAN FRANCISCO,Estados Unidos,zmora@example.org,2023-01-15,45.0
C33899,Tony Golden,Anónimo,Anónimo,Austin,Estados Unidos,,2021-01-19,
C33900,Porfirio Montes Lemus,Anónimo,Anónimo,Cancún,México,,2022-07-12,
C33901,Josué Reina Yáñez,Persona,Regular,Bilbao,España,spina@example.net,2022-06-19,62.0
C33902,Heidi Burke,Persona,Friends Plus,Barranquilla,Colombia,ruelasjose-emilio@example.net,2023-03-10,53.0
C33903,Sarah Barnett,Anónimo,Anónimo,Cartagena,Colombia,,2020-06-25,
C33904,Kyle Harris,Persona,Regular,Valencia,España,marcogutierrez@example.net,2024-08-17,47.0
C33905,Patricia Dixon,Persona,Regular,Guadalajara,México,losadionisio@example.org,2020-10-17,19.0
C33906,Marina Flórez,Anónimo,Anónimo,Nueva York,Estados Unidos,,2020-01-05,
C33907,Teresa Roberts,Persona,Regular,Rosario,Argentina,adolfo21@example.net,2022-05-12,46.0
C33908,Cecilia Liliana Vázquez,Persona,Regular,Austin,Estados Unidos,pdiaz@example.com,2023-07-27,59.0
C33909,Elsa Gloria Velásquez,Persona,Friends Plus,Los Ángeles,Estados Unidos,rosendogalvez@example.com,2021-09-11,41.0
C33910,Miguel Garcia,Anónimo,Anónimo,Querétaro,México,,2025-03-26,
C33911,"Gómez, Contreras and Bedoya",Empresa,Corporativo,Seattle,Estados Unidos,pquiroga@flora.org,2023-06-25,38.0
C33912,Gabriela Murillo,Anónimo,Anónimo, Bogotá,Colombia,,2023-05-20,
C33913,Vanesa Clemente Vicens,Persona,Regular,Los Ángeles,Estados Unidos,david29@example.com,2025-04-12,28.0
C33914,Patricia Sofía Caicedo,Anónimo,Anónimo,Chicago,Estados Unidos,,2022-11-02,
C33915,Jose Luis Reina Ibañez,Persona,Regular,Barcelona,España,clarabanuelos@example.com,2020-11-17,42.0
C33916,Dr. Adán Cervántez,Persona,Regular,Austin,Estados Unidos,garibayjorge-luis@example.com,2021-01-02,24.0
C33917,Aroa Chaves Escalona,Persona,Regular,Córdoba,Argentina,sgonzalez@example.com,2023-05-04,36.0
C33918,Emma Ortiz,Persona,Regular,Los Ángeles,Estados Unidos,spera@example.com,2022-11-23,58.0
C33919,Sr. Jesús Bustamante,Anónimo,Anónimo,Madrid,España,,2023-06-07,
C33920,Martha Vargas,Persona,Friends Plus,Barcelona,España,orodriguez@example.org,2024-08-25,63.0
C33921,Clifford Dixon,Persona,Regular,Bogotá,Colombia,colomamanda@example.net,2021-10-21,58.0
C33922,Andrés Rojas,Persona,Regular,Valencia,España,teodoro03@example.org,2024-02-25,63.0
C33923,Singh Group,Empresa,Corporativo,Valencia,España,dbarela@industrias.com,2021-08-16,52.0
C33924,Clifford Miller,Persona,Friends Plus,Barcelona,España,cavila@example.net,2021-10-02,59.0
C33925,Reynaldo Pascual Heredia Carrasco,Persona,Friends Plus,Barranquilla,Colombia,castillorobert@example.org,2024-10-28,34.0
C33926,Daniel Palacio,Persona,Regular,MEDELLÍN,Colombia,rosalinaoller@example.com,2020-01-13,63.0
C33927,Laura Ross,Persona,Regular,Córdoba,Argentina,cardonatatiana@example.net,2020-02-01,20.0
C33928,Elkin Luis Silva,Persona,Friends Plus,Miami,Estados Unidos,bienvenida20@example.com,2021-01-02,48.0
C33929,Hipólito Novoa Arribas,Persona,Regular,Miami,Estados Unidos,carolina44@example.com,2021-06-04,57.0
C33930,Bianca Carla Cardenas,Persona,Regular,Monterrey ,México,elias64@example.net,2020-10-27,26.0
C33931,Maura Navas,Persona,Regular,Los Ángeles,Estados Unidos,osunamarianela@example.net,2023-02-09,63.0
C33932,Timothy Solis,Persona,Friends Plus,Austin,Estados Unidos,herreraalvaro@example.org,2021-06-21,28.0
C33933,Andre Perkins,Persona,Regular,Bilbao,España,catalina28@example.net,2020-01-05,37.0
C33934,Pilar Rosario,Persona,Regular,Madrid,España,dvargas@example.com,2022-06-22,45.0
C33935,Comercial OQ S.A.,Empresa,Corporativo,Rosario,Argentina,felipa04@talleres.com,2022-06-13,18.0
C33936,Judith Diana Mercado Torres,Anónimo,Anónimo,Cartagena,Colombia,,2021-02-13,
C33937,Jhon Salazar Cárdenas,Persona,Friends Plus,Rosario,Argentina,christinamanning@example.com,2024-07-09,21.0
C33938,Zacarías José Carlos Urbina,Persona,Regular,Bilbao,España,wmarsh@example.net,2022-02-26,60.0
C33939,Manuel Germán Vásquez Cantillo,Persona,Regular,Barranquilla,Colombia,sergiogarcia@example.net,2023-11-13,44.0
C33940,Fernando Rojas,Persona,Regular,Monterrey,México,brentmiranda@example.com,2020-04-25,59.0
C33941,Jennifer Burns,Anónimo,Anónimo,Cali,Colombia,,2023-06-17,
C33942,Carmen Sandra Cárdenas,Persona,Regular,Barranquilla,Colombia,qorozco@example.com,2024-07-28,34.0
C33943,Andrés Ferney Sepúlveda Gómez,Persona,Friends Plus,Cartagena,Colombia,araceli43@example.com,2021-01-16,29.0
C33944,Fredy Jiménez,Persona,Regular,Barranquilla,Colombia,ursulasalcido@example.org,2020-04-13,45.0
C33945,"del Río, Cabán y Haro",Empresa,Corporativo,BILBAO,España,qgonzalez@martinez-lopez.com,2022-03-16,41.0
C33946,Alexis Chavez,Persona,Friends Plus,SAN FRANCISCO,Estados Unidos,stevenmurphy@example.com,2020-12-16,42.0
C33947,Julián Lozano Gutiérrez,Persona,Friends Plus,Cartagena,Colombia,lisapham@example.net,2023-10-26,61.0
C33948,Alejandra Gutiérrez Castañeda,Persona,Friends Plus,Valencia,España,morenafalcon@example.com,2024-07-08,35.0
C33949,Catalina Margarita Parada,Persona,Regular,Cancún,México,ghuertas@example.com,2025-01-20,59.0
C33950,Custodia Clavero Robledo,Persona,Regular,Ciudad de México,México,rmccall@example.com,2020-05-22,19.0
C33951,"Gómez, Rengifo and Parada",Empresa,Corporativo,Guadalajara,México,williamsmichelle@dixon.net,2021-08-09,37.0
C33952,Armando Emilio Montaño,Persona,Friends Plus,Mendoza,Argentina,oscarperea@example.net,2020-04-28,52.0
C33953,Gonzalo Raúl Casares Valdivia,Persona,Regular,Monterrey,México,qnarvaez@example.org,2020-07-06,27.0
C33954,Liliana Hernández Mendoza,Anónimo,Anónimo,Sevilla,España,,2022-01-16,
C33955,John Mata,Persona,Regular,Bilbao,España,reyesluna@example.net,2023-08-27,41.0
C33956,Sandra Martin,Persona,Friends Plus,Medellín,Colombia,azeneth80@example.org,2024-02-11,41.0
C33957,Elias Evelio Aguirre,Anónimo,Anónimo,Barranquilla,Colombia,,2025-03-24,
C33958,Jose Mcdonald,Persona,Regular,Cartagena,Colombia,peter44@example.com,2020-06-09,50.0
C33959,Regina Jones,Persona,Friends Plus,Valencia,España,imari@example.com,2021-08-21,59.0
C33960,Madison Carter,Persona,Regular,Medellín,Colombia,alba15@example.net,2023-12-22,40.0
C33961,Stephanie Graham,Persona,Friends Plus, Bilbao,España,jameswright@example.com,2021-09-09,37.0
C33962,Lic. Espartaco Castro,Anónimo,Anónimo,Chicago,Estados Unidos,,2025-02-12,
C33963,Dra. Nayeli Mercado,Persona,Regular,Querétaro,México,jhenriquez@example.net,2023-05-24,62.0
C33964,Jhon González,Persona,Regular,Mendoza,Argentina,silvia66@example.net,2024-10-22,41.0
C33965,Mrs. Carla Wood,Persona,Regular,Madrid,España,ramosalfonso@example.net,2020-02-16,28.0
C33966,Rachel Weaver,Persona,Regular,Córdoba,Argentina,adolfogomez@example.net,2020-11-14,21.0
C33967,Victoria Weiss,Persona,Regular,Bilbao,España,mackmelissa@example.com,2022-03-15,18.0
C33968,Herney Villa Mejía,Persona,Friends Plus,Monterrey,México,zbeltran@example.com,2022-08-06,35.0
C33969,Carlos Ernesto Pérez Franco,Persona,Friends Plus,Monterrey,México,palmerbruce@example.com,2023-08-04,27.0
C33970,Julieth Ramírez,Persona,Regular,Medellín,Colombia,fsanabria@example.org,2022-07-08,52.0
C33971,Hernandez Ltd,Empresa,Corporativo,Seattle,Estados Unidos,meganwilson@russell.com,2020-02-29,64.0
C33972,Srita. Karla Ulloa,Anónimo,Anónimo, Rosario,Argentina,,2022-12-06,
C33973,Alba Carballo Quintanilla,Persona,Regular,Monterrey,México,santacruzirene@example.org,2023-06-22,46.0
C33974,Nancy Anaya,Persona,Regular,Sevilla,España,martinezalexis@example.org,2020-04-07,30.0
C33975,Hernán Óliver Urrutia,Anónimo,Anónimo,Córdoba ,Argentina,,2022-07-27,
C33976,Dan Barrios,Anónimo,Anónimo,Guadalajara,México,,2024-12-17,
C33977,Mark Williams,Persona,Regular,Cali,Colombia,caldwellrobert@example.com,2023-08-28,41.0
C33978,Roldán Caro Salom,Persona,Friends Plus,Los Ángeles,Estados Unidos,mjones@example.org,2023-02-11,57.0
C33979,Ernesto Vergara Tovar,Anónimo,Anónimo,Nueva York,Estados Unidos,,2021-03-01,
C33980,Jeffrey Young,Persona,Friends Plus,San Francisco,Estados Unidos,edwinmora@example.net,2023-04-20,32.0
C33981,Fernando Olivo,Persona,Regular,Medellín,Colombia,mariamendoza@example.net,2021-12-23,55.0
C33982,Luis Mejía,Persona,Regular,Madrid,España,muellerjill@example.net,2022-01-21,53.0
C33983,Dr. Jessica Mclaughlin,Persona,Regular,Barranquilla,Colombia,antonio26@example.net,2021-02-19,22.0
C33984,William Blake,Persona,Regular,Boston,Estados Unidos,fabiola30@example.org,2021-02-07,61.0
C33985,Chelo Casanova Rodríguez,Persona,Regular,Los Ángeles,Estados Unidos,kroldan@example.net,2020-09-27,52.0
C33986,Julia Concepción Niño,Persona,Regular,Querétaro,México,stephanie02@example.org,2024-10-04,18.0
C33987,Otilia Báez Zabaleta,Persona,Regular,Cali,Colombia,rebecca99@example.org,2020-03-03,39.0
C33988,Luisa Flórez,Persona,Friends Plus,Austin,Estados Unidos,williamskristi@example.com,2021-04-12,33.0
C33989,Vanessa María Restrepo,Persona,Regular,Cali,Colombia,gabinoalonzo@example.com,2024-04-21,53.0
C33990,Jenny Arregui,Persona,Regular,Bogotá,Colombia,cabreragabriel@example.org,2022-06-15,63.0
C33991,Marcela Ivonne Caballero,Anónimo,Anónimo,Barcelona,España,,2024-04-14,
C33992,Agustín Vanegas,Anónimo,Anónimo,Rosario,Argentina,,2024-10-27,
C33993,David Obrien,Persona,Friends Plus,Mérida,México,veronicaavila@example.org,2021-05-05,62.0
C33994,Alta  Gracia Núñez,Persona,Regular,Chicago,Estados Unidos,jose-manuelreina@example.com,2021-05-13,29.0
C33995,Dayana Daniela Ramírez,Persona,Friends Plus,Chicago,Estados Unidos,salazarmaria@example.org,2023-06-08,41.0
C33996,Manuel Sosa,Persona,Friends Plus,Cartagena,Colombia,gaonaangel@example.net,2023-12-16,23.0
C33997,Francisca Sola Baquero,Persona,Regular,Mendoza,Argentina,cgarces@example.org,2024-05-02,25.0
C33998,Jackson Wells,Persona,Regular,Boston,Estados Unidos,jsegovia@example.net,2020-11-17,46.0
C33999,Lisa Powers,Persona,Regular,Barcelona,España,dheredia@example.net,2020-10-20,23.0
C34000,Lizeth Angie Villamizar Mosquera,Persona,Regular,Chicago,Estados Unidos,benjaminpineiro@example.org,2021-03-17,56.0
C34001,Lara-Llamas S.C.,Empresa,Corporativo,Miami,Estados Unidos,dwilliams@hendrix-lopez.info,2024-10-29,35.0
C34002,Teodora Macias Jove,Persona,Regular,Mérida,México,godoysusana@example.org,2025-03-01,29.0
C34003,Trinidad Zayas Martínez,Persona,Regular,Chicago,Estados Unidos,sheila76@example.org,2023-08-08,27.0
C34004,Danielle Lowe,Persona,Regular,Barcelona ,España,terrysamantha@example.org,2021-08-23,50.0
C34005,Sean Hamilton,Persona,Regular,Medellín,Colombia,mmyers@example.com,2022-05-26,23.0
C34006,Ing. Eloy Munguía,Anónimo,Anónimo, Bogotá,Colombia,,2020-12-22,
C34007,Kevin Jones,Anónimo,Anónimo,Cali,Colombia,,2025-04-27,
C34008,Kike Grau,Persona,Friends Plus,Monterrey,México,ciriacocuenca@example.com,2023-05-25,26.0
C34009,Clotilde Benavente Ureña,Persona,Regular,Austin,Estados Unidos,aracelilozano@example.com,2023-04-22,45.0
C34010,Jason Levy,Persona,Regular,Chicago,Estados Unidos,ballardcynthia@example.com,2020-08-10,30.0
C34011,Ángel Ricardo Sierra,Anónimo,Anónimo,Ciudad de México,México,,2022-02-05,
C34012,"Guerrero, Pérez and Torres",Empresa,Corporativo,Ciudad de México,México,osoriodayana@guerrero.com,2020-01-07,48.0
C34013,Paola Castro Arenas,Anónimo,Anónimo,Querétaro,México,,2022-07-03,
C34014,Vito Gimenez Gracia,Anónimo,Anónimo,Seattle,Estados Unidos,,2020-02-01,
C34015,John Miguel Zambrano,Persona,Regular,Sevilla,España,grahambarbara@example.net,2021-03-24,54.0
C34016,Héctor Salas Márquez,Persona,Regular,Bilbao,España,olivaresconchita@example.org,2025-01-12,33.0
C34017,Paulina Arredondo,Persona,Friends Plus,Querétaro,México,dollygutierrez@example.com,2024-03-04,22.0
C34018,Hernando Timoteo Casanovas Lasa,Persona,Friends Plus,Buenos Aires,Argentina,arcelorenzo@example.net,2022-06-13,34.0
C34019,Toribio Aparicio Valdés,Persona,Regular,Cartagena,Colombia,maldonadonatividad@example.org,2023-09-12,31.0
C34020,Cathy Singleton,Persona,Regular,Buenos Aires,Argentina,vfranco@example.com,2020-10-26,38.0
C34021,Celia Murillo,Persona,Regular,BOSTON,Estados Unidos,qgill@example.org,2023-11-26,56.0
C34022,Leonor del Figueroa,Persona,Friends Plus,Monterrey,México,magdalena74@example.com,2020-09-05,31.0
C34023,Keith Hernandez,Persona,Regular,Bilbao,España,saul40@example.com,2020-12-18,39.0
C34024,Johanna Muñoz,Anónimo,Anónimo,Monterrey,México,,2025-01-27,
C34025,María Myriam Torres Jiménez,Persona,Regular,Bogotá,Colombia,estela56@example.net,2022-08-12,23.0
C34026,Vito Tapia Querol,Anónimo,Anónimo,Mendoza,Argentina,,2020-09-16,
C34027,April Ford,Anónimo,Anónimo,Bogotá,Colombia,,2023-10-09,
C34028,Katherine Sullivan,Persona,Regular,Mérida,México,ojedamercedes@example.org,2022-10-03,64.0
C34029,Elkin Edgar Guzmán,Persona,Regular,Barcelona,España,courtney56@example.com,2021-10-28,60.0
C34030,Claudio Pi Gámez,Anónimo,Anónimo,Bilbao,España,,2020-07-31,
C34031,Candela Blasco-Camino,Persona,Friends Plus,MIAMI,Estados Unidos,jhon76@example.com,2020-06-18,59.0
C34032,Josefina Noelia Marroquín,Anónimo,Anónimo,Austin,Estados Unidos,,2021-02-15,
C34033,Eliana Rentería Arias,Persona,Regular,Austin,Estados Unidos,carranzasofia@example.org,2020-11-02,23.0
C34034,Carmina Salas-Alarcón,Persona,Regular,Ciudad de México,México,hmoliner@example.net,2023-10-23,39.0
C34035,Nubia Escobar Caicedo,Persona,Regular,Mérida,México,loretosalamanca@example.net,2020-03-01,58.0
C34036,Lauren Li,Persona,Regular,Barranquilla,Colombia,alfredo03@example.com,2022-06-15,22.0
C34037,María Eugenia Raquel Girón,Persona,Regular,Sevilla,España,acarpio@example.net,2022-01-23,45.0
C34038,Gladis Mónica Barrios Peña,Persona,Friends Plus,Mendoza,Argentina,nellynazario@example.com,2024-01-12,35.0
C34039,Pepito Arroyo Puga,Persona,Regular,Cancún,México,alan41@example.com,2020-11-03,54.0
C34040,César Elias Villarreal,Persona,Regular,Cancún,México,oalcantar@example.org,2022-07-16,48.0
C34041,Cynthia Solís,Persona,Regular,Nueva York ,Estados Unidos,osoriooscar@example.net,2024-08-13,50.0
C34042,Lawson LLC,Empresa,Corporativo,Medellín,Colombia,jmena@galvis.biz,2022-02-22,25.0
C34043,Leonel Pulido,Anónimo,Anónimo,Ciudad de México,México,,2020-05-18,
C34044,Mark Hill MD,Persona,Regular,Boston,Estados Unidos,wwade@example.org,2020-10-04,39.0
C34045,Juan Fernando Salcedo Benavides,Persona,Regular,Chicago,Estados Unidos,mason23@example.net,2020-03-24,33.0
C34046,Esteban Muñoz,Persona,Regular,Seattle,Estados Unidos,anabel97@example.com,2024-04-05,56.0
C34047,Sebastian Galán Anglada,Persona,Regular,Bogotá,Colombia,michael00@example.com,2022-03-31,43.0
C34048,Dario Jiménez Salazar,Persona,Regular,Madrid,España,miguel68@example.net,2022-04-20,42.0
C34049,Amaro Fuster Quero,Persona,Regular,Cancún,México,alonsomoreno@example.com,2021-07-15,55.0
C34050,Zambrano y Orozco y Asociados,Empresa,Corporativo,Nueva York,Estados Unidos,moyagalo@mineria.es,2021-02-22,41.0
C34051,Smith Dairo Pérez,Persona,Regular,Cancún ,México,leedevon@example.org,2020-08-13,26.0
C34052,Anthony Boyd,Anónimo,Anónimo,Valencia,España,,2023-08-27,
C34053,Julia Horn,Persona,Friends Plus,Austin,Estados Unidos,guillermina45@example.net,2025-01-29,42.0
C34054,Milagros Carreras Ballester,Anónimo,Anónimo,Barcelona,España,,2023-05-29,
C34055,Craig Hoover,Persona,Regular,Monterrey,México,kellychristopher@example.com,2024-06-25,38.0
C34056,Candela Valera Andres,Persona,Regular,Madrid,España,dde-la-o@example.net,2023-03-09,51.0
C34057,Marcos Cañas-Arce,Persona,Regular, Querétaro,México,claudia20@example.com,2020-05-23,39.0
C34058,Adam Fowler,Persona,Regular,Miami,Estados Unidos,jacksonlaurie@example.net,2024-07-21,19.0
C34059,Christopher Barnes,Persona,Regular,NUEVA YORK,Estados Unidos,monicacardona@example.org,2020-11-27,35.0
C34060,María Bertha Barrios Ríos,Persona,Regular,Los Ángeles,Estados Unidos,efren72@example.org,2024-02-05,41.0
C34061,Iván Blázquez Caballero,Persona,Regular,Querétaro,México,castillacalixta@example.org,2023-08-29,29.0
C34062,Luz Jaramillo,Anónimo,Anónimo,NUEVA YORK,Estados Unidos,,2020-03-18,
C34063,Jordana Débora Dalmau Escalona,Persona,Regular,Querétaro ,México,liseth54@example.net,2024-09-06,18.0
C34064,Zoé Gil,Anónimo,Anónimo,Cartagena,Colombia,,2024-07-01,
C34065,Julie Hamilton,Persona,Regular,Mérida,México,ignacia56@example.net,2022-01-04,47.0
C34066,Alejandro González,Persona,Regular,Ciudad de México,México,hurtadolucia@example.net,2022-06-13,28.0
C34067,Patricio Modesto Ramón,Anónimo,Anónimo,Monterrey,México,,2021-12-03,
C34068,Laura Jaramillo Ordóñez,Persona,Regular,Boston,Estados Unidos,suarezmaicol@example.net,2024-11-14,55.0
C34069,Deborah Gomez,Persona,Regular,Cancún,México,murrayalice@example.net,2022-08-13,41.0
C34070,Rojo-Caldera,Empresa,Corporativo,Monterrey,México,carmina85@tatiana.com,2021-07-24,50.0
C34071,Ramiro Romero Pulido,Persona,Regular,Barcelona,España,angladaedmundo@example.org,2024-04-22,46.0
C34072,Roberto José Luis Mireles,Persona,Regular,Boston,Estados Unidos,maria55@example.net,2023-09-13,52.0
C34073,Michael Anderson,Persona,Regular,Querétaro,México,biancamontanez@example.com,2023-08-14,42.0
C34074,Joanna Brooks,Persona,Friends Plus,Madrid,España,violeta16@example.com,2023-09-27,48.0
C34075,Megan Moore,Persona,Regular,San Francisco,Estados Unidos,klucas@example.com,2022-07-14,25.0
C34076,Hernán Bañuelos,Persona,Regular,Querétaro,México,rbustos@example.net,2021-01-09,31.0
C34077,Gerardo Zelaya,Anónimo,Anónimo,Medellín,Colombia,,2024-01-28,
C34078,Robert Kelly,Persona,Regular,Bogotá,Colombia,egil@example.com,2022-09-03,32.0
C34079,Benjamin Boyer,Persona,Regular, Miami,Estados Unidos,garciamartha@example.com,2021-12-07,29.0
C34080,Gloria Edith Ríos Rivera,Persona,Regular,Barcelona,España,saenzhermelinda@example.net,2022-11-01,47.0
C34081,Estela del Quesada,Persona,Regular,Cali,Colombia,patricia30@example.org,2024-02-29,37.0
C34082,Ernesto James Cárdenas,Persona,Regular,Madrid,España,omullins@example.org,2023-11-14,35.0
C34083,"Arias, Morales and Díaz",Empresa,Corporativo,Mendoza,Argentina,mar73@bayon.org,2024-02-06,60.0
C34084,Carla Montez,Anónimo,Anónimo,Monterrey,México,,2021-01-12,
C34085,Banco LX S.A.,Empresa,Corporativo,Cali,Colombia,oscaragudelo@lopez.org,2023-09-11,38.0
C34086,Garcia-Hudson,Empresa,Corporativo,Rosario,Argentina,balderasdiana@jiminez-villagomez.com,2025-01-07,20.0
C34087,Selena Chico,Persona,Regular,Cancún,México,verdejofelipa@example.net,2023-06-30,42.0
C34088,Cristian Melgar,Persona,Friends Plus,Seattle,Estados Unidos,patricia65@example.com,2020-08-27,20.0
C34089,Alicia Colomer Alcolea,Persona,Regular,Monterrey,México,delgadoliseth@example.com,2025-03-14,37.0
C34090,Lic. Elias Roldán,Persona,Regular,Medellín,Colombia,rodrigo30@example.com,2021-09-04,25.0
C34091,Noelia Elena Cisneros,Persona,Regular,Madrid,España,ricartagapito@example.org,2023-08-08,33.0
C34092,Mauricio Valladares Rojo,Persona,Regular,Guadalajara,México,iriarteloreto@example.net,2020-01-21,49.0
C34093,Heather Webb,Anónimo,Anónimo,Cali,Colombia,,2023-12-29,
C34094,Mrs. Krystal Young,Persona,Regular,Córdoba,Argentina,pprada@example.net,2023-01-01,56.0
C34095,Elias Abrego,Persona,Regular,Barranquilla,Colombia,jose22@example.com,2023-04-01,31.0
C34096,Quique del Raya,Anónimo,Anónimo,Mérida,México,,2024-12-13,
C34097,María José Benito Iglesias,Persona,Friends Plus,Seattle,Estados Unidos,vargaslina@example.org,2024-04-18,45.0
C34098,Alexis Reese,Persona,Friends Plus,Bogotá,Colombia,christopherjacobs@example.com,2022-01-18,40.0
C34099,Jorge Fernando Velásquez,Anónimo,Anónimo,Monterrey,México,,2022-07-13,
C34100,Triana-Peña,Empresa,Corporativo,CIUDAD DE MÉXICO,México,elizabethhill@anderson.org,2022-07-03,22.0
C34101,Perla Saldivar,Persona,Regular, Rosario,Argentina,castelloromulo@example.com,2021-06-23,49.0
C34102,José Calderón,Persona,Regular,Mérida,México,manuela76@example.com,2023-07-26,61.0
C34103,Fernando González,Persona,Regular,Mérida,México,tejadaemiliana@example.com,2021-01-01,51.0
C34104,Ruiz Inc,Empresa,Corporativo,Córdoba,Argentina,sara19@despacho.org,2024-08-27,51.0
C34105,Carmen Quintero Miranda,Persona,Regular,Madrid,España,canomariano@example.org,2022-12-30,33.0
C34106,Ariadna Aguiló Valero,Persona,Regular,BARCELONA,España,donaldjones@example.com,2020-03-24,26.0
C34107,Alejandro Jorge Márquez,Persona,Regular,Ciudad de Mexico,México,andrew13@example.com,2023-10-02,46.0
C34108,Shannon Hall,Anónimo,Anónimo,Austin,Estados Unidos,,2024-05-24,
C34109,Marcelo Cuesta-Fuente,Persona,Regular,Chicago,Estados Unidos,jgaray@example.net,2022-01-02,53.0
C34110,Magdalena Isabela Moreno Paz,Persona,Regular,Barranquilla,Colombia,aracelisuarez@example.net,2020-07-26,49.0
C34111,Comercial Ferrera S.L.N.E,Empresa,Corporativo,Madrid,España,sorayainiguez@banco.net,2023-12-19,20.0
C34112,Jacob Ramirez,Anónimo,Anónimo,Barranquilla,Colombia,,2020-11-15,
C34113,Sabas Ródenas,Persona,Regular,BOGOTÁ,Colombia,silvano35@example.net,2020-01-04,25.0
C34114,Primitiva Gracia Salgado,Anónimo,Anónimo,Nueva York,Estados Unidos,,2022-01-10,
C34115,Andrés Vega Arrieta,Persona,Friends Plus,Cartagena,Colombia,douglasmaxwell@example.org,2023-02-20,48.0
C34116,Ana González,Persona,Friends Plus,Monterrey,México,isaaccamacho@example.org,2021-10-09,43.0
C34117,Sr. Jaime Rincón,Persona,Regular,Querétaro ,México,albinocisneros@example.net,2022-10-02,29.0
C34118,Micaela Mónica León Otero,Persona,Regular,Monterrey,México,ucamino@example.com,2020-09-26,28.0
C34119,Jose Francisco Lledó Jordá,Persona,Regular,Valencia,España,araujoainara@example.org,2023-03-02,34.0
C34120,Lucy Arias,Persona,Regular,Guadalajara,México,valadezalejandro@example.net,2021-10-30,33.0
C34121,Dalila Ana Belén Tejedor Moraleda,Persona,Regular,Cali,Colombia,bernalferney@example.com,2024-01-02,33.0
C34122,Pepe Parra Somoza,Persona,Regular,San Francisco,Estados Unidos,valenzuelagloria@example.com,2021-02-04,22.0
C34123,Josué Prada-Alsina,Persona,Regular,Medellín,Colombia,edelmira37@example.net,2020-07-11,63.0
C34124,Marcio de Galan,Anónimo,Anónimo,Sevilla,España,,2021-01-15,
C34125,Fabio Batlle Catalán,Persona,Friends Plus,Barcelona,España,lramos@example.org,2020-10-29,54.0
C34126,Omar Carranza Noriega,Persona,Friends Plus,Nueva York,Estados Unidos,pday@example.org,2023-09-17,24.0
C34127,Nicolas Park,Persona,Regular,Buenos Aires,Argentina,cecilia03@example.com,2023-04-19,21.0
C34128,Olivares S.C.,Empresa,Corporativo,Merida,México,eugenioabrego@guillen.com,2020-04-21,18.0
C34129,Julio Ricardo Guajardo Calderón,Persona,Regular,Cali,Colombia,tammiegarcia@example.net,2025-05-31,36.0
C34130,Abel Fabregat Espinosa,Anónimo,Anónimo,Mérida,México,,2021-11-22,
C34131,Miles Group,Empresa,Corporativo,Seattle,Estados Unidos,manuel95@arenas.com,2020-03-28,59.0
C34132,Desiree Allen,Anónimo,Anónimo,Sevilla,España,,2021-12-05,
C34133,Alexandra Margarita Marín Rodríguez,Persona,Regular,BOGOTÁ,Colombia,penaerika@example.org,2021-12-27,44.0
C34134,Lorenzo Olmos Rojas,Anónimo,Anónimo,Mendoza,Argentina,,2023-07-04,
C34135,Yaneth Pedraza,Persona,Regular,Sevilla,España,raquel79@example.com,2022-01-07,26.0
C34136,Karina Lucía Mota Hurtado,Persona,Regular,Valencia,España,maria30@example.org,2022-05-06,28.0
C34137,Claudio Ruelas Castellanos,Anónimo,Anónimo,Rosario,Argentina,,2021-01-12,
C34138,Wilfredo Benitez Cerro,Anónimo,Anónimo,Monterrey,México,,2025-02-08,
C34139,Robert Baker,Anónimo,Anónimo,Boston,Estados Unidos,,2023-08-10,
C34140,Cristóbal Mas Alvarado,Anónimo,Anónimo,Rosario,Argentina,,2024-03-06,
C34141,Jacob Meadows,Persona,Regular,Bilbao,España,cuadradoofelia@example.net,2020-02-17,24.0
C34142,Amanda Phillips,Anónimo,Anónimo,Mendoza,Argentina,,2022-03-13,
C34143,Maricela Navarro Martí,Persona,Regular, Barranquilla,Colombia,mariosarabia@example.com,2022-05-16,48.0
C34144,Esperanza Viviana Mena Rodríguez,Persona,Regular,Cancún,México,tomas19@example.org,2021-11-19,55.0
C34145,Theresa Lozano,Persona,Regular,Valencia,España,kclark@example.com,2024-09-26,26.0
C34146,Brittany Roman,Persona,Friends Plus, Mendoza,Argentina,almanzamaria@example.com,2022-05-30,47.0
C34147,Dominga del Pelayo,Persona,Regular,Mendoza,Argentina,juanolson@example.net,2024-08-31,55.0
C34148,Ricarda Blanco Vallés,Anónimo,Anónimo,Los Ángeles,Estados Unidos,,2022-12-05,
C34149,Dawn Daniels,Persona,Regular,Madrid,España,davisdenise@example.com,2024-11-27,61.0
C34150,Pedrero & Asociados S.Com.,Empresa,Corporativo,Miami,Estados Unidos,ogras@promociones.org,2021-12-30,54.0
C34151,Ing. Joaquín Rosario,Persona,Regular,Miami,Estados Unidos,williemiller@example.net,2022-04-15,51.0
C34152,María González Franco,Anónimo,Anónimo,Boston,Estados Unidos,,2021-10-20,
C34153,Yolanda Tania Páez,Anónimo,Anónimo,Medellín,Colombia,,2020-12-21,
C34154,Munguía e Hijos,Empresa,Corporativo,San Francisco,Estados Unidos,fabio20@mora-mesa.com,2024-09-12,29.0
C34155,Hernán Esteve Valle,Persona,Regular,Bilbao,España,bishopguy@example.org,2023-01-05,28.0
C34156,Teófila Ortega Sevilla,Persona,Friends Plus, Cali,Colombia,derek59@example.com,2022-09-26,32.0
C34157,Daniel Ward,Persona,Regular,Monterrey,México,miguel92@example.org,2023-08-10,34.0
C34158,Nilo Aranda Casas,Persona,Regular,Medellín,Colombia,elizabethrubio@example.com,2022-08-08,34.0
C34159,Marianela Escribano Santos,Persona,Regular,Bogotá,Colombia,lopezcecilia@example.com,2020-10-08,48.0
C34160,Aura Contreras Caicedo,Persona,Regular,Mérida,México,zamoraruben@example.net,2021-05-03,55.0
C34161,Sebastián Giraldo Rodríguez,Persona,Regular,Barranquilla,Colombia,juan44@example.com,2024-08-08,64.0
C34162,Josefa Codina Azcona,Persona,Regular, Guadalajara,México,xcastillo@example.net,2022-03-28,57.0
C34163,Natanael de Lamas,Persona,Regular,QUERÉTARO,México,warddavid@example.net,2024-07-20,46.0
C34164,Conrado Marcos Dávila,Persona,Regular,Miami,Estados Unidos,colleen26@example.net,2025-01-09,51.0
C34165,Rubén Bernal Correa,Anónimo,Anónimo, Madrid,España,,2023-04-15,
C34166,Claudia Judith Quintero García,Persona,Regular,Cali,Colombia,itate@example.com,2022-12-21,60.0
C34167,Alonso Garrido Rodríguez,Anónimo,Anónimo,Austin,Estados Unidos,,2020-02-12,
C34168,Gustavo Samaniego,Persona,Regular,San Francisco,Estados Unidos,janethriascos@example.net,2024-04-05,59.0
C34169,Luke Schwartz,Persona,Regular,Nueva York,Estados Unidos,bmedina@example.com,2025-01-25,18.0
C34170,Pascual Saldivar,Persona,Regular,Miami,Estados Unidos,jessica51@example.com,2024-12-04,56.0
C34171,Patricia Rojas Archuleta,Persona,Regular,Bilbao,España,lozadaflavio@example.net,2024-03-02,49.0
C34172,Domingo Nando Dávila Mateo,Persona,Friends Plus,Bogotá,Colombia,vinafabiola@example.net,2024-03-14,50.0
C34173,Ariel Avilés Cruz,Persona,Regular,Monterrey,México,anguianodaniel@example.net,2022-11-15,35.0
C34174,Julia María Elena Serna Amaya,Persona,Regular, Mérida,México,amolina@example.org,2025-01-02,53.0
C34175,Diana Bryant,Anónimo,Anónimo,Barranquilla,Colombia,,2020-05-02,
C34176,Fidela de Mendizábal,Persona,Regular,Córdoba,Argentina,luis-manuelchavez@example.com,2020-12-08,62.0
C34177,Ing. Alonso Acuña,Persona,Regular,Nueva York,Estados Unidos,richardclark@example.com,2022-07-05,29.0
C34178,Fernando Almazán Vall,Anónimo,Anónimo,Monterrey,México,,2020-02-05,
C34179,Lisa Jackson,Persona,Regular,Cartagena ,Colombia,miguelcastro@example.com,2020-09-08,35.0
C34180,Guadalupe Zabaleta Santamaría,Persona,Regular,Guadalajara,México,monsalvepablo@example.com,2021-03-30,36.0
C34181,Julieth Alejandra Rodríguez,Persona,Regular,Merida,México,bradley88@example.com,2021-06-10,19.0
C34182,Ricardo Zapata,Persona,Regular,Rosario,Argentina,tsomoza@example.org,2023-05-31,24.0
C34183,Amanda Cynthia Rentería,Anónimo,Anónimo,San Francisco,Estados Unidos,,2020-09-05,
C34184,"Vaughn, Good and Ward",Empresa,Corporativo, Nueva York,Estados Unidos,guillermoperez@rios.net,2024-05-06,54.0
C34185,Soledad Georgina Bañuelos Garibay,Persona,Friends Plus,Nueva York,Estados Unidos,tapiadolores@example.net,2023-06-28,29.0
C34186,Kelly Hines,Persona,Regular,Barranquilla,Colombia,evaldes@example.org,2023-10-07,18.0
C34187,Jose Reed,Persona,Regular,Mendoza,Argentina,jrocha@example.com,2025-01-04,38.0
C34188,Glenda Johnson,Persona,Regular,Bogotá,Colombia,campbellmichael@example.net,2020-05-11,47.0
C34189,Carlos Antonio Muñoz González,Persona,Regular,Monterrey,México,narvaezmanuel@example.org,2021-09-19,54.0
C34190,Daryl Parks,Persona,Friends Plus,Cancún,México,wquintanilla@example.org,2024-03-24,45.0
C34191,Daniel Small,Persona,Regular,Bogotá,Colombia,john21@example.com,2021-06-14,39.0
C34192,Mary Eugenia Bonilla,Anónimo,Anónimo,Guadalajara,México,,2021-06-04,
C34193,Beatriz Sebastián Giner,Persona,Regular,Ciudad de Mexico,México,mariselaheredia@example.net,2020-09-07,21.0
C34194,Carmen Sepúlveda,Persona,Friends Plus,Nueva York,Estados Unidos,faustino15@example.com,2025-01-25,47.0
C34195,Aurelio Sosa,Anónimo,Anónimo,Rosario,Argentina,,2025-04-26,
C34196,Carlos Vicente Murillo Palacio,Persona,Regular,Cali,Colombia,xandrade@example.net,2022-04-04,21.0
C34197,Enith Martínez,Persona,Regular,Mendoza,Argentina,parrishdanielle@example.net,2021-10-06,25.0
C34198,Mónica Perera Oller,Persona,Regular,Valencia,España,ewong@example.com,2023-04-30,45.0
C34199,Andrés Diego Trujillo Correa,Persona,Regular,Monterrey,México,baudeliomartinez@example.org,2022-02-26,39.0
C34200,Proyectos Segura-Matos,Empresa,Corporativo,Boston,Estados Unidos,aurorabecerra@laboratorios.com,2020-02-03,53.0
C34201,Hernando Mauricio Carreras Castells,Persona,Regular,Valencia,España,ggibert@example.net,2024-09-17,53.0
C34202,Jacobo Alvaro Miranda Aranda,Persona,Regular,Ciudad de México,México,cuestamaria@example.net,2022-12-11,39.0
C34203,Hernando Ronald Guevara,Persona,Friends Plus,Chicago,Estados Unidos,pgalarza@example.net,2025-05-01,40.0
C34204,Teresa Martínez Palacio,Persona,Regular,Guadalajara,México,carolina61@example.org,2020-08-01,29.0
C34205,Victor Manuel Abella-Vigil,Persona,Regular, Monterrey,México,luis13@example.net,2024-06-18,51.0
C34206,Joe Smith MD,Anónimo,Anónimo,Miami,Estados Unidos,,2021-12-19,
C34207,Paola Gómez,Persona,Friends Plus,Córdoba,Argentina,andrea53@example.org,2022-05-03,26.0
C34208,Katherine Reid,Persona,Friends Plus,Mérida,México,indiraluna@example.net,2023-10-04,64.0
C34209,Plinio Moll Batlle,Persona,Regular,Boston,Estados Unidos,gcuadrado@example.net,2021-09-18,22.0
C34210,Chus Suarez,Persona,Regular,Seattle,Estados Unidos,walshryan@example.net,2021-04-12,62.0
C34211,Dayana Rosario Ortiz Cruz,Persona,Regular,Bogotá,Colombia,gomezluis@example.com,2022-01-25,63.0
C34212,Maria Miles,Persona,Regular,Córdoba,Argentina,jorgezuluaga@example.net,2021-12-29,62.0
C34213,Segundo Manuel López Vásquez,Persona,Regular,Boston,Estados Unidos,alexandravaldez@example.org,2024-06-24,60.0
C34214,Jill Freeman,Persona,Friends Plus,Nueva York,Estados Unidos,lucaslucero@example.com,2021-10-27,26.0
C34215,Tomás Blanca Chamorro,Persona,Friends Plus,Cancún,México,escalonaasuncion@example.org,2022-11-10,48.0
C34216,Aránzazu Moraleda Corral,Persona,Regular,Bogotá,Colombia,heathervasquez@example.com,2021-04-30,32.0
C34217,Eugenia Niño,Anónimo,Anónimo,Austin,Estados Unidos,,2023-11-23,
C34218,Miguel Ocasio,Persona,Friends Plus,Austin,Estados Unidos,guzmanharold@example.com,2024-09-12,50.0
C34219,Brianna Cox,Persona,Regular,Rosario,Argentina,wgodinez@example.com,2022-03-29,32.0
C34220,Martín Alonso Avilés,Persona,Regular,Mendoza,Argentina,christina09@example.org,2021-07-12,25.0
C34221,León Fajardo Rojas,Anónimo,Anónimo,Seattle,Estados Unidos,,2022-11-27,
C34222,Margarita Rosa Pizarro Tamayo,Persona,Regular,Barcelona,España,jacinta14@example.org,2024-07-28,55.0
C34223,Hernán Pino Fuertes,Persona,Regular,Cancún,México,ualfaro@example.net,2020-01-30,31.0
C34224,Elisa Porras Quezada,Persona,Regular,Bogotá,Colombia,gonzalodiaz@example.org,2022-10-19,56.0
C34225,Jeremy Gonzalez,Persona,Regular,Guadalajara,México,toddfigueroa@example.net,2020-02-13,28.0
C34226,José Guerrero,Anónimo,Anónimo,Bogotá,Colombia,,2021-08-26,
C34227,"Gibson, Gordon and Carter",Empresa,Corporativo,Mendoza,Argentina,yolanda76@jaimes-avila.com,2024-07-27,63.0
C34228,Jennifer Wilson,Persona,Regular,Bogotá,Colombia,salcedoelena@example.net,2020-07-12,47.0
C34229,Andrew Nelson,Persona,Regular,Medellín,Colombia,tammyboyd@example.org,2023-05-09,41.0
C34230,Janeth Ramírez,Persona,Regular,BILBAO,España,lorena35@example.net,2022-10-23,33.0
C34231,Jennifer Cooper,Persona,Regular,Los Ángeles,Estados Unidos,psmith@example.com,2022-02-14,44.0
C34232,"Despacho Quiñones, Quintanilla y Cintrón",Empresa,Corporativo,Medellín,Colombia,antonia62@velez-salcido.com,2024-10-12,54.0
C34233,Alonso Cabañas Terrón,Persona,Friends Plus,Los Ángeles,Estados Unidos,kimberly49@example.org,2022-12-20,30.0
C34234,Aaron Andrews,Persona,Friends Plus,Cali,Colombia,philipboone@example.net,2023-08-30,49.0
C34235,Ainara Paca Campos Quiroga,Persona,Regular,Sevilla,España,nhawkins@example.com,2022-11-08,47.0
C34236,Nicolás Cavazos Griego,Persona,Friends Plus,Medellín,Colombia,nellyramos@example.net,2023-11-22,38.0
C34237,Elvira Ramis-Río,Anónimo,Anónimo,Austin,Estados Unidos,,2020-12-02,
C34238,Cornelio Santiago Fernández,Persona,Regular,Los Ángeles,Estados Unidos,torrespatricia@example.net,2023-07-14,63.0
C34239,Samuel Esquibel Navarro,Persona,Regular,Los Ángeles,Estados Unidos,avizcaino@example.org,2021-09-30,40.0
C34240,Íñigo Gargallo Palomo,Anónimo,Anónimo,Bilbao,España,,2024-08-26,
C34241,Christine Newman,Persona,Friends Plus,Los Ángeles,Estados Unidos,fredy75@example.com,2025-05-13,25.0
C34242,Tijerina-Lugo,Empresa,Corporativo,Cancún,México,solagloria@murcia.es,2021-02-01,57.0
C34243,Oswaldo Molina Lara,Persona,Regular,Cancún,México,jpaez@example.com,2021-12-19,40.0
C34244,Nicole Maxwell,Persona,Friends Plus,Guadalajara,México,manuelagranados@example.net,2023-12-02,39.0
C34245,Toño Lobo Figuerola S.C.P,Empresa,Corporativo,Boston,Estados Unidos,ernesto15@pena-parra.com,2022-07-04,55.0
C34246,Mark Palmer,Persona,Regular,Barranquilla,Colombia,sharon80@example.net,2025-05-07,41.0
C34247,Joshua Ford,Persona,Friends Plus,Mérida,México,amberpatrick@example.net,2023-08-01,37.0
C34248,Matthew Johnson,Anónimo,Anónimo,Los Ángeles,Estados Unidos,,2025-01-18,
C34249,Guiomar Ambrosio Torrijos Alsina,Persona,Friends Plus, Miami,Estados Unidos,ltalavera@example.org,2021-02-16,32.0
C34250,Eloisa Sierra,Persona,Regular,Chicago,Estados Unidos,cameronpatel@example.net,2023-03-28,19.0
C34251,Lic. Estela Gaitán,Anónimo,Anónimo,Mérida,México,,2023-10-04,
C34252,Ing. Anabel Padilla,Anónimo,Anónimo,Seattle,Estados Unidos,,2024-12-07,
C34253,Nerea Maldonado Carbajo,Anónimo,Anónimo,Sevilla,España,,2024-10-21,
C34254,Christian Miguel Rojas,Anónimo,Anónimo,Cancún ,México,,2025-05-27,
C34255,Natalie Flores,Persona,Regular,Valencia,España,ychan@example.com,2020-05-30,27.0
C34256,Nathalia Luisa Reyes López,Persona,Regular,Merida,México,andradealba@example.org,2022-03-10,21.0
C34257,Jose Ignacio Sebastián-Barranco,Persona,Friends Plus, Querétaro,México,mariasanchez@example.com,2024-10-02,55.0
C34258,Carmen Álvarez Gómez,Anónimo,Anónimo,Sevilla,España,,2024-08-23,
C34259,Primitiva Ribera Landa,Anónimo,Anónimo,Seattle,Estados Unidos,,2021-07-04,
C34260,Dra. Amanda Rojas,Anónimo,Anónimo,Cancún ,México,,2020-04-04,
C34261,Fernando Díaz,Persona,Friends Plus,Ciudad de Mexico,México,belen98@example.org,2024-06-11,60.0
C34262,Campbell PLC,Empresa,Corporativo,Los Ángeles,Estados Unidos,lisa60@cobb-gay.com,2021-12-19,45.0
C34263,Salud Valera,Persona,Friends Plus,Querétaro,México,martharios@example.org,2021-04-24,48.0
C34264,Ing. Mario Sáenz,Persona,Friends Plus,Barcelona,España,rosa09@example.com,2024-03-24,50.0
C34265,Ana Luisa Karla Carvajal,Persona,Regular,Guadalajara,México,vmondragon@example.com,2025-04-04,26.0
C34266,Onofre Fajardo Casado,Persona,Regular,Miami,Estados Unidos,custodiogonzalo@example.org,2022-08-21,56.0
C34267,Encarnación Olivia Saavedra Farré,Anónimo,Anónimo,Buenos Aires,Argentina,,2023-04-17,
C34268,Nicholas Johnson,Persona,Regular,Querétaro ,México,maria80@example.com,2022-05-18,56.0
C34269,Emperatriz Ribas Borrell,Persona,Regular,Nueva York,Estados Unidos,esperanza45@example.com,2020-12-28,36.0
C34270,Marisol Barrera-Carballo,Persona,Friends Plus,Córdoba,Argentina,smithchristina@example.org,2024-01-27,46.0
C34271,Kristin Curtis,Persona,Friends Plus,Mendoza,Argentina,duranamparo@example.org,2022-10-17,20.0
C34272,Ing. Sofía Sierra,Persona,Friends Plus,Barranquilla,Colombia,qaguayo@example.com,2025-01-12,33.0
C34273,Yésica María Pineda,Persona,Regular,Cali,Colombia,carreramodesto@example.net,2023-06-21,58.0
C34274,"Guerrero, Narváez and Suárez",Empresa,Corporativo,Madrid,España,crios@sanchez.info,2020-08-04,38.0
C34275,Margarita Yazmín Cuesta Quintero,Anónimo,Anónimo,Bogotá,Colombia,,2024-06-11,
C34276,Hnos Ortega S.A.,Empresa,Corporativo,Barcelona,España,llorentedesiderio@talleres.com,2020-02-18,40.0
C34277,Román Clemente Azcona Izquierdo,Persona,Regular,Los Ángeles,Estados Unidos,crespojavier@example.org,2021-07-01,38.0
C34278,Construcción Olmo y asociados S.L.N.E,Empresa,Corporativo,Madrid,España,amador99@tafoya-lerma.net,2021-04-15,23.0
C34279,Jessica Taylor,Persona,Regular,Los Ángeles,Estados Unidos,rico12@example.com,2020-09-12,39.0
C34280,Ana Cabrera,Persona,Regular,Barranquilla,Colombia,usingleton@example.com,2020-12-13,49.0
C34281,Andrew Mejia,Persona,Regular,Barcelona,España,alfonso06@example.com,2020-11-04,39.0
C34282,Inés Paula Riascos Hernández,Persona,Friends Plus,Valencia,España,ricardofuentes@example.org,2021-02-08,45.0
C34283,Benito Agustín Villaseñor,Anónimo,Anónimo,San Francisco,Estados Unidos,,2024-06-07,
C34284,Anita Mármol Asenjo,Persona,Regular,Medellín,Colombia,jose97@example.com,2024-04-09,46.0
C34285,Nicolás Cazares Cordero,Anónimo,Anónimo,Rosario,Argentina,,2023-10-22,
C34286,Horacio Medrano,Persona,Regular,Bogotá ,Colombia,pcaldera@example.org,2021-04-30,24.0
C34287,Paola Castañeda,Persona,Regular,Valencia,España,levijohnson@example.org,2024-03-01,55.0
C34288,"Lee, Smith and Russell",Empresa,Corporativo,Querétaro,México,uriaserafina@servicios.com,2021-03-13,55.0
C34289,José Alejandro Galindo,Persona,Regular,Medellín,Colombia,basilio48@example.net,2020-01-09,35.0
C34290,Alejandro Evelio Arce Acevedo,Anónimo,Anónimo,Madrid,España,,2023-10-17,
C34291,Silvia Bello-Morcillo,Persona,Regular,Barranquilla,Colombia,aleida34@example.org,2021-10-02,20.0
C34292,William King,Persona,Regular,Mendoza,Argentina,garmendiaarmando@example.net,2021-12-29,55.0
C34293,Antonio Luis Vega Díaz,Persona,Regular, Bilbao,España,liliana62@example.com,2022-01-10,39.0
C34294,Armando Carmona,Persona,Regular,Los Ángeles,Estados Unidos,cristobalperera@example.net,2024-09-24,54.0
C34295,Srita. Abril Brito,Persona,Regular,Cancún,México,manuelsmith@example.com,2021-01-16,34.0
C34296,Rose Goodwin,Persona,Regular,Rosario,Argentina,aroa66@example.org,2021-07-02,58.0
C34297,Gladys Sánchez,Anónimo,Anónimo,Austin,Estados Unidos,,2025-03-17,
C34298,Angélica María Molina Zúñiga,Persona,Regular, Medellín,Colombia,mitzyverdugo@example.com,2025-01-02,44.0
C34299,Nicolás Cadenas Arévalo,Persona,Regular,San Francisco,Estados Unidos,yaparicio@example.com,2023-04-05,60.0
C34300,Amanda Shelton,Anónimo,Anónimo,Córdoba,Argentina,,2023-02-24,
C34301,Courtney Morris,Persona,Regular,Madrid,España,caridadalfaro@example.net,2020-08-18,58.0
C34302,Eduardo Bernal Romero,Persona,Regular,Mendoza,Argentina,juan-antoniosalmeron@example.org,2024-06-26,18.0
C34303,Francy Fajardo,Anónimo,Anónimo,Córdoba,Argentina,,2020-10-11,
C34304,Fabio Gallart Querol,Persona,Regular,Austin,Estados Unidos,arturo13@example.org,2021-09-10,24.0
C34305,Nydia Gomis Marti,Anónimo,Anónimo,Madrid ,España,,2021-08-26,
C34306,Caicedo-Agudelo,Empresa,Corporativo,Mérida,México,pettygeorge@jefferson-williams.com,2022-05-24,42.0
C34307,Jessica Skinner,Persona,Friends Plus,Cali,Colombia,juanobando@example.com,2021-11-14,57.0
C34308,Josefina del Río,Persona,Regular,Valencia,España,dunnbrian@example.org,2022-09-15,20.0
C34309,David Stephens,Anónimo,Anónimo,Querétaro,México,,2023-03-19,
C34310,Andrew Charles,Persona,Regular,Córdoba,Argentina,sean45@example.org,2022-12-30,40.0
C34311,"Angulo, León and Rodríguez",Empresa,Corporativo,Mérida,México,harrismartha@robinson.biz,2022-12-08,51.0
C34312,Bianca Lilia Colunga,Persona,Friends Plus,Barranquilla,Colombia,restrepoarturo@example.com,2022-09-07,50.0
C34313,Felipe Quezada,Anónimo,Anónimo,Medellín,Colombia,,2021-03-14,
C34314,Kevin Hall,Anónimo,Anónimo,Monterrey ,México,,2023-07-28,
C34315,Marina Sandra Narváez Ardila,Persona,Regular,Barranquilla,Colombia,zolivarez@example.net,2021-03-26,37.0
C34316,Nathan Hawkins,Persona,Regular,Cancún,México,paulinabaena@example.com,2020-11-22,45.0
C34317,"Griffith, Ferguson and Preston",Empresa,Corporativo,Seattle,Estados Unidos,epaz@alejandro.com,2020-03-26,62.0
C34318,James Johnson,Persona,Friends Plus,Chicago,Estados Unidos,escobarnelly@example.org,2022-12-04,45.0
C34319,Eliseo Solsona-Valenciano,Persona,Regular,Córdoba,Argentina,ssalgado@example.org,2021-05-07,22.0
C34320,José Eduardo Ceballos,Persona,Regular,Ciudad de México,México,domitilaiglesias@example.com,2021-11-11,44.0
C34321,Hilda Mitzy Morales Aguilera,Persona,Friends Plus,Austin,Estados Unidos,opaz@example.net,2023-08-20,34.0
C34322,Keith Harris,Persona,Regular,San Francisco,Estados Unidos,lopezchus@example.com,2020-03-21,29.0
C34323,Ashley Williams,Anónimo,Anónimo,Sevilla,España,,2020-12-11,
C34324,María Ruiz Sánchez,Persona,Friends Plus,Valencia,España,sosborne@example.com,2020-08-18,60.0
C34325,Emilio Marco Antonio Alvarez,Persona,Regular,Chicago,Estados Unidos,claraocampo@example.net,2023-09-26,39.0
C34326,Juan Iván Londoño López,Persona,Regular,Querétaro,México,odavid@example.com,2020-07-31,53.0
C34327,Kristin Mills,Persona,Regular,Barranquilla,Colombia,carrilloestefania@example.net,2024-09-18,27.0
C34328,Verónica Zabala Páez,Persona,Regular,CALI,Colombia,ncooley@example.net,2023-03-29,20.0
C34329,Rachel Gardner,Anónimo,Anónimo,Boston,Estados Unidos,,2021-07-06,
C34330,Mayte del Valle Garica,Persona,Regular,Barranquilla,Colombia,zmaynard@example.com,2022-03-20,44.0
C34331,Joshua Carlson,Persona,Regular,Barranquilla,Colombia,robert90@example.org,2020-03-25,33.0
C34332,Faustino Redondo Girona,Anónimo,Anónimo,Monterrey,México,,2023-01-06,
C34333,Juan Jorge Beltrán,Persona,Friends Plus,Ciudad de México,México,rosasuarez@example.com,2024-09-14,27.0
C34334,Carmen Villamil,Persona,Regular,Barcelona,España,lermarufino@example.org,2022-08-14,54.0
C34335,Kaitlyn Martinez,Persona,Regular,Mérida,México,ucadena@example.net,2025-04-01,41.0
C34336,Amador del Izaguirre,Persona,Friends Plus,Monterrey,México,ruperta86@example.net,2021-06-27,28.0
C34337,Christina Decker,Persona,Regular, Barranquilla,Colombia,ysegovia@example.com,2023-10-08,35.0
C34338,Carmen Alzate Rueda,Persona,Regular,Los Ángeles,Estados Unidos,gcordoba@example.com,2024-04-05,35.0
C34339,Pacífica Fonseca-Solano,Persona,Friends Plus,Buenos Aires,Argentina,corralbianca@example.org,2022-10-01,34.0
C34340,Brenda Robbins,Persona,Regular,Cali,Colombia,qberenguer@example.com,2023-02-22,25.0
C34341,Bravo Inc,Empresa,Corporativo,Barranquilla,Colombia,ssuarez@espinosa-olaya.com,2023-09-18,62.0
C34342,Dominga Puga Porras,Anónimo,Anónimo,Miami,Estados Unidos,,2020-07-23,
C34343,Linda Ortiz,Persona,Regular,Barranquilla,Colombia,monicamarquez@example.net,2021-06-01,45.0
C34344,Nicole Shaw,Persona,Regular,Córdoba,Argentina,wilsonwilliam@example.com,2022-02-27,20.0
C34345,Simón Pintor Prieto,Persona,Regular,Querétaro,México,alberto80@example.com,2022-08-24,32.0
C34346,"Herman, Mack and Spears",Empresa,Corporativo,San Francisco,Estados Unidos,fanny36@orjuela.org,2021-07-04,24.0
C34347,Ing. Adela Franco,Anónimo,Anónimo,Sevilla,España,,2024-03-11,
C34348,Tyler Perez,Persona,Regular,San Francisco,Estados Unidos,juan75@example.org,2020-09-01,52.0
C34349,Ing. Esmeralda Hernádez,Persona,Regular,Buenos Aires,Argentina,miriam89@example.org,2024-07-05,32.0
C34350,Kelly Carroll,Persona,Regular,Bogotá,Colombia,lermaelvira@example.org,2023-04-17,34.0
C34351,Jared Cunningham,Persona,Regular,Cartagena,Colombia,yalfaro@example.net,2025-03-26,45.0
C34352,Melissa Gonzales,Persona,Friends Plus,Cartagena,Colombia,castroalejandro@example.com,2022-05-09,54.0
C34353,Tonya Jones,Persona,Regular,Rosario,Argentina,joaquin65@example.net,2021-01-16,55.0
C34354,"Industrias Zarate, Olivo y Patiño",Empresa,Corporativo,Los Ángeles,Estados Unidos,tylerwood@rodriguez.com,2020-07-27,35.0
C34355,Glenn Baker,Anónimo,Anónimo,Boston,Estados Unidos,,2023-02-05,
C34356,Dr. Lucas Padilla,Persona,Regular,Barranquilla,Colombia,clementina57@example.org,2021-07-01,42.0
C34357,Agustín Mata,Persona,Friends Plus, San Francisco,Estados Unidos,evansevelyn@example.org,2020-10-22,63.0
C34358,Samanta Cabello-Ferrero,Anónimo,Anónimo,BOGOTÁ,Colombia,,2023-04-09,
C34359,Victoria Ramírez,Persona,Regular,Querétaro,México,ortizgloria@example.com,2023-04-28,33.0
C34360,Dr. Silvano Gaytán,Anónimo,Anónimo,Mendoza,Argentina,,2024-08-08,
C34361,Laboratorios Cotto y Bahena,Empresa,Corporativo,Seattle,Estados Unidos,octavio07@torres-colunga.com,2021-10-22,39.0
C34362,Srita. Blanca de la Torre,Persona,Regular,Barranquilla,Colombia,castrilloncarolina@example.com,2025-03-17,46.0
C34363,Timothy Watson,Persona,Regular,Monterrey,México,parkermartha@example.org,2024-07-09,37.0
C34364,Jennifer Jenkins,Persona,Regular,Los Ángeles,Estados Unidos,yrodriguez@example.com,2023-11-14,53.0
C34365,Emelina Romeu Vilar,Persona,Regular,San Francisco,Estados Unidos,perezpablo@example.org,2024-05-18,35.0
C34366,Maria Anderson,Persona,Regular,Cancún,México,curtisjenna@example.org,2025-03-08,30.0
C34367,Abel Sánchez,Persona,Friends Plus, Chicago,Estados Unidos,georginamoles@example.net,2025-04-23,29.0
C34368,Rafaela del Mulet,Anónimo,Anónimo,Nueva York,Estados Unidos,,2021-10-01,
C34369,Jimena Roselló-Salinas,Anónimo,Anónimo,Boston,Estados Unidos,,2024-02-09,
C34370,Ing. Nicolás Carbajal,Persona,Friends Plus,QUERÉTARO,México,nubia58@example.org,2024-05-19,64.0
C34371,Harry Fischer,Persona,Regular,Cancún,México,elvia05@example.net,2022-12-09,27.0
C34372,Kathleen Wu,Anónimo,Anónimo,Barcelona,España,,2020-09-30,
C34373,Dimas Bravo,Persona,Regular,CÓRDOBA,Argentina,kimberlycrosby@example.org,2022-09-06,40.0
C34374,Cabrera-Polanco,Empresa,Corporativo,Ciudad de México,México,mariahurtado@ramirez.com,2023-02-17,39.0
C34375,Luis Miguel Antonio Puente Ruelas,Persona,Regular,Chicago,Estados Unidos,vvilla@example.com,2022-11-20,47.0
C34376,Bryan Enrique López,Persona,Friends Plus,Ciudad de México,México,yrodriguez@example.org,2020-06-14,39.0
C34377,Nicholas Norton,Persona,Regular,San Francisco,Estados Unidos,dhogan@example.net,2021-01-07,55.0
C34378,Steven Leonardo Loaiza Rincón,Anónimo,Anónimo,Mendoza,Argentina,,2024-01-08,
C34379,Heather Mendoza,Persona,Regular,Seattle,Estados Unidos,umoore@example.net,2023-07-27,51.0
C34380,Albano Mata-Llobet,Persona,Friends Plus,Sevilla,España,santiago39@example.com,2025-04-20,23.0
C34381,Michael Foster,Persona,Regular,Los Ángeles,Estados Unidos,xbedoya@example.net,2025-02-14,46.0
C34382,Alberto Daniel Carvajal Hernández,Anónimo,Anónimo,Monterrey,México,,2021-05-30,
C34383,Leyva-Carrera S.A.,Empresa,Corporativo,Boston,Estados Unidos,alexis24@rincon.com,2023-06-30,23.0
C34384,Alfonso Serrano Carranza,Persona,Regular,Barranquilla,Colombia,littlemonica@example.com,2024-12-08,58.0
C34385,Evelio Salazar,Persona,Regular,Barranquilla,Colombia,bermudezblanca@example.net,2023-07-01,26.0
C34386,Ing. Vanesa Espino,Persona,Friends Plus,San Francisco,Estados Unidos,camilocanales@example.net,2023-05-15,38.0
C34387,Natividad Rosa Maldonado,Persona,Regular, Barcelona,España,yolandaquinones@example.com,2021-07-27,52.0
C34388,Alejandro Guerrero Castaño,Persona,Regular,Medellín,Colombia,andrew22@example.net,2024-11-08,61.0
C34389,Victoria Phillips,Persona,Friends Plus,Mendoza,Argentina,dulce98@example.com,2024-05-16,20.0
C34390,Kristin Smith,Anónimo,Anónimo,Mérida,México,,2020-06-11,
C34391,Hermanos Gargallo S.L.,Empresa,Corporativo,Madrid,España,normazamora@llamas-cordova.org,2022-05-25,29.0
C34392,Alexandra Vanegas,Persona,Friends Plus,Sevilla,España,claudia80@example.org,2024-08-05,51.0
C34393,Hernandez-Blankenship,Empresa,Corporativo,Boston,Estados Unidos,villegasdavid@robinson.biz,2021-04-12,61.0
C34394,Débora Malave,Anónimo,Anónimo,Guadalajara,México,,2021-09-15,
C34395,Dalila del Menéndez,Persona,Regular,Los Ángeles,Estados Unidos,kdiaz@example.org,2022-09-24,34.0
C34396,Luis Andrés Mendoza,Persona,Regular,Cartagena,Colombia,tellezandrea@example.org,2022-07-29,18.0
C34397,Lina Diana Gómez Parra,Persona,Regular,Rosario,Argentina,lori47@example.net,2021-01-31,40.0
C34398,Amanda Smith,Anónimo,Anónimo,Valencia,España,,2021-05-24,
C34399,Lina Rivera,Anónimo,Anónimo,Guadalajara,México,,2020-06-22,
C34400,Mateo Gabino Naranjo Gil,Persona,Regular, Sevilla,España,serafinblanco@example.net,2020-08-19,44.0
C34401,Emilio Daniel Alva Báez,Persona,Friends Plus,Nueva York,Estados Unidos,espanollucia@example.com,2023-04-30,30.0
C34402,Raquel Alvarado,Persona,Friends Plus,Cancún,México,astrid76@example.com,2023-01-09,29.0
C34403,Johnathan Harrington,Persona,Friends Plus,Buenos Aires ,Argentina,daniel42@example.com,2021-04-17,52.0
C34404,Fábrica KFAB S.A.,Empresa,Corporativo,Bogotá,Colombia,estrella08@hotel.net,2024-07-15,33.0
C34405,Danielle Johnson,Persona,Friends Plus, Cancún,México,lcoloma@example.net,2024-02-16,36.0
C34406,Pamela Carbajal,Persona,Regular,Rosario,Argentina,susanthomas@example.org,2022-12-27,58.0
C34407,María Fábregas Garcés,Anónimo,Anónimo,Rosario,Argentina,,2024-06-30,
C34408,Thompson and Sons,Empresa,Corporativo,Rosario,Argentina,andreaarana@supermercados.es,2020-12-19,43.0
C34409,Guillermo Navarrete,Persona,Friends Plus,San Francisco,Estados Unidos,arteagajessica@example.net,2020-11-18,18.0
C34410,Dario Ruiz,Anónimo,Anónimo,Seattle,Estados Unidos,,2024-06-19,
C34411,Chucho Miró Espejo,Persona,Regular,Chicago,Estados Unidos,marcelatijerina@example.com,2023-01-26,43.0
C34412,Alma Uribe Iglesias,Persona,Friends Plus,Barranquilla,Colombia,yesidmartinez@example.org,2024-10-09,52.0
C34413,Jason Austin,Persona,Regular,Madrid,España,wmartin@example.com,2023-06-05,30.0
C34414,Karen Pulido,Anónimo,Anónimo,Bogotá,Colombia,,2022-05-12,
C34415,Shane Gamble,Persona,Regular,Guadalajara,México,hsalgado@example.net,2020-01-08,25.0
C34416,Elena Carmenza Nieto Núñez,Persona,Regular,Los Ángeles,Estados Unidos,nicole52@example.org,2020-11-08,54.0
C34417,Carmen María Cárdenas,Persona,Friends Plus,Guadalajara,México,william05@example.net,2024-07-27,20.0
C34418,Carlota Padrón,Persona,Regular,Mérida,México,silviahernandez@example.com,2021-03-17,28.0
C34419,Candelas Calvo Alegria,Persona,Regular,Córdoba,Argentina,nancyvasquez@example.org,2022-08-14,29.0
C34420,María Elena Saavedra Solano,Persona,Regular,Bogotá,Colombia,sessaibarra@example.net,2024-06-16,39.0
C34421,Leoncio Abril Rodriguez,Persona,Regular,Mérida,México,flor40@example.net,2022-08-22,31.0
C34422,Tomás Valenzuela Jimínez,Persona,Regular,MIAMI,Estados Unidos,amandaespino@example.com,2024-03-30,41.0
C34423,Jeffery Andersen,Persona,Regular,Monterrey ,México,jsandoval@example.net,2024-10-10,29.0
C34424,Courtney Harris,Anónimo,Anónimo,Bogotá,Colombia,,2022-02-16,
C34425,Gustavo González,Persona,Regular,Querétaro ,México,jenniferlandry@example.com,2022-05-18,51.0
C34426,Banco Españolas S.Coop.,Empresa,Corporativo,Guadalajara,México,moralesguillermo@mejia.info,2023-06-05,24.0
C34427,Lic. Alfredo Rojas,Persona,Regular,Barcelona,España,svilla@example.com,2023-07-18,59.0
C34428,Mrs. Lacey Clark,Persona,Regular,Boston,Estados Unidos,porrasberta@example.org,2022-07-09,38.0
C34429,Sra. Carolina Borrego,Persona,Friends Plus,Miami,Estados Unidos,partidaaida@example.org,2025-02-23,42.0
C34430,Jairo Bayron Patiño Martínez,Persona,Friends Plus,Mérida,México,rchaparro@example.com,2020-09-10,57.0
C34431,Cristobal Mario Menchaca Reyes,Persona,Regular,Querétaro,México,rogerpalacios@example.net,2024-05-29,59.0
C34432,Lic. Estefanía Muñoz,Persona,Friends Plus,Bilbao,España,bernabecorrea@example.org,2022-01-08,49.0
C34433,Lindsay Perez MD,Persona,Friends Plus,Ciudad de México,México,vasquezdavid@example.org,2022-06-15,38.0
C34434,Guillermo Gonzalo Garay,Anónimo,Anónimo,GUADALAJARA,México,,2023-05-18,
C34435,"Hidalgo, Guzmán y Macías",Empresa,Corporativo,Córdoba,Argentina,riveraronald@jaramillo.net,2023-04-25,48.0
C34436,Julia Méndez Posada,Persona,Regular,Bilbao,España,starkalicia@example.net,2022-06-01,33.0
C34437,Alicia Esquibel,Anónimo,Anónimo,Chicago,Estados Unidos,,2024-10-22,
C34438,Gema Atienza Miguel,Anónimo,Anónimo,Nueva York,Estados Unidos,,2021-09-13,
C34439,William Thomas,Anónimo,Anónimo,Nueva York,Estados Unidos,,2024-01-28,
C34440,Sr. Alberto Saldaña,Persona,Friends Plus,Bilbao,España,karlaestrada@example.net,2023-07-17,18.0
C34441,Lizeth Piedad Quintero,Persona,Regular,Los Ángeles,Estados Unidos,allison34@example.net,2023-03-26,28.0
C34442,Marcio Casanovas Arnal,Persona,Regular,Bilbao,España,angeltrujillo@example.org,2025-05-25,54.0
C34443,Julian Gamble,Persona,Friends Plus,Cartagena,Colombia,brownjustin@example.com,2023-12-26,64.0
C34444,Serafina Cañete-Tenorio,Persona,Regular,Barranquilla,Colombia,agustinjuanito@example.net,2021-12-16,61.0
C34445,Diane Wilson,Anónimo,Anónimo,Mendoza,Argentina,,2022-07-25,
C34446,Jamie Vaughn,Persona,Friends Plus,Ciudad de México,México,juan30@example.com,2020-11-16,33.0
C34447,Carlito Prieto Barberá,Anónimo,Anónimo,Monterrey,México,,2023-03-18,
C34448,Encarnacion Arranz Andrés,Anónimo,Anónimo,Buenos Aires,Argentina,,2022-01-03,
C34449,Bernardo Casal Arnau,Persona,Regular, Ciudad de México,México,timoteocaballero@example.org,2023-11-19,39.0
C34450,Sara Arcelia Herrera Bolaños,Persona,Regular,Madrid,España,lilianvalencia@example.com,2021-11-18,25.0
C34451,Paloma Rios Saura,Persona,Regular, Nueva York,Estados Unidos,hcornejo@example.org,2022-11-29,54.0
C34452,Laura Garcia,Persona,Regular,Guadalajara ,México,lrincon@example.net,2022-10-14,46.0
C34453,Castillo-Erazo,Empresa,Corporativo,Querétaro,México,bvillanueva@inversiones.es,2024-07-07,44.0
C34454,Kristen Farley,Persona,Regular,Bilbao,España,miguel-angel81@example.net,2022-07-30,21.0
C34455,Camilo Bernardo Medrano Armas,Persona,Regular,Medellín,Colombia,nmoreno@example.org,2020-09-24,21.0
C34456,Sra. Estela Llamas,Anónimo,Anónimo,San Francisco,Estados Unidos,,2025-05-14,
C34457,Guillermina Linares,Persona,Regular,Ciudad de México,México,zbohorquez@example.net,2022-04-15,24.0
C34458,Nathan Baker,Persona,Regular,San Francisco,Estados Unidos,bahenaelias@example.net,2023-07-04,64.0
C34459,Pío Ureña Naranjo,Persona,Regular,Barcelona,España,fabio04@example.com,2020-07-08,27.0
C34460,Diego Lastra Cortes,Persona,Regular,Barranquilla,Colombia,esther12@example.com,2025-03-02,29.0
C34461,Óscar Orozco,Persona,Regular,Cartagena,Colombia,galindoelena@example.com,2020-11-20,32.0
C34462,Jordán Calvo Adadia,Anónimo,Anónimo,Madrid,España,,2022-03-23,
C34463,Fernando Diego Agudelo,Persona,Regular,Cartagena,Colombia,sara64@example.net,2020-01-01,19.0
C34464,Courtney Davenport,Persona,Friends Plus,BARCELONA,España,seaton@example.com,2021-06-22,45.0
C34465,Antonio Hamilton II,Persona,Friends Plus,Córdoba,Argentina,josephprince@example.com,2022-06-03,52.0
C34466,Azeneth López-Martorell,Persona,Regular,Córdoba,Argentina,pinamar@example.net,2021-01-03,35.0
C34467,Ángela Sebastián Salvador,Persona,Friends Plus,Chicago,Estados Unidos,carlos43@example.org,2022-05-14,49.0
C34468,Porfirio José Montaño Patiño,Persona,Regular,BARCELONA,España,xvargas@example.net,2023-09-23,49.0
C34469,Sra. Karina Orosco,Persona,Regular,Querétaro,México,rbarriga@example.net,2024-06-30,50.0
C34470,Ligia Reyes,Anónimo,Anónimo,Mérida,México,,2021-05-06,
C34471,Florencia Martinez Jódar,Persona,Regular,Boston,Estados Unidos,olgaruiz@example.org,2021-08-31,55.0
C34472,Cristian Rojas Marín,Persona,Friends Plus,Córdoba,Argentina,carlossepulveda@example.org,2022-11-15,63.0
C34473,Natalia Dávila,Persona,Regular,Rosario,Argentina,rodrigezdebora@example.net,2024-10-26,34.0
C34474,Pablo Jiménez Zambrano,Persona,Regular,Nueva York,Estados Unidos,pattonmargaret@example.org,2020-01-17,35.0
C34475,Carolina Esperanza Rodríguez García,Persona,Regular,Chicago,Estados Unidos,liraarmando@example.com,2020-06-09,54.0
C34476,Daniel Fox,Persona,Friends Plus,Buenos Aires,Argentina,karol53@example.com,2021-08-16,62.0
C34477,Rosaura Aznar,Persona,Regular,Medellín,Colombia,caromateo@example.net,2023-12-26,62.0
C34478,Lucía Paola Pérez,Anónimo,Anónimo,Barranquilla,Colombia,,2022-09-19,
C34479,Emiliano Amat Mena S.L.,Empresa,Corporativo,Los Ángeles,Estados Unidos,chelseaguerra@morgan.com,2025-01-01,43.0
C34480,Dr. Roberto Mena,Persona,Friends Plus,Rosario,Argentina,carteaga@example.net,2021-04-15,59.0
C34481,Rita Arévalo Torres,Persona,Regular, Boston,Estados Unidos,jeronimo86@example.org,2024-03-11,60.0
C34482,Sr. Felipe Romo,Persona,Friends Plus,Buenos Aires,Argentina,lcavazos@example.net,2022-01-17,59.0
C34483,Hermenegildo Gil Herranz,Persona,Regular,Bogotá,Colombia,severino41@example.org,2022-06-24,47.0
C34484,María Paola Ardila Muñoz,Anónimo,Anónimo,Cancún,México,,2025-01-12,
C34485,Isabel Bernal Morales,Persona,Regular,Cali,Colombia,joseibarra@example.org,2022-02-14,47.0
C34486,Patricia Esther Ceballos Mendoza,Persona,Regular,Querétaro,México,estelagaytan@example.net,2025-04-24,41.0
C34487,Custodio Plinio Portero Alfonso,Persona,Friends Plus,Chicago,Estados Unidos,icarrillo@example.com,2024-04-08,25.0
C34488,Hannah Martinez,Persona,Regular,Valencia,España,nellyalba@example.org,2021-04-19,39.0
C34489,Modesto Villagómez,Persona,Regular,Boston,Estados Unidos,renerincon@example.net,2020-08-09,22.0
C34490,María Serna Rodríguez,Anónimo,Anónimo,Medellín,Colombia,,2023-02-24,
C34491,Frederick Cook,Persona,Friends Plus,Cali,Colombia,carreraamanda@example.net,2023-02-21,46.0
C34492,Gina Gallegos,Persona,Regular,Chicago,Estados Unidos,mendezrocio@example.net,2021-12-30,42.0
C34493,Duilio Calzada Mayoral,Anónimo,Anónimo,Mendoza,Argentina,,2024-05-15,
C34494,María Luisa Ibarra Mares,Anónimo,Anónimo,Barranquilla,Colombia,,2022-01-12,
C34495,Nadia Cabezas Gimenez,Persona,Regular,San Francisco,Estados Unidos,julia04@example.org,2022-12-30,58.0
C34496,Jennifer Lopez,Persona,Regular,Chicago,Estados Unidos,eloisa03@example.com,2023-02-12,19.0
C34497,Eric Maldonado,Persona,Friends Plus,Querétaro,México,annagomila@example.net,2023-11-09,38.0
C34498,Emily Perry,Persona,Regular,Monterrey,México,anunciacionnieto@example.net,2020-11-13,56.0
C34499,Martín Madrigal Alcántar,Persona,Regular,Bogotá,Colombia,juan-josevazquez@example.org,2023-04-11,40.0
C34500,Alexandra Harris,Persona,Regular,Cartagena,Colombia,navarrojuan@example.org,2022-02-12,26.0
C34501,Corporacin Pichardo-Barajas,Empresa,Corporativo,Boston,Estados Unidos,lwalker@bennett.com,2024-02-20,48.0
C34502,Jeffrey Ellis,Persona,Friends Plus,Bogotá,Colombia,icardona@example.com,2021-05-16,34.0
C34503,Adalberto Flavio Barrientos Cabrera,Persona,Friends Plus,Rosario,Argentina,silvano87@example.org,2020-09-02,46.0
C34504,Annette Ward,Persona,Regular,Monterrey,México,zaida41@example.org,2021-09-03,58.0
C34505,Chita Lloret Casares,Persona,Regular,Valencia,España,keith17@example.com,2021-09-16,29.0
C34506,Aura Angélica Núñez Zamorano,Persona,Friends Plus,Seattle,Estados Unidos,joserodriguez@example.net,2020-11-08,26.0
C34507,Kevin Green,Persona,Friends Plus,Barcelona,España,shelia70@example.org,2021-09-22,64.0
C34508,Srita. Patricia Lozada,Anónimo,Anónimo,BARRANQUILLA,Colombia,,2023-12-16,
C34509,Philip Trevino,Persona,Regular,Buenos Aires,Argentina,jennifer12@example.net,2023-06-28,20.0
C34510,Grupo Saldaña-Adame,Empresa,Corporativo,Monterrey,México,valentina28@lozano-burbano.com,2025-01-14,41.0
C34511,Andrés José Sánchez,Persona,Regular,Miami,Estados Unidos,casarezamador@example.org,2020-07-25,22.0
C34512,Diego Juan Luis Anguita Luz,Anónimo,Anónimo,Madrid,España,,2023-10-07,
C34513,Pablo Pina Alcázar,Persona,Regular,Querétaro,México,mariaangarita@example.com,2024-03-23,31.0
C34514,Jonatan Raya Torrents,Anónimo,Anónimo,Medellín ,Colombia,,2020-03-06,
C34515,Carlos Ignacio Alzate,Persona,Regular,Cartagena,Colombia,navarreteolimpia@example.com,2023-04-05,43.0
C34516,Juliana Martínez,Persona,Friends Plus,Boston,Estados Unidos,evalencia@example.net,2020-11-03,30.0
C34517,Porfirio Leonel Carrión Ibarra,Persona,Regular,CALI,Colombia,wocasio@example.net,2021-05-15,60.0
C34518,Lisa Matthews,Persona,Regular,Cartagena,Colombia,jose-francisco73@example.org,2022-01-19,39.0
C34519,Morena Carrasco Marqués,Persona,Friends Plus,Austin,Estados Unidos,britoana-maria@example.com,2024-08-11,21.0
C34520,Ávila-Nieves,Empresa,Corporativo,Barranquilla,Colombia,amandasandoval@hudson-mcguire.info,2023-07-31,25.0
C34521,Johanna Cecilia Herrera,Persona,Regular,Buenos Aires,Argentina,ainara58@example.net,2023-11-01,23.0
C34522,"Miranda, Daza and Cruz",Empresa,Corporativo,Los Ángeles,Estados Unidos,julio50@longoria-patino.com,2022-04-20,57.0
C34523,Kristie Mathis,Anónimo,Anónimo,Monterrey,México,,2021-05-07,
C34524,Miguel Hugo Giraldo López,Persona,Regular,Seattle,Estados Unidos,dcasas@example.org,2023-03-27,21.0
C34525,Claudia Claudia Méndez,Persona,Regular,Medellín,Colombia,alba02@example.org,2024-05-19,47.0
C34526,Sarah Jones,Anónimo,Anónimo,Monterrey,México,,2024-11-30,
C34527,Joseph Villarreal,Persona,Regular,Medellín,Colombia,timothy28@example.net,2020-05-21,36.0
C34528,Ale Ochoa Infante,Persona,Regular,Rosario,Argentina,fangel@example.org,2024-06-03,62.0
C34529,Hernán Lerma,Persona,Regular,Guadalajara,México,raulmanzanares@example.net,2021-09-26,45.0
C34530,Adán Nicolás Marroquín Ayala,Persona,Friends Plus,Medellín,Colombia,jmoya@example.net,2020-10-16,49.0
C34531,Mcfarland-Delgado,Empresa,Corporativo,Nueva York,Estados Unidos,juanolivo@proyectos.com,2021-06-15,57.0
C34532,Taylor Garcia,Persona,Regular,Barcelona,España,wilfridoestrada@example.net,2021-05-04,61.0
C34533,Rafa Benavente,Persona,Regular,Mérida,México,moracarlos@example.net,2022-04-26,43.0
C34534,Alexandra Peña,Persona,Regular,Bogotá,Colombia,yavila@example.org,2024-04-13,45.0
C34535,Melinda Goodman,Persona,Regular,Los Ángeles,Estados Unidos,yestrada@example.org,2022-05-29,61.0
C34536,Katherine Holt,Persona,Friends Plus,Bogotá,Colombia,alvaro19@example.net,2022-09-16,23.0
C34537,Estefanía Hilda Zapata Leiva,Persona,Regular,Medellín ,Colombia,eric21@example.com,2025-05-05,63.0
C34538,Dolores Téllez Hernandes,Persona,Regular,Cali,Colombia,arenasmaricela@example.com,2022-06-28,47.0
C34539,Scott Robinson,Persona,Friends Plus,Querétaro,México,geronimo76@example.com,2020-10-04,56.0
C34540,Liliana Cuenca Barco,Anónimo,Anónimo,Bilbao,España,,2020-02-08,
C34541,Renato Gonzalo Guevara,Persona,Friends Plus, Cartagena,Colombia,bakerbenjamin@example.org,2021-02-07,38.0
C34542,Lindsey Williams,Anónimo,Anónimo,Miami,Estados Unidos,,2022-03-20,
C34543,"Baker, Edwards and Martin",Empresa,Corporativo,Córdoba,Argentina,zandrews@porter.net,2022-08-19,35.0
C34544,Adelaida Vendrell Alemany,Persona,Regular,Seattle,Estados Unidos,guerreronelly@example.com,2023-08-07,64.0
C34545,Tyler Hoffman,Persona,Friends Plus,Mendoza,Argentina,jsingleton@example.net,2024-01-24,58.0
C34546,"Odonnell, Reyes and Haney",Empresa,Corporativo,Querétaro,México,yjones@lawson.com,2020-10-31,61.0
C34547,Concepción María de la Torre Bétancourt,Persona,Regular,Mérida,México,danielmayorga@example.org,2023-12-10,60.0
C34548,Ana Sánchez,Persona,Regular,Seattle,Estados Unidos,valenciacamilo@example.net,2024-04-18,40.0
C34549,Teo Casanova Sabater,Anónimo,Anónimo, Barcelona,España,,2021-03-01,
C34550,Herminia Mateu-Cáceres,Persona,Regular,Nueva York,Estados Unidos,arceliaalarcon@example.net,2021-08-07,59.0
C34551,Fernanda Deicy Torres,Persona,Friends Plus,Medellín,Colombia,hurleykathleen@example.org,2022-03-20,29.0
C34552,Smith PLC,Empresa,Corporativo,Mendoza,Argentina,ernesto95@moreno-torres.com,2022-04-25,24.0
C34553,Luis Camilo Sánchez,Persona,Regular,Medellín ,Colombia,jose02@example.com,2025-05-14,42.0
C34554,Instalaciones FV S.Com.,Empresa,Corporativo,Sevilla,España,marielaarias@cano-marin.com,2020-11-25,64.0
C34555,Daniela Eugenia Montoya Fajardo,Persona,Regular,Nueva York,Estados Unidos,kayla85@example.org,2021-01-10,36.0
C34556,Cristian Seguí Francisco,Persona,Regular,Monterrey,México,joaquin64@example.com,2021-03-13,55.0
C34557,"Vaughn, Boyle and Hines",Empresa,Corporativo,Barranquilla,Colombia,wjacobs@carroll.net,2022-02-28,39.0
C34558,Karen Gibson,Anónimo,Anónimo,Córdoba ,Argentina,,2023-06-23,
C34559,Bermejo y asociados S.L.N.E,Empresa,Corporativo,Madrid,España,nellycalderon@diaz.com,2025-01-07,28.0
C34560,Yolanda Andrea Martínez Barreto,Persona,Regular,Rosario,Argentina,andreamendez@example.com,2020-06-02,59.0
C34561,Dr. Patricio Cepeda,Persona,Regular,Cartagena,Colombia,monroechristopher@example.org,2024-04-26,46.0
C34562,Julio César Feijoo Roig,Persona,Friends Plus,Valencia,España,cristal99@example.com,2022-08-01,27.0
C34563,Johan Torres Garzón,Persona,Regular,Los Ángeles,Estados Unidos,bruno61@example.org,2021-01-12,51.0
C34564,Ryan Jackson,Persona,Regular,Sevilla,España,pcorrea@example.net,2022-04-10,39.0
C34565,"Palomino, Burgos y Robledo",Empresa,Corporativo,Barranquilla,Colombia,ruby28@rendon-delgado.com,2020-01-14,37.0
C34566,Virginia Villagómez Ybarra,Persona,Regular,Miami,Estados Unidos,dario76@example.org,2025-02-24,64.0
C34567,Jill Marquez,Anónimo,Anónimo,Bilbao,España,,2023-05-20,
C34568,Efrén Manuel Quintero Ospina,Anónimo,Anónimo,Nueva York,Estados Unidos,,2022-04-03,
C34569,"Muñoz, Mora and Villa",Empresa,Corporativo,Cartagena,Colombia,randall15@tapia-anderson.biz,2024-04-22,39.0
C34570,Mark Roberson,Anónimo,Anónimo,Nueva York,Estados Unidos,,2022-08-31,
C34571,Dr. Bernardo Valencia,Persona,Regular,Cartagena,Colombia,eaparicio@example.net,2021-02-19,31.0
C34572,Delia Ramírez,Persona,Friends Plus,Bilbao ,España,julieroma@example.net,2022-03-08,31.0
C34573,Luz Narváez,Anónimo,Anónimo,Ciudad de México,México,,2024-04-08,
C34574,Lucio Bermejo,Persona,Friends Plus,Los Ángeles,Estados Unidos,mariomontes@example.org,2022-03-23,58.0
C34575,Sarah Johnson,Persona,Regular,Querétaro,México,farmas@example.org,2023-12-09,48.0
C34576,Aurora Valle Valverde,Persona,Regular,Boston,Estados Unidos,lesliesantos@example.com,2025-05-05,43.0
C34577,Javier Víctor Naranjo Agudelo,Persona,Regular,Barranquilla,Colombia,gala43@example.com,2022-12-09,33.0
C34578,Graciela Pol Asensio,Anónimo,Anónimo,Los Ángeles,Estados Unidos,,2022-12-01,
C34579,Christopher Schneider,Persona,Regular,Monterrey,México,vvelez@example.com,2024-10-21,63.0
C34580,Cuesta y Bravo S.Coop.,Empresa,Corporativo,Sevilla,España,ovidioaguado@eli.es,2022-07-29,64.0
C34581,Andrés Castillo,Persona,Friends Plus,Madrid ,España,whooper@example.org,2025-01-21,64.0
C34582,Estrella Herrera-Catalán,Persona,Friends Plus,Cartagena,Colombia,vcespedes@example.org,2022-05-29,60.0
C34583,Patricia Marleny Méndez,Persona,Regular,Medellín,Colombia,geraldinevasquez@example.net,2021-03-05,30.0
C34584,Silvio Hervás Vilalta,Persona,Regular,Córdoba,Argentina,teresita77@example.net,2020-03-02,52.0
C34585,Jorge Luis René Gonzales Jimínez,Persona,Friends Plus, Cartagena,Colombia,barbercarla@example.net,2022-01-20,27.0
C34586,Adelina Heras Acuña,Persona,Friends Plus,Los Ángeles,Estados Unidos,jessicawhitaker@example.org,2021-02-08,46.0
C34587,Luís Cordero Lladó,Persona,Regular,Bilbao,España,sking@example.net,2022-09-17,64.0
C34588,Daniel Vaughn,Persona,Regular,Bogotá,Colombia,edgardo90@example.net,2025-01-03,35.0
C34589,Sra. Anabel Escamilla,Persona,Regular,Bogotá,Colombia,jcabrera@example.net,2021-07-12,41.0
C34590,Guzman LLC,Empresa,Corporativo,Miami,Estados Unidos,tjimenez@contreras.net,2025-02-06,28.0
C34591,Elvia Lourdes Sierra,Persona,Friends Plus,Boston,Estados Unidos,johnscott@example.net,2022-08-03,34.0
C34592,Joel Price,Persona,Regular,Madrid,España,nayarabelda@example.org,2022-01-27,64.0
C34593,Sandoval-Terán,Empresa,Corporativo,Monterrey,México,mclaughlincassandra@mccann-hayes.net,2024-02-22,63.0
C34594,María Yepes Muñoz,Persona,Regular,Los Ángeles,Estados Unidos,margaritacontreras@example.org,2022-02-27,44.0
C34595,Paco Franco Lamas,Persona,Friends Plus,Córdoba,Argentina,tracey30@example.net,2023-12-11,49.0
C34596,Eliana Pedrero Anguita,Persona,Regular,Seattle,Estados Unidos,vwilson@example.org,2024-07-27,57.0
C34597,María Luisa Urbina Ledesma,Persona,Regular,Mendoza,Argentina,yesid48@example.org,2024-10-20,42.0
C34598,María Carmen Rosa Maestre,Anónimo,Anónimo,Seattle,Estados Unidos,,2020-07-09,
C34599,Graciano Cabeza Soler,Persona,Regular, Mendoza,Argentina,albagarcia@example.net,2021-08-05,20.0
C34600,Russell Garza,Persona,Friends Plus,Mérida,México,alexguzman@example.net,2021-08-19,52.0
C34601,"Ruiz, Cooper and Webster",Empresa,Corporativo,Barranquilla,Colombia,maciasluisina@alimentacion.es,2020-12-23,61.0
C34602,Guadalupe Anabel Laureano,Persona,Regular,Valencia,España,robertobustos@example.com,2025-04-09,46.0
C34603,Giovanni Silva,Persona,Regular,Boston,Estados Unidos,sandramoreno@example.org,2022-07-03,51.0
C34604,Montgomery-Downs,Empresa,Corporativo,Cancún,México,santamariajeremias@hotel.com,2023-01-01,45.0
C34605,Natalia Maritza Vargas,Persona,Regular,Sevilla,España,matthew22@example.net,2023-06-20,43.0
C34606,Angelino Llanos Tena,Persona,Regular,Monterrey,México,viviana38@example.org,2022-10-06,40.0
C34607,César Briseño Padrón,Persona,Regular,BUENOS AIRES,Argentina,ugaona@example.com,2022-10-23,23.0
C34608,María Jacqueline Rodríguez,Persona,Regular,Austin,Estados Unidos,paezjudith@example.org,2020-08-24,39.0
C34609,Marco Antonio Luis Manuel Gurule,Persona,Regular,Chicago,Estados Unidos,figuerolaariel@example.com,2023-11-24,39.0
C34610,Manu Cerro Seco,Anónimo,Anónimo,Buenos Aires,Argentina,,2022-10-09,
C34611,Paul Bates,Persona,Friends Plus,Monterrey,México,scardozo@example.net,2023-08-06,29.0
C34612,Estela Ocampo Blanco,Persona,Regular,Bilbao,España,wlinares@example.net,2020-07-28,33.0
C34613,Malena Ojeda Rivera,Persona,Friends Plus,Madrid,España,qcorrales@example.org,2021-11-14,42.0
C34614,Dra. Diana Gaytán,Persona,Friends Plus,Madrid,España,nzapata@example.org,2024-11-14,48.0
C34615,Jeffrey Haynes,Persona,Regular,Medellín,Colombia,molanoangela@example.com,2022-03-12,40.0
C34616,Craig Lee,Anónimo,Anónimo,Bilbao,España,,2022-02-20,
C34617,Andrés García Navarro,Anónimo,Anónimo,Cancún,México,,2022-03-28,
C34618,Nelly Eugenia Bernal León,Persona,Regular,Guadalajara,México,zjimenez@example.com,2025-01-01,60.0
C34619,Benjamin Gordon,Persona,Regular,Querétaro,México,lanceramirez@example.net,2023-02-26,27.0
C34620,Ana Sofía Vendrell Paniagua,Persona,Regular,Cancún,México,violetabelda@example.org,2024-07-22,26.0
C34621,Ruben de Blasco,Persona,Regular, Seattle,Estados Unidos,arsenio26@example.org,2025-02-13,49.0
C34622,Flor Polo,Persona,Regular,AUSTIN,Estados Unidos,egonzalez@example.com,2021-11-08,47.0
C34623,Nelson Acosta,Persona,Friends Plus,Cali,Colombia,marcosnunez@example.org,2021-02-18,39.0
C34624,Steven Walker,Persona,Regular,Seattle,Estados Unidos,michaelgay@example.net,2022-04-09,47.0
C34625,Jazmín Raquel Orozco Pedraza,Persona,Regular,Cancún ,México,malena97@example.net,2023-01-30,24.0
C34626,Octavio Figueroa,Anónimo,Anónimo,VALENCIA,España,,2020-09-08,
C34627,Cebrián Baró Torres,Persona,Regular,Mérida,México,traceyosborne@example.net,2024-02-08,25.0
C34628,Milena Sandra Castro,Persona,Regular,Madrid,España,pamador@example.net,2023-10-01,31.0
C34629,Juan Luis Bernal,Anónimo,Anónimo,Nueva York,Estados Unidos,,2021-01-01,
C34630,Ema Zaida Paniagua Albero,Persona,Regular,Madrid,España,fweaver@example.net,2025-04-08,32.0
C34631,Cayetano Alvarez Rocamora,Persona,Regular,Barranquilla,Colombia,xmunoz@example.com,2024-07-19,44.0
C34632,Cassandra Mitchell,Persona,Regular,Barcelona,España,kurtjohnson@example.org,2021-07-07,37.0
C34633,"Mathews, Warner and Peterson",Empresa,Corporativo,Bogotá,Colombia,guillermina53@rubio.org,2021-11-11,29.0
C34634,Débora Lugo Almanza,Persona,Regular,Bogotá,Colombia,andrespineda@example.net,2021-11-25,24.0
C34635,Mónica Paola Rivas Herrera,Persona,Regular,Madrid,España,pfernandez@example.com,2021-11-22,56.0
C34636,Álvaro Flórez Arango,Anónimo,Anónimo,Barranquilla,Colombia,,2020-06-04,
C34637,Sol Esparza Barriga,Persona,Regular,Ciudad de Mexico,México,silvio42@example.com,2023-04-19,42.0
C34638,Martín Espartaco Saavedra,Persona,Regular,Buenos Aires,Argentina,kllamas@example.org,2020-03-20,38.0
C34639,Adora Jimenez Ramón,Persona,Friends Plus,BARRANQUILLA,Colombia,enrique27@example.org,2020-08-08,64.0
C34640,Grupo Fortuny S.A.,Empresa,Corporativo,Cali ,Colombia,andrea63@gutierrez-rincon.net,2020-03-25,55.0
C34641,Aura Becerra,Persona,Regular,Austin,Estados Unidos,diazgonzalo@example.com,2024-09-17,61.0
C34642,Laboratorios Arevalo-Villagómez,Empresa,Corporativo,Mérida,México,jason48@spears.org,2024-12-10,20.0
C34643,Tim Levy,Persona,Regular,Bogotá,Colombia,ricardo07@example.net,2024-04-09,31.0
C34644,Christine Lopez,Persona,Regular,Valencia,España,tsantamaria@example.com,2025-05-28,61.0
C34645,Noelia Clotilde Duarte Sotelo,Persona,Friends Plus,Medellín,Colombia,wlee@example.net,2023-01-23,21.0
C34646,Úrsula Ontiveros,Persona,Regular,Mérida,México,yesica94@example.org,2022-10-09,60.0
C34647,Abelardo Lucas Chávez,Persona,Regular,Sevilla,España,yeni99@example.com,2025-03-07,58.0
C34648,María Galindo Bonilla,Persona,Regular,Querétaro,México,luis-manuel26@example.org,2023-06-06,47.0
C34649,"Proyectos Saldivar, Gallardo y Vigil",Empresa,Corporativo,Bogotá,Colombia,timoteoloya@archuleta-huerta.com,2020-05-27,62.0
C34650,Lic. Graciela Casas,Persona,Regular,Nueva York,Estados Unidos,luz17@example.net,2024-04-18,28.0
C34651,Dra. Leonor Serrato,Persona,Regular,Buenos Aires,Argentina,ligia91@example.com,2023-10-02,33.0
C34652,Obdulia Palau,Anónimo,Anónimo,Chicago,Estados Unidos,,2023-12-23,
C34653,Enrique Miguel Giraldo Pardo,Persona,Regular,Mérida,México,virginia78@example.net,2020-02-12,39.0
C34654,Karina Zedillo,Anónimo,Anónimo,Miami ,Estados Unidos,,2022-11-13,
C34655,José Mejía,Persona,Friends Plus,Bogotá,Colombia,siglesias@example.org,2020-06-27,55.0
C34656,Gilberto Rufino Valentín Zapata,Persona,Regular,Mérida,México,balduino36@example.com,2020-08-12,63.0
C34657,Carmen Monroy,Anónimo,Anónimo,Bogotá,Colombia,,2021-02-19,
C34658,Juana Vargas,Anónimo,Anónimo,Buenos Aires,Argentina,,2025-03-10,
C34659,Brandon Carney,Persona,Regular,Los Ángeles,Estados Unidos,fabiola23@example.org,2021-08-01,51.0
C34660,Casandra Delia Badía Navarro,Persona,Regular,Medellín,Colombia,teodorofranco@example.net,2021-09-29,50.0
C34661,Edmundo Burgos Ibañez,Anónimo,Anónimo,Miami,Estados Unidos,,2023-01-17,
C34662,Pilar Elvira Vaca,Persona,Regular,MIAMI,Estados Unidos,lucas51@example.net,2024-08-26,45.0
C34663,Paola de la Garza,Persona,Regular,Barcelona,España,tatianapelayo@example.net,2021-10-02,24.0
C34664,Cosme Serna Mancebo,Persona,Regular,Seattle,Estados Unidos,jenkinstiffany@example.org,2022-12-04,33.0
C34665,Rivas y asociados S.A.,Empresa,Corporativo,Boston,Estados Unidos,melendezjulio@quintero.info,2021-02-03,22.0
C34666,Fernanda Conde Hernandez,Persona,Regular,Ciudad de México,México,nataliaholguin@example.org,2020-02-03,25.0
C34667,Felix Ortega Losa,Persona,Regular,Madrid,España,davilasilvano@example.org,2020-03-21,49.0
C34668,Srita. Abril Arce,Persona,Regular,Rosario,Argentina,rlewis@example.com,2023-03-05,55.0
C34669,Israel Enrique Rentería,Persona,Regular,Mérida,México,matthewmartinez@example.net,2023-07-06,36.0
C34670,Venceslás Guzmán Roldán,Persona,Regular,Madrid,España,eli17@example.com,2022-08-05,61.0
C34671,Carlos Vega,Persona,Regular,Medellin,Colombia,echevarriaaitana@example.com,2025-01-03,32.0
C34672,Maristela Bonilla Arias,Persona,Regular,Seattle ,Estados Unidos,fflorez@example.com,2022-03-03,51.0
C34673,Eduardo Óscar Reyes,Persona,Regular,Los Ángeles,Estados Unidos,tellezangelina@example.net,2021-03-31,20.0
C34674,Wilfrido Amador Mireles,Persona,Regular,Guadalajara,México,isabela37@example.net,2024-10-06,59.0
C34675,Thomas Owens,Anónimo,Anónimo,Rosario,Argentina,,2022-08-30,
C34676,Kristen Larsen,Persona,Friends Plus,Boston,Estados Unidos,rosamoreno@example.com,2023-04-20,23.0
C34677,Petrona Alcázar Torrijos,Persona,Regular,Cartagena,Colombia,gonzalezlaura@example.org,2020-11-28,40.0
C34678,Jose Miguel Ribes Sala,Persona,Regular,Chicago,Estados Unidos,rodriguezkevin@example.net,2021-05-31,42.0
C34679,Traci Hernandez,Persona,Friends Plus,Guadalajara,México,alemanagustina@example.com,2021-12-31,30.0
C34680,Luz de la Torre,Persona,Regular,Merida,México,mamenexposito@example.com,2024-03-13,21.0
C34681,José Manuél Caraballo,Persona,Friends Plus,GUADALAJARA,México,florina21@example.net,2021-07-31,32.0
C34682,Vito del Miranda,Persona,Regular,CIUDAD DE MÉXICO,México,eloisaleyva@example.com,2023-06-27,50.0
C34683,Juan José Palau Ferrando,Persona,Regular,Querétaro,México,lucianamatas@example.org,2023-08-06,32.0
C34684,Finanzas PEQI S.A.,Empresa,Corporativo, Sevilla,España,abilio48@hnos.com,2022-06-23,32.0
C34685,Carlos Raimundo Sevilla Avilés,Persona,Friends Plus,Barcelona,España,barrigalara@example.com,2024-08-06,32.0
C34686,Herminia Báez Hervás,Persona,Regular,Bilbao ,España,mariana90@example.com,2020-08-08,43.0
C34687,Adora Barbero Mateos,Persona,Regular,Ciudad de México,México,vasquezraquel@example.net,2022-07-06,43.0
C34688,Cristian Larrañaga,Persona,Friends Plus,Los Ángeles,Estados Unidos,oquinonez@example.com,2024-01-17,57.0
C34689,Alimentación Alonso S.A.,Empresa,Corporativo,Medellín,Colombia,eric19@conley-velez.com,2025-05-17,48.0
C34690,"Lewis, Miller and Lynch",Empresa,Corporativo,Sevilla,España,nilson31@serna.net,2023-09-19,29.0
C34691,Zayas-Coronado,Empresa,Corporativo,Miami,Estados Unidos,leonardo90@uribe.com,2021-12-06,36.0
C34692,Dani Mena-Sotelo,Persona,Regular,Barcelona,España,marino12@example.net,2022-08-01,56.0
C34693,Agapito Valera Alberdi,Persona,Regular,Mérida,México,erika13@example.com,2025-02-16,63.0
C34694,Victor Conley,Anónimo,Anónimo,Barcelona,España,,2020-07-02,
C34695,Lucio Solé-Cisneros,Persona,Regular,Nueva York,Estados Unidos,renatopena@example.com,2023-08-10,41.0
C34696,"Garcia, Cook and Baker",Empresa,Corporativo,Mendoza,Argentina,barelaleticia@villasenor.com,2022-03-14,38.0
C34697,Delia Leticia Esquibel Robles,Persona,Regular,Mendoza,Argentina,cheanglada@example.net,2021-09-20,36.0
C34698,Jonathan Dennis,Persona,Regular,Querétaro,México,andradeemiliano@example.com,2021-03-02,61.0
C34699,Alexander Vicente Peña,Anónimo,Anónimo,Querétaro ,México,,2022-08-19,
C34700,Dra. Graciela Porras,Persona,Friends Plus,Cancún,México,weavershelby@example.com,2020-06-09,25.0
C34701,Elaine Adams,Persona,Regular,Rosario ,Argentina,luisreyes@example.org,2021-03-16,44.0
C34702,Juana Agudo Plaza,Persona,Regular,Bilbao,España,edith29@example.net,2023-08-19,36.0
C34703,Grupo Bayona S.L.N.E,Empresa,Corporativo,Cali,Colombia,rdiaz@martinez.com,2020-10-20,55.0
C34704,Amador Rubén Quesada,Persona,Regular,Nueva York,Estados Unidos,amiranda@example.com,2024-09-23,36.0
C34705,Matthew Wise,Persona,Regular,Miami,Estados Unidos,middletonsarah@example.org,2023-05-25,38.0
C34706,Carlos Mora Gaviria,Persona,Friends Plus,Madrid,España,yennygomez@example.net,2020-11-06,36.0
C34707,Cody Cordova,Anónimo,Anónimo,Mendoza,Argentina,,2021-03-27,
C34708,Diego Eduardo Torres Álvarez,Persona,Regular,Los Ángeles,Estados Unidos,velafelix@example.com,2022-10-01,19.0
C34709,Alejandra Pérez Zapata,Persona,Friends Plus,Valencia,España,dsandoval@example.net,2022-09-22,60.0
C34710,Amanda Rosalia Barrera,Anónimo,Anónimo,Guadalajara,México,,2022-01-01,
C34711,Fernanda Rivera,Persona,Regular,Mérida,México,xarredondo@example.org,2021-04-25,54.0
C34712,Josefina Naranjo,Anónimo,Anónimo,Buenos Aires,Argentina,,2021-09-14,
C34713,Solis Group,Empresa,Corporativo,Bogotá,Colombia,luzpalacio@gomez.com,2024-03-29,61.0
C34714,Richard Lopez,Persona,Regular,Austin,Estados Unidos,estevezblanca@example.net,2024-04-03,63.0
C34715,Adriana Caridad Carrillo,Persona,Friends Plus,Ciudad de México,México,vilarbernardo@example.net,2023-03-29,42.0
C34716,Vito de Reguera,Persona,Regular,Medellín,Colombia,nelsonkendra@example.org,2023-01-19,61.0
C34717,Ramiro Mauricio Mojica,Persona,Friends Plus,Guadalajara,México,hartmanchristina@example.net,2022-08-25,48.0
C34718,Linda Pérez Vargas,Persona,Friends Plus,Barcelona,España,epedraza@example.net,2020-07-31,62.0
C34719,Dalia Ayala Saldaña,Persona,Regular,Mérida,México,guillermina39@example.com,2021-09-28,31.0
C34720,María Vargas,Anónimo,Anónimo,San Francisco,Estados Unidos,,2022-02-03,
C34721,Alejandro Adrián Ramírez,Persona,Regular, Ciudad de México,México,gabrieltur@example.com,2020-12-13,47.0
C34722,Inés Teresa Miranda Galarza,Persona,Friends Plus,Mendoza,Argentina,yenny20@example.org,2022-06-03,51.0
C34723,Uriel Javier Pulido,Persona,Regular,Seattle,Estados Unidos,gilbertochapa@example.net,2020-06-13,62.0
C34724,Luna Bárbara Montesinos Figueroa,Persona,Regular,Guadalajara,México,pavonamaro@example.org,2021-11-08,28.0
C34725,Vargas Ltd,Empresa,Corporativo,Barranquilla,Colombia,xcastro@ceballos.info,2023-10-18,23.0
C34726,Magdalena Figueroa,Persona,Regular,Bilbao,España,regulo54@example.com,2020-07-01,44.0
C34727,Sarah Williams,Persona,Regular,Nueva York,Estados Unidos,bcabeza@example.com,2023-07-29,43.0
C34728,Mena y Piña e Hijos,Empresa,Corporativo,Cali,Colombia,diazsean@foster.com,2023-05-06,45.0
C34729,Denise Rogers,Persona,Regular,Barranquilla,Colombia,mariamiranda@example.org,2024-07-13,50.0
C34730,Claudia Rosa María Aguilar Iglesia,Persona,Regular,Cali,Colombia,ycoronado@example.net,2021-03-11,23.0
C34731,Rosa Marcela Ramírez,Persona,Regular,Cartagena,Colombia,lagoroque@example.net,2020-12-23,57.0
C34732,Eugenia Nancy Carrasco Quintero,Anónimo,Anónimo,Madrid,España,,2023-01-05,
C34733,Shane Meyer,Persona,Friends Plus,Rosario,Argentina,maria28@example.net,2024-09-29,25.0
C34734,Carlos Ismael Villamizar Cárdenas,Persona,Regular, Bilbao,España,rodriguezdayana@example.org,2021-05-08,38.0
C34735,Fernando Rodríguez,Persona,Regular,Madrid,España,lvalderrama@example.org,2021-04-21,42.0
C34736,Andrea Rosario Quintero,Persona,Regular,Querétaro,México,david14@example.org,2024-11-09,46.0
C34737,Anthony Diaz,Persona,Regular, Cartagena,Colombia,ejulia@example.org,2023-07-09,48.0
C34738,Leslie Erickson,Persona,Friends Plus,Mérida,México,joancomas@example.org,2024-11-21,39.0
C34739,Camila Sastre,Persona,Regular,Los Ángeles,Estados Unidos,mercedesmartinez@example.net,2020-05-02,43.0
C34740,Susan Grimes,Persona,Regular,Sevilla,España,florinaarino@example.org,2024-09-02,57.0
C34741,Judy Moore,Persona,Regular, Sevilla,España,astokes@example.org,2022-01-09,18.0
C34742,Yamile Edith Camacho,Persona,Regular,Madrid,España,douglassalazar@example.org,2023-11-27,60.0
C34743,Daniel Wood,Persona,Regular,Bilbao,España,crestrepo@example.net,2024-06-28,58.0
C34744,Anel Rodríguez,Anónimo,Anónimo,Querétaro,México,,2023-04-08,
C34745,Amanda Burton,Persona,Regular,Mérida,México,nubiamedina@example.org,2020-08-26,55.0
C34746,Ing. Yeni Huerta,Persona,Regular,Córdoba,Argentina,hugorodriguez@example.org,2022-10-24,45.0
C34747,Leal-Jiménez,Empresa,Corporativo, Bilbao,España,pliniogiralt@molina.com,2022-05-07,19.0
C34748,Javier Uriel Arroyo,Persona,Friends Plus,LOS ÁNGELES,Estados Unidos,christopherhendricks@example.com,2021-02-15,35.0
C34749,Flavio Cruz-Lara,Persona,Regular,Chicago,Estados Unidos,tsoto@example.com,2022-06-04,27.0
C34750,Jose Ignacio Terrón Gomez,Persona,Regular,Miami,Estados Unidos,timoteo23@example.org,2022-06-28,64.0
C34751,Guillermina Zayas,Persona,Regular,Barcelona,España,qjaramillo@example.org,2022-10-01,44.0
C34752,Stephanie Hunt,Persona,Regular,Monterrey,México,moralesmauricio@example.com,2025-05-04,30.0
C34753,Asunción Magdalena Guerra,Persona,Regular,Madrid,España,pesparza@example.net,2021-08-23,18.0
C34754,Alfredo Valdés Heredia,Anónimo,Anónimo,Austin,Estados Unidos,,2025-04-26,
C34755,Transportes Enríquez S.L.,Empresa,Corporativo,Austin ,Estados Unidos,rodriguezheriberto@diaz.com,2024-05-28,64.0
C34756,Estela Mercado,Persona,Regular, Guadalajara,México,itoro@example.com,2022-03-12,24.0
C34757,Ángel Madrid Quintero,Persona,Regular,Buenos Aires,Argentina,paolapalacios@example.net,2022-12-24,34.0
C34758,Alma Amalia Hernández,Persona,Friends Plus,Boston,Estados Unidos,vtoledo@example.com,2024-11-28,31.0
C34759,Marcela Milena Pérez,Persona,Regular, Nueva York,Estados Unidos,natividadbarragan@example.com,2022-04-01,59.0
C34760,Elver Murillo,Persona,Regular,Monterrey,México,adoracion89@example.org,2023-05-15,32.0
C34761,Supermercados Ramón S.Com.,Empresa,Corporativo,Mérida,México,eloisabas@banca.com,2025-05-30,43.0
C34762,Rojas-Forero,Empresa,Corporativo,Mendoza,Argentina,miguel61@proyectos.com,2024-07-31,39.0
C34763,Leonor María Cristina Barragán Duarte,Persona,Regular,Valencia,España,manuelduran@example.org,2021-02-13,20.0
C34764,Antonio Loera,Persona,Regular,Nueva York,Estados Unidos,gonzalezalexander@example.com,2022-08-19,48.0
C34765,Samuel Mascareñas,Anónimo,Anónimo,San Francisco,Estados Unidos,,2021-04-09,
C34766,Paula Cazorla Aramburu,Anónimo,Anónimo,Mendoza,Argentina,,2020-12-23,
C34767,María González,Persona,Regular,Ciudad de Mexico,México,escott@example.net,2020-03-15,47.0
C34768,Despacho Leal y Ríos,Empresa,Corporativo,Cartagena,Colombia,saturnino34@promociones.es,2022-11-22,22.0
C34769,Andrés José Palacios Granados,Anónimo,Anónimo,ROSARIO,Argentina,,2020-01-11,
C34770,Juan Pablo Clavero Tomás,Anónimo,Anónimo,Cali,Colombia,,2021-10-30,
C34771,Clara Alta  Gracia Cardenas Rangel,Persona,Regular,Madrid,España,camilogonzalez@example.net,2024-01-26,62.0
C34772,Medrano-Benavídez e Hijos,Empresa,Corporativo,Miami,Estados Unidos,fabregatrosendo@vasco.com,2020-05-28,25.0
C34773,Jasmine Nguyen,Persona,Regular,BOGOTÁ,Colombia,beatriz77@example.com,2024-12-03,23.0
C34774,Gabriela Mesa-Girón,Persona,Regular,Bilbao,España,adiaz@example.net,2024-05-18,58.0
C34775,Inés Roldán,Persona,Regular,Barcelona ,España,qhernandez@example.net,2023-04-14,53.0
C34776,Bernardita Miralles Farré,Persona,Regular,Cartagena,Colombia,umunoz@example.net,2025-01-16,46.0
C34777,Magda Obando Ramírez,Persona,Regular,Austin,Estados Unidos,avargas@example.com,2022-08-07,62.0
C34778,María Teresa Casas Balaguer,Anónimo,Anónimo,Rosario,Argentina,,2024-05-19,
C34779,Richard Tanner,Persona,Regular,Monterrey ,México,mariaariza@example.org,2025-05-11,20.0
C34780,"Ospina, Flórez and Ospina",Empresa,Corporativo, Miami,Estados Unidos,garciamiguel@monsalve.com,2021-12-25,21.0
C34781,Ing. Jesús Meléndez,Persona,Regular,Valencia,España,gomezingrid@example.org,2023-03-04,44.0
C34782,Lisa Chan,Anónimo,Anónimo,Querétaro,México,,2021-08-23,
C34783,Alejo Pelayo-Mármol,Persona,Regular,Seattle,Estados Unidos,csolano@example.com,2024-07-13,31.0
C34784,Lic. Genaro Santiago,Persona,Regular,Cancún,México,valeriasantana@example.org,2020-03-31,49.0
C34785,Calderón-Saldivar S.A. de C.V.,Empresa,Corporativo,Chicago,Estados Unidos,castanedajavier@vargas.com,2023-03-18,48.0
C34786,Steven Ramsey,Anónimo,Anónimo,Nueva York,Estados Unidos,,2023-11-09,
C34787,Miriam Alejandra González Lozano,Persona,Friends Plus,Medellín,Colombia,pmartinez@example.com,2023-08-12,34.0
C34788,Yeny Marta González Quiroz,Persona,Regular,Cali,Colombia,esteveaura@example.com,2025-03-30,50.0
C34789,María Teresa Lemus Reynoso,Anónimo,Anónimo,Miami,Estados Unidos,,2023-02-02,
C34790,April Hawkins,Persona,Friends Plus,Guadalajara,México,luis96@example.com,2020-07-24,18.0
C34791,Paula Johana García,Persona,Regular,Valencia,España,lucianaplanas@example.com,2022-04-12,51.0
C34792,Tere Real Escribano,Persona,Regular,Cali,Colombia,casadomaite@example.com,2022-09-23,50.0
C34793,José Soto,Persona,Regular,Barcelona,España,santiagovalderrama@example.net,2023-12-18,49.0
C34794,Che Fortuny,Anónimo,Anónimo, Ciudad de México,México,,2021-12-24,
C34795,Milena Triana Vanegas,Persona,Regular,Medellin,Colombia,alicia95@example.org,2022-03-15,52.0
C34796,Zoraida Toledo Vega,Persona,Regular,San Francisco,Estados Unidos,quirinozabala@example.com,2024-02-20,62.0
C34797,Olalla Terrón Vallés,Persona,Regular,Córdoba,Argentina,qguitart@example.org,2024-08-01,43.0
C34798,Samantha Allen,Persona,Regular,San Francisco,Estados Unidos,zmunoz@example.org,2025-02-21,64.0
C34799,Ivonne Godoy Benavídez,Persona,Friends Plus,Austin,Estados Unidos,santiago90@example.org,2020-11-27,48.0
C34800,Melanie Bailey,Persona,Regular,Medellín,Colombia,luciaacosta@example.com,2024-05-19,35.0
C34801,Alondra Arana-Alberto,Persona,Regular, Cartagena,Colombia,qgarcia@example.com,2024-05-23,43.0
C34802,"Vera, Ortiz and Rodríguez",Empresa,Corporativo,Mendoza,Argentina,amparoleon@franco-reyes.com,2023-05-06,24.0
C34803,Quintero-Jiménez,Empresa,Corporativo,Sevilla,España,kalvarez@hall.com,2020-05-26,56.0
C34804,Ernesto Sanmiguel,Persona,Regular,Guadalajara,México,rperez@example.com,2021-05-26,56.0
C34805,Raymond LLC,Empresa,Corporativo,Guadalajara ,México,mateo63@osorio.com,2024-09-21,48.0
C34806,Ilse Urías,Persona,Regular,Rosario,Argentina,keithdiaz@example.net,2024-06-11,39.0
C34807,Sharon Foster,Persona,Regular,Barranquilla,Colombia,indiramontano@example.org,2022-01-03,52.0
C34808,Susan Williams,Persona,Friends Plus,Cali,Colombia,carlos48@example.net,2023-08-20,49.0
C34809,Enrique Andrés Medina Marín,Persona,Regular,Guadalajara,México,carlotavillasenor@example.net,2020-02-06,20.0
C34810,Cristhian Ángel Sandoval Herrera,Persona,Regular,Monterrey,México,david40@example.net,2021-03-04,24.0
C34811,Ángela Sonia Lozada,Persona,Regular,Boston,Estados Unidos,aelias@example.net,2024-08-26,22.0
C34812,Diana Ortiz Pérez,Persona,Regular,Boston,Estados Unidos,ruthescobar@example.com,2024-09-09,22.0
C34813,Joan Simmons,Persona,Friends Plus,Querétaro,México,adelinapenas@example.net,2023-10-27,26.0
C34814,Sr. José María Magaña,Persona,Regular,Mérida,México,badillomaria-luisa@example.com,2020-08-26,64.0
C34815,Gerardo Hurtado,Anónimo,Anónimo,Córdoba,Argentina,,2021-06-24,
C34816,Peggy Cooper,Persona,Regular,Rosario,Argentina,coelloquirino@example.org,2021-05-14,57.0
C34817,Megan Wells,Anónimo,Anónimo,Austin,Estados Unidos,,2024-05-04,
C34818,Travis Booker,Persona,Regular,Boston,Estados Unidos,polancogustavo@example.net,2021-01-05,21.0
C34819,Regalado-Aranda,Empresa,Corporativo,Medellín,Colombia,ocampoandres@acosta-arango.com,2020-04-20,27.0
C34820,David Jonathan Salazar Bustos,Persona,Regular,Chicago,Estados Unidos,pcavazos@example.org,2020-10-15,63.0
C34821,Catalina Claudia Sisneros Jaramillo,Persona,Regular,Cartagena,Colombia,urojas@example.org,2023-12-12,40.0
C34822,Sarah Mills,Persona,Regular,Ciudad de México,México,colleenjohnson@example.net,2024-09-20,56.0
C34823,Jay Moreno,Persona,Regular,Bogotá,Colombia,ruedaliliana@example.net,2023-12-19,20.0
C34824,Cristina Edilma Aguirre García,Persona,Regular,Córdoba,Argentina,richard45@example.com,2023-10-25,18.0
C34825,Pilar Soto,Persona,Regular,Cartagena,Colombia,fbadia@example.org,2022-09-11,38.0
C34826,Andrés Hoyos,Anónimo,Anónimo,Córdoba,Argentina,,2020-09-08,
C34827,Concha Quiroga España,Persona,Regular,Bilbao,España,amykelly@example.com,2023-02-24,32.0
C34828,Jeremy Clark,Persona,Regular,Cartagena,Colombia,trinidad15@example.org,2023-09-25,53.0
C34829,Águeda Donoso Solé,Persona,Regular,Rosario,Argentina,franciscasomoza@example.com,2023-08-22,26.0
C34830,Bartolomé Pérez Ferrero,Persona,Regular,Córdoba,Argentina,aurelioorellana@example.org,2023-11-27,23.0
C34831,Horacio Homero Murillo Blanco,Persona,Regular,Miami,Estados Unidos,jennifer69@example.com,2022-10-24,24.0
C34832,Florentina del Peláez,Persona,Friends Plus, Austin,Estados Unidos,wvelasco@example.com,2020-04-22,61.0
C34833,Alberto José Moreno Suárez,Anónimo,Anónimo,Barcelona,España,,2025-01-21,
C34834,Paola Isabel Castro,Persona,Regular,Valencia,España,lorena45@example.com,2022-04-25,64.0
C34835,Kim Wolfe,Anónimo,Anónimo,Guadalajara,México,,2024-11-02,
C34836,Eduardo Ortiz Arias,Anónimo,Anónimo,Buenos Aires,Argentina,,2024-03-19,
C34837,Sr. Pablo Montoya,Persona,Regular,Boston,Estados Unidos,ocamargo@example.com,2024-09-13,55.0
C34838,Karen Fernanda Méndez Guerrero,Persona,Regular,Nueva York,Estados Unidos,taniatoro@example.org,2020-01-19,32.0
C34839,Gomez-Dodson,Empresa,Corporativo,Cali,Colombia,judy73@bernard.com,2022-12-12,36.0
C34840,Lisa Stanley,Persona,Friends Plus,GUADALAJARA,México,lopezdaniela@example.org,2023-02-16,35.0
C34841,Gabriel Aldair Álvarez Bustos,Persona,Regular,VALENCIA,España,vegacornelio@example.net,2023-04-21,38.0
C34842,Andrés Vega,Persona,Regular,Miami,Estados Unidos,reesewayne@example.org,2024-01-14,19.0
C34843,Cándido Belmonte,Persona,Regular,San Francisco,Estados Unidos,wmiller@example.net,2024-10-30,33.0
C34844,Silvia Francisca Alfaro,Persona,Regular,Mendoza,Argentina,mrussell@example.org,2020-12-31,57.0
C34845,Esperanza Gómez,Persona,Regular, Guadalajara,México,fernandovasquez@example.com,2022-12-09,61.0
C34846,Ing. Israel Colón,Persona,Regular,Los Ángeles,Estados Unidos,uholmes@example.com,2025-02-21,24.0
C34847,Smith-Smith,Empresa,Corporativo,Los Ángeles,Estados Unidos,florenciobueno@dora.es,2021-12-15,61.0
C34848,Hernando Saura Hierro,Persona,Regular, Boston,Estados Unidos,mcfarlandjoseph@example.com,2023-12-26,21.0
C34849,Noa del Avilés,Persona,Regular,Bilbao,España,kaitlin25@example.net,2023-02-23,33.0
C34850,Ramón Abelardo Pelayo Casárez,Anónimo,Anónimo,Sevilla,España,,2022-06-13,
C34851,Paola Vergara,Anónimo,Anónimo,Mérida,México,,2022-01-18,
C34852,Marcela Gladys Ángel,Persona,Regular,Ciudad de México,México,velazquezmarcos@example.net,2022-07-04,55.0
C34853,Pascual & Asociados S.A.,Empresa,Corporativo,Medellín,Colombia,johanna65@murillo.com,2024-11-20,49.0
C34854,Olga Baró Miranda,Anónimo,Anónimo,Seattle,Estados Unidos,,2025-05-13,
C34855,Jaime Jaime Ángel Herrera,Persona,Regular,Los Ángeles,Estados Unidos,tlondono@example.com,2020-10-09,64.0
C34856,Ángela Agudelo,Persona,Friends Plus,Los Ángeles,Estados Unidos,marisolmontalvo@example.org,2021-03-15,58.0
C34857,Leonel Iván Collazo,Persona,Regular,Chicago,Estados Unidos,jessicavargas@example.net,2021-03-10,35.0
C34858,Robert Moore,Persona,Friends Plus,Córdoba,Argentina,antonioaraujo@example.org,2020-04-14,55.0
C34859,Jose Miguel de Colomer,Persona,Regular,Madrid,España,andrea12@example.com,2023-12-30,61.0
C34860,Bernabé Rosado,Persona,Regular,Ciudad de México,México,celso70@example.net,2024-12-07,57.0
C34861,Amado Galindo Ballesteros,Persona,Regular,Miami,Estados Unidos,mhart@example.com,2025-04-28,41.0
C34862,Flora Luz Millán,Anónimo,Anónimo,Miami,Estados Unidos,,2020-12-03,
C34863,Daniel Javier López,Persona,Friends Plus,Bogotá ,Colombia,miriam11@example.com,2021-09-12,63.0
C34864,Teresa Maxwell,Persona,Regular,Los Ángeles,Estados Unidos,herrerahelena@example.com,2023-09-30,54.0
C34865,Pilar Nancy Crespo Herrera,Persona,Regular,Cali,Colombia,asuncion00@example.org,2023-08-04,22.0
C34866,Ing. Micaela Jáquez,Persona,Regular,Chicago,Estados Unidos,avega@example.org,2022-06-27,41.0
C34867,José Mesa,Persona,Friends Plus,Monterrey,México,soledadvalentin@example.net,2021-12-02,59.0
C34868,Ilse Cantú Ballesteros,Persona,Regular,Valencia,España,jesusavelez@example.net,2023-07-29,35.0
C34869,Luz Martha Vásquez,Persona,Regular,Seattle,Estados Unidos,gillstacey@example.com,2020-02-10,23.0
C34870,Ann Wolf,Persona,Regular,Madrid,España,carlaportillo@example.org,2021-08-11,63.0
C34871,Ángela del Exposito,Persona,Regular, Monterrey,México,casalsbenita@example.net,2024-09-03,18.0
C34872,Marcela Piedad Castellanos,Persona,Regular,BARCELONA,España,guillerminacamacho@example.com,2023-01-14,23.0
C34873,Flor Jaume Reina,Anónimo,Anónimo,Nueva York,Estados Unidos,,2020-09-08,
C34874,Luz Viviana Molina Navarro,Persona,Regular,Cancún,México,smithjohn@example.net,2024-11-17,47.0
C34875,Liliana María Polo,Persona,Friends Plus,Querétaro,México,mmedina@example.net,2021-03-10,19.0
C34876,María Sánchez,Persona,Regular,Los Ángeles,Estados Unidos,mateo78@example.com,2020-05-31,35.0
C34877,Maricruz Llano,Anónimo,Anónimo,Buenos Aires,Argentina,,2021-08-20,
C34878,Marcela Raya Monroy,Persona,Regular,Barranquilla,Colombia,helena52@example.net,2020-07-29,31.0
C34879,Primitiva Sureda Alcolea,Persona,Regular, Sevilla,España,annoconnor@example.org,2020-11-23,40.0
C34880,Óscar Santiago López,Anónimo,Anónimo,Cartagena,Colombia,,2025-04-01,
C34881,Irma Marisela Jaramillo Jasso,Persona,Regular,Monterrey,México,ksharp@example.com,2022-04-15,19.0
C34882,Melania Cañizares,Persona,Regular,Bilbao,España,garciabertha@example.net,2024-04-24,31.0
C34883,Lina Marlene Rojas García,Persona,Regular,Medellín,Colombia,david23@example.com,2025-03-17,32.0
C34884,Fátima Sanz Bermudez,Persona,Regular,Mendoza,Argentina,leemargaret@example.net,2022-08-16,37.0
C34885,María Elena Paola Matos,Anónimo,Anónimo,Seattle,Estados Unidos,,2021-03-12,
C34886,Virginia Guajardo Quintanilla,Persona,Regular,Buenos Aires,Argentina,londonomartha@example.com,2021-10-19,45.0
C34887,Ruperta de Echevarría,Persona,Friends Plus,Nueva York,Estados Unidos,gamboajose-carlos@example.org,2025-03-02,32.0
C34888,Michael Cabrera,Anónimo,Anónimo,Chicago,Estados Unidos,,2021-11-26,
C34889,Pastor Villegas Marin,Persona,Regular,Cartagena,Colombia,tnarvaez@example.net,2023-08-08,50.0
C34890,Margarita Fabiola Serna,Persona,Regular,Los Ángeles,Estados Unidos,xcardenas@example.org,2023-07-12,42.0
C34891,Dario Jaime Patiño,Persona,Regular, Cali,Colombia,dpalacios@example.net,2023-04-10,33.0
C34892,Jorge Luis Elias Vergara,Persona,Regular,Cancún,México,estelavalentin@example.com,2023-05-16,58.0
C34893,Josué Horacio Casanova Dominguez,Persona,Regular,Miami,Estados Unidos,lospina@example.net,2024-12-28,60.0
C34894,Horacio Hugo Montoya,Persona,Regular,Querétaro,México,maria-luisa78@example.com,2022-02-12,39.0
C34895,Rafael Enrique López,Persona,Regular, Rosario,Argentina,marcelacalderon@example.com,2022-03-03,56.0
C34896,Mauro Luis Miguel Ocampo,Persona,Regular,Chicago,Estados Unidos,nicholevasquez@example.org,2025-05-22,49.0
C34897,Anastasio Peral,Persona,Friends Plus,Barcelona,España,jjones@example.net,2022-07-16,37.0
C34898,Andrés José Ospina,Persona,Friends Plus,San Francisco,Estados Unidos,almagromargarita@example.org,2024-01-15,24.0
C34899,Nichols-Ferguson,Empresa,Corporativo,Cartagena,Colombia,gperez@wagner.info,2023-06-05,37.0
C34900,Ana Estela Rodríguez Daza,Persona,Regular,Ciudad de México,México,stephenwells@example.org,2023-10-03,41.0
C34901,Maxi Rebollo Boada,Persona,Regular,Cali,Colombia,monroygloria@example.net,2022-03-01,41.0
C34902,Graciela Vásquez Bustamante,Persona,Regular,Mérida,México,zocampo@example.com,2024-12-26,59.0
C34903,Gustavo Navarro,Persona,Regular,Rosario,Argentina,bsoto@example.org,2024-12-19,50.0
C34904,Bethany Carroll,Persona,Regular, Madrid,España,rojasdario@example.net,2024-08-11,62.0
C34905,Dr. Horacio Serrano,Persona,Regular,Seattle,Estados Unidos,aguilorosalia@example.com,2024-02-08,59.0
C34906,Donna Hoffman,Persona,Regular,Guadalajara ,México,lbeltran@example.net,2024-05-05,41.0
C34907,Christine May,Persona,Regular,Miami ,Estados Unidos,oscar38@example.net,2024-09-08,23.0
C34908,Samu Belda Alarcón,Persona,Regular,Boston,Estados Unidos,lomeliaraceli@example.net,2023-04-15,59.0
C34909,Robert Williams,Persona,Regular,Los Ángeles,Estados Unidos,zsoto@example.net,2024-08-04,60.0
C34910,Luz Carvajal Aguilar,Persona,Regular,Barranquilla,Colombia,wleon@example.com,2020-01-02,19.0
C34911,David Dunlap,Anónimo,Anónimo,Seattle ,Estados Unidos,,2022-05-23,
C34912,Danielle Perez,Anónimo,Anónimo,Seattle,Estados Unidos,,2023-11-19,
C34913,Zachary Castro,Anónimo,Anónimo,Nueva York,Estados Unidos,,2024-04-05,
C34914,Luisa Quiroga García,Persona,Regular,CIUDAD DE MÉXICO,México,valenciaisrael@example.com,2024-07-18,42.0
C34915,Verónica Estela Aranda Bustamante,Persona,Regular,Nueva York,Estados Unidos,tovarmaria@example.net,2020-09-19,62.0
C34916,Jiménez-González,Empresa,Corporativo,Barranquilla,Colombia,manuel25@alimentacion.net,2024-03-13,41.0
C34917,Cortez-Gallegos,Empresa,Corporativo,Valencia,España,tgiralt@tellez.net,2022-05-13,49.0
C34918,"Club Lira, Durán y Pedroza",Empresa,Corporativo,Nueva York,Estados Unidos,vmedina@velasquez.org,2021-06-29,31.0
C34919,Cristian David Pinto Márquez,Persona,Regular,Buenos Aires,Argentina,alberomariano@example.org,2023-07-09,19.0
C34920,Paola Stella Mesa,Persona,Regular,Barcelona,España,ileanavalle@example.net,2021-02-12,30.0
C34921,Carl Davis,Persona,Regular,Austin,Estados Unidos,blanesjeronimo@example.net,2023-04-16,26.0
C34922,Espiridión Bou Bello,Anónimo,Anónimo,Seattle,Estados Unidos,,2024-09-10,
C34923,David Booth,Persona,Regular,Madrid,España,biancaalonzo@example.org,2020-02-02,26.0
C34924,Stella Gladys Romero Ortiz,Anónimo,Anónimo,Austin,Estados Unidos,,2021-12-12,
C34925,José Emilio Carranza Puente,Anónimo,Anónimo,Austin,Estados Unidos,,2024-11-12,
C34926,Blázquez y Rodrigo S.L.,Empresa,Corporativo,Chicago,Estados Unidos,zalarcon@mineria.es,2022-07-10,39.0
C34927,Torres-Prada,Empresa,Corporativo,Monterrey,México,jose-carloslemus@club.info,2025-01-08,31.0
C34928,Lic. Teresa Velasco,Persona,Regular,Medellín,Colombia,villarrealpaola@example.org,2021-10-03,30.0
C34929,Primitivo Jimenez Estevez,Persona,Regular,Bilbao,España,williamsgary@example.org,2021-04-12,26.0
C34930,Ezequiel Salamanca Figuerola,Persona,Regular,Cali,Colombia,andrew42@example.org,2022-07-08,41.0
C34931,Herminia Jordá Morán,Persona,Regular,Miami,Estados Unidos,samuel30@example.org,2020-01-26,51.0
C34932,Brandon Mays Jr.,Persona,Friends Plus,Chicago,Estados Unidos,amelendez@example.net,2023-05-16,31.0
C34933,Marta Giraldo,Persona,Friends Plus,Valencia,España,rociovargas@example.org,2022-08-23,37.0
C34934,Nadia Ayala Gracia,Persona,Regular,Guadalajara,México,sarah45@example.org,2023-04-29,42.0
C34935,Grupo Tafoya y Hernádez,Empresa,Corporativo,Mendoza,Argentina,amelia68@corporacin.com,2023-06-29,42.0
C34936,Teresa Wendolin Concepción Calvillo,Persona,Regular,Miami,Estados Unidos,paolasacristan@example.com,2024-09-09,37.0
C34937,Esperanza Patricia Mesa,Persona,Regular,Miami,Estados Unidos,magdalena94@example.net,2023-12-12,41.0
C34938,Eric Moreno Serna,Persona,Regular,NUEVA YORK,Estados Unidos,karoca@example.org,2024-12-03,44.0
C34939,Diana Casares,Persona,Regular,Nueva York,Estados Unidos,gonzalezjohn@example.com,2024-05-15,51.0
C34940,Ing. Ivonne Peña,Persona,Regular,Miami,Estados Unidos,dayanabermudez@example.org,2025-04-19,59.0
C34941,Scott Collins,Persona,Regular,Mérida,México,kathrynmartin@example.net,2020-08-23,18.0
C34942,Robert Carter,Persona,Regular,Cartagena,Colombia,gosborn@example.net,2021-06-11,35.0
C34943,Eloisa Gómez,Persona,Regular,San Francisco,Estados Unidos,carmen74@example.com,2020-12-29,48.0
C34944,Raquel Hurtado,Persona,Friends Plus,Sevilla,España,gcook@example.com,2023-08-02,41.0
C34945,Liceth María Mendoza Molano,Persona,Regular,Madrid,España,luchocasares@example.org,2024-10-04,63.0
C34946,Jimena Londoño Toro,Persona,Regular,AUSTIN,Estados Unidos,lunacalvet@example.net,2024-01-04,54.0
C34947,Marianela Romeu-Vilaplana,Persona,Friends Plus,Medellín,Colombia,gmclaughlin@example.com,2020-05-11,38.0
C34948,"Silva, Rivas and García",Empresa,Corporativo,Bogotá,Colombia,rcruz@hughes.com,2020-07-27,43.0
C34949,María Giraldo,Persona,Regular,Querétaro,México,mendezmauricio@example.net,2021-05-16,41.0
C34950,Alejandro Eugenio Archuleta,Persona,Regular,Ciudad de México,México,acostanatividad@example.org,2021-10-12,19.0
C34951,Jairo José Ruiz Gallego,Anónimo,Anónimo,Bogotá,Colombia,,2023-07-19,
C34952,"Fajardo, Hernádez y Pelayo",Empresa,Corporativo,Austin,Estados Unidos,luzarboleda@caceres.com,2022-04-27,47.0
C34953,Santiago Carlos Castaño,Persona,Friends Plus,Austin,Estados Unidos,mireyagonzalez@example.org,2022-03-18,21.0
C34954,Amador Sandoval Padilla,Persona,Regular,Medellín,Colombia,german22@example.net,2024-11-16,18.0
C34955,William Pittman,Persona,Regular,Cartagena,Colombia,qcarvajal@example.net,2021-05-20,53.0
C34956,Raquel Amalia Magaña Bernal,Persona,Regular,Boston,Estados Unidos,cruzsharon@example.com,2022-07-04,22.0
C34957,Ryan Daniel,Persona,Regular,Cancún,México,lucasfoster@example.org,2021-02-27,53.0
C34958,Hilda Huguet Morera,Persona,Regular,Mendoza,Argentina,najeraeduardo@example.net,2024-10-15,39.0
C34959,Jorge Martín Valencia,Persona,Friends Plus,Miami,Estados Unidos,susangarcia@example.com,2020-07-29,47.0
C34960,Andrea Gay,Persona,Regular,Austin,Estados Unidos,noahlong@example.net,2020-10-10,38.0
C34961,Tamara Domínguez Pi,Persona,Friends Plus,Monterrey,México,kgonzalez@example.net,2020-05-20,46.0
C34962,Shannon Richardson,Persona,Regular,Córdoba,Argentina,yolandamarquez@example.org,2025-03-11,22.0
C34963,Eliana Ochoa Grau,Persona,Regular,Barcelona,España,fuentesjessica@example.com,2023-07-08,36.0
C34964,Héctor Velasco Medina,Persona,Regular,Monterrey,México,amosquera@example.net,2021-08-23,63.0
C34965,Tania Balderas Miramontes,Anónimo,Anónimo,Seattle,Estados Unidos,,2020-11-05,
C34966,Ramona Verdugo,Persona,Friends Plus,Cancún,México,ygil@example.com,2021-10-14,63.0
C34967,Coral Tovar Crespo,Anónimo,Anónimo,Madrid,España,,2020-09-06,
C34968,Ceferino Alcázar Rodrigo,Persona,Friends Plus,Córdoba,Argentina,margaritacerezo@example.com,2020-03-03,18.0
C34969,Nicolás Toledo Sisneros,Anónimo,Anónimo,Mendoza,Argentina,,2021-10-30,
C34970,Lola Garmendia Aguilera,Persona,Regular,Ciudad de México,México,feliciadominguez@example.com,2021-02-14,27.0
C34971,Dennis Griffin,Persona,Friends Plus,Ciudad de México,México,cesar23@example.com,2021-05-01,31.0
C34972,April Campbell,Persona,Friends Plus,Córdoba,Argentina,villalbapancho@example.org,2020-07-17,52.0
C34973,Fabián Ayala,Persona,Friends Plus,Barranquilla,Colombia,aluevano@example.org,2024-11-01,60.0
C34974,Manuel Marín,Persona,Regular,Sevilla,España,carolyn65@example.net,2020-10-28,44.0
C34975,Rolando Jaime Trujillo,Persona,Regular,Madrid ,España,hermelindajaimes@example.net,2021-03-30,36.0
C34976,"Serrano, Esquivel y Núñez",Empresa,Corporativo,Valencia,España,nancycross@mccoy-maynard.com,2022-09-29,28.0
C34977,Rufino Verdú Baena,Persona,Regular,BOGOTÁ,Colombia,lgonzalez@example.com,2021-09-18,39.0
C34978,Karen Collier,Anónimo,Anónimo,Mérida,México,,2025-01-26,
C34979,Margarita Alcántar,Persona,Regular,San Francisco,Estados Unidos,lilia17@example.com,2023-03-09,55.0
C34980,Silvano Salvador Montes,Anónimo,Anónimo,Rosario,Argentina,,2025-02-13,
C34981,Santos Felipe Fernández,Persona,Regular,Bogotá,Colombia,mechevarria@example.net,2021-01-30,50.0
C34982,Supermercados HYI S.A.,Empresa,Corporativo,Seattle ,Estados Unidos,utello@proyectos.com,2023-01-15,33.0
C34983,Germán Alcaraz,Persona,Regular,Querétaro,México,nancy00@example.com,2022-03-02,42.0
C34984,Alba Agustí Granados,Persona,Regular,Bogotá ,Colombia,jimenezjohn@example.com,2022-12-11,58.0
C34985,Jorge Óscar Sánchez,Anónimo,Anónimo,Medellín,Colombia,,2024-01-02,
C34986,Rosalba Ana Ortiz,Persona,Regular,Chicago,Estados Unidos,shannon71@example.org,2020-10-13,19.0
C34987,Christina Soto,Persona,Friends Plus,Cali,Colombia,nicholasmorgan@example.net,2022-05-07,52.0
C34988,Darío Calvet Cano,Persona,Regular,Miami,Estados Unidos,rojasrodolfo@example.net,2022-10-28,22.0
C34989,Luis Antonio López Bautista,Persona,Regular,Chicago,Estados Unidos,fidel53@example.com,2020-09-15,43.0
C34990,Samuel Howard,Persona,Regular,Córdoba,Argentina,yeisoncifuentes@example.com,2022-12-25,31.0
C34991,Aurelio Roselló,Persona,Regular,Sevilla,España,socorrovalenzuela@example.org,2020-05-09,45.0
C34992,Inés González Rodríguez,Persona,Regular, Austin,Estados Unidos,vladimir81@example.net,2023-12-27,46.0
C34993,Terri Murphy,Persona,Regular,Austin,Estados Unidos,melisaroda@example.net,2021-05-04,60.0
C34994,Visitación Sanz,Persona,Regular,Nueva York,Estados Unidos,medinagabriela@example.net,2022-04-09,46.0
C34995,Eric Nelson,Persona,Regular,Cancún,México,marisol15@example.org,2024-02-13,27.0
C34996,Nicole Burns,Persona,Regular,Cali,Colombia,pacifica60@example.org,2023-02-28,59.0
C34997,Lucía Rebeca Zapata Ayala,Persona,Regular, Querétaro,México,rafael69@example.net,2022-05-06,60.0
C34998,Ernesto Véliz Espino,Persona,Friends Plus, Sevilla,España,veronicasomoza@example.org,2021-02-21,57.0
C34999,Sra. Noemí Loya,Anónimo,Anónimo,Los Ángeles,Estados Unidos,,2020-01-06,
